vehicle_id,title,description,availability,state_of_vehicle,condition,price,url,image[0].url,image[1].url,make,model,year,mileage.value,mileage.unit,fuel_type,transmission,body_style,address.addr1,address.city,address.region,address.postal_code,address.country,latitude,longitude
1,RAM 1500 5.7 DC 4X4 LARAMIE AT L13,RAM 1500 5.7 DC 4X4 LARAMIE AT L13,AVAILABLE,USED,OTHER,50000 USD,https://caradvice.com.ar/autos/1,https://api-caradvice.duckdns.org/api/image?path=%2Fopt%2Fcaradvice-media%2Fimages%2Fautos%2F1%2F1745528969893.2a850e23-2bb8-4ce8-92d6-c17839426d51.JPG,"https://api-caradvice.duckdns.org/api/image?path=%2Fopt%2Fcaradvice-media%2Fimages%2Fautos%2F1%2F1745528970007.403acd7c-f361-4b15-8a24-fa7fe7267c43.JPG,https://api-caradvice.duckdns.org/api/image?path=%2Fopt%2Fcaradvice-media%2Fimages%2Fautos%2F1%2F1745528970071.4245db8e-2020-4f64-9657-995fda3917f1.JPG,https://api-caradvice.duckdns.org/api/image?path=%2Fopt%2Fcaradvice-media%2Fimages%2Fautos%2F1%2F1745528970137.48679606-1fd4-4785-9730-3e227e82dd22.JPG,https://api-caradvice.duckdns.org/api/image?path=%2Fopt%2Fcaradvice-media%2Fimages%2Fautos%2F1%2F1745528970202.b290851b-a1ae-412d-b88e-6383ad5c8802.JPG,https://api-caradvice.duckdns.org/api/image?path=%2Fopt%2Fcaradvice-media%2Fimages%2Fautos%2F1%2F1745528970253.1c27bf95-2709-4e09-bc87-2a8490fcd2a0.JPG,https://api-caradvice.duckdns.org/api/image?path=%2Fopt%2Fcaradvice-media%2Fimages%2Fautos%2F1%2F1745528970323.1cd7673e-50c7-4f92-a293-42d7ba5eaf42.JPG,https://api-caradvice.duckdns.org/api/image?path=%2Fopt%2Fcaradvice-media%2Fimages%2Fautos%2F1%2F1745528970367.796b6705-16cc-4baa-99e2-65c4df84e812.JPG,https://api-caradvice.duckdns.org/api/image?path=%2Fopt%2Fcaradvice-media%2Fimages%2Fautos%2F1%2F1745528970442.2195f1e7-205c-4147-9635-e3e3ca8e3ddd.JPG,https://api-caradvice.duckdns.org/api/image?path=%2Fopt%2Fcaradvice-media%2Fimages%2Fautos%2F1%2F1745528970512.72689fc4-c6df-4665-ad9c-a9e8fabae645.JPG,https://api-caradvice.duckdns.org/api/image?path=%2Fopt%2Fcaradvice-media%2Fimages%2Fautos%2F1%2F1745528970591.30310640-f3d8-4e18-9dbb-4b373d2eac6c.JPG",RAM,1500,2020,80000,KM,GASOLINE,AUTOMATIC,PICKUP,Octavio Pinto 3024,Cordoba,Cordoba,5000,AR,-31.4167,-64.1833
2,FIAT CRONOS 1.3 GSE DRIVE L23,FIAT CRONOS 1.3 GSE DRIVE L23,AVAILABLE,USED,OTHER,24000000 ARS,https://caradvice.com.ar/autos/2,https://api-caradvice.duckdns.org/api/image?path=%2Fopt%2Fcaradvice-media%2Fimages%2Fautos%2F2%2F1765983664956.IMG-20251217-WA0097.jpg,"https://api-caradvice.duckdns.org/api/image?path=%2Fopt%2Fcaradvice-media%2Fimages%2Fautos%2F2%2F1765983665121.IMG-20251217-WA0100.jpg,https://api-caradvice.duckdns.org/api/image?path=%2Fopt%2Fcaradvice-media%2Fimages%2Fautos%2F2%2F1765983665234.IMG-20251217-WA0096.jpg,https://api-caradvice.duckdns.org/api/image?path=%2Fopt%2Fcaradvice-media%2Fimages%2Fautos%2F2%2F1765983665447.IMG-20251217-WA0103.jpg,https://api-caradvice.duckdns.org/api/image?path=%2Fopt%2Fcaradvice-media%2Fimages%2Fautos%2F2%2F1765983665727.IMG-20251217-WA0095.jpg,https://api-caradvice.duckdns.org/api/image?path=%2Fopt%2Fcaradvice-media%2Fimages%2Fautos%2F2%2F1765983665987.IMG-20251217-WA0098.jpg,https://api-caradvice.duckdns.org/api/image?path=%2Fopt%2Fcaradvice-media%2Fimages%2Fautos%2F2%2F1765983666151.IMG-20251217-WA0104.jpg,https://api-caradvice.duckdns.org/api/image?path=%2Fopt%2Fcaradvice-media%2Fimages%2Fautos%2F2%2F1765983666231.IMG-20251217-WA0099.jpg,https://api-caradvice.duckdns.org/api/image?path=%2Fopt%2Fcaradvice-media%2Fimages%2Fautos%2F2%2F1765983666372.IMG-20251217-WA0101.jpg,https://api-caradvice.duckdns.org/api/image?path=%2Fopt%2Fcaradvice-media%2Fimages%2Fautos%2F2%2F1765983666559.IMG-20251217-WA0106.jpg,https://api-caradvice.duckdns.org/api/image?path=%2Fopt%2Fcaradvice-media%2Fimages%2Fautos%2F2%2F1765983666739.IMG-20251217-WA0102.jpg",FIAT,CRONOS,2022,61000,KM,GASOLINE,MANUAL,SEDAN,Octavio Pinto 3024,Cordoba,Cordoba,5000,AR,-31.4167,-64.1833
3,VOLKSWAGEN POLO 1.6 HIGHLINE TIPTRONIC 5P,VOLKSWAGEN POLO 1.6 HIGHLINE TIPTRONIC 5P,AVAILABLE,USED,OTHER,28000000 ARS,https://caradvice.com.ar/autos/3,https://api-caradvice.duckdns.org/api/image?path=%2Fopt%2Fcaradvice-media%2Fimages%2Fautos%2F3%2F1764772846115.IMG-20251203-WA0181.jpg,"https://api-caradvice.duckdns.org/api/image?path=%2Fopt%2Fcaradvice-media%2Fimages%2Fautos%2F3%2F1764772846152.IMG-20251203-WA0186.jpg,https://api-caradvice.duckdns.org/api/image?path=%2Fopt%2Fcaradvice-media%2Fimages%2Fautos%2F3%2F1764772846240.IMG-20251203-WA0179.jpg,https://api-caradvice.duckdns.org/api/image?path=%2Fopt%2Fcaradvice-media%2Fimages%2Fautos%2F3%2F1764772846298.IMG-20251203-WA0184.jpg,https://api-caradvice.duckdns.org/api/image?path=%2Fopt%2Fcaradvice-media%2Fimages%2Fautos%2F3%2F1764772846357.IMG-20251203-WA0180.jpg,https://api-caradvice.duckdns.org/api/image?path=%2Fopt%2Fcaradvice-media%2Fimages%2Fautos%2F3%2F1764772846682.IMG-20251203-WA0182.jpg,https://api-caradvice.duckdns.org/api/image?path=%2Fopt%2Fcaradvice-media%2Fimages%2Fautos%2F3%2F1764772846810.IMG-20251203-WA0183.jpg,https://api-caradvice.duckdns.org/api/image?path=%2Fopt%2Fcaradvice-media%2Fimages%2Fautos%2F3%2F1764772846895.IMG-20251203-WA0185.jpg,https://api-caradvice.duckdns.org/api/image?path=%2Fopt%2Fcaradvice-media%2Fimages%2Fautos%2F3%2F1764772846975.IMG-20251203-WA0187.jpg,https://api-caradvice.duckdns.org/api/image?path=%2Fopt%2Fcaradvice-media%2Fimages%2Fautos%2F3%2F1764772847016.IMG-20251203-WA0188.jpg,https://api-caradvice.duckdns.org/api/image?path=%2Fopt%2Fcaradvice-media%2Fimages%2Fautos%2F3%2F1764772847132.IMG-20251203-WA0189.jpg",VOLKSWAGEN,POLO,2021,82000,KM,GASOLINE,AUTOMATIC,HATCHBACK,Octavio Pinto 3024,Cordoba,Cordoba,5000,AR,-31.4167,-64.1833
4,NISSAN KICKS 1.6 EXCLUSIVE CVT L17,NISSAN KICKS 1.6 EXCLUSIVE CVT L17,AVAILABLE,USED,OTHER,26000000 ARS,https://caradvice.com.ar/autos/4,https://api-caradvice.duckdns.org/api/image?path=%2Fopt%2Fcaradvice-media%2Fimages%2Fautos%2F4%2F1761337375863.IMG-20251024-WA0150.jpg,"https://api-caradvice.duckdns.org/api/image?path=%2Fopt%2Fcaradvice-media%2Fimages%2Fautos%2F4%2F1761337375971.IMG-20251024-WA0151.jpg,https://api-caradvice.duckdns.org/api/image?path=%2Fopt%2Fcaradvice-media%2Fimages%2Fautos%2F4%2F1761337376029.IMG-20251024-WA0146.jpg,https://api-caradvice.duckdns.org/api/image?path=%2Fopt%2Fcaradvice-media%2Fimages%2Fautos%2F4%2F1761337376075.IMG-20251024-WA0147.jpg,https://api-caradvice.duckdns.org/api/image?path=%2Fopt%2Fcaradvice-media%2Fimages%2Fautos%2F4%2F1761337376126.IMG-20251024-WA0148.jpg,https://api-caradvice.duckdns.org/api/image?path=%2Fopt%2Fcaradvice-media%2Fimages%2Fautos%2F4%2F1761337376288.IMG-20251024-WA0149.jpg,https://api-caradvice.duckdns.org/api/image?path=%2Fopt%2Fcaradvice-media%2Fimages%2Fautos%2F4%2F1761337376345.IMG-20251024-WA0152.jpg,https://api-caradvice.duckdns.org/api/image?path=%2Fopt%2Fcaradvice-media%2Fimages%2Fautos%2F4%2F1761337376410.IMG-20251024-WA0153.jpg,https://api-caradvice.duckdns.org/api/image?path=%2Fopt%2Fcaradvice-media%2Fimages%2Fautos%2F4%2F1761337376471.IMG-20251024-WA0154.jpg,https://api-caradvice.duckdns.org/api/image?path=%2Fopt%2Fcaradvice-media%2Fimages%2Fautos%2F4%2F1761337376590.IMG-20251024-WA0155.jpg,https://api-caradvice.duckdns.org/api/image?path=%2Fopt%2Fcaradvice-media%2Fimages%2Fautos%2F4%2F1761337376626.IMG-20251024-WA0156.jpg",NISSAN,KICKS,2018,125400,KM,GASOLINE,AUTOMATIC,SUV,Octavio Pinto 3024,Cordoba,Cordoba,5000,AR,-31.4167,-64.1833
5,TOYOTA COROLLA 1.8 XLI L17,TOYOTA COROLLA 1.8 XLI L17,AVAILABLE,USED,OTHER,25500000 ARS,https://caradvice.com.ar/autos/5,https://api-caradvice.duckdns.org/api/image?path=%2Fopt%2Fcaradvice-media%2Fimages%2Fautos%2F5%2F1764086493353.IMG-20251125-WA0296.jpg,"https://api-caradvice.duckdns.org/api/image?path=%2Fopt%2Fcaradvice-media%2Fimages%2Fautos%2F5%2F1764086494003.IMG-20251125-WA0298.jpg,https://api-caradvice.duckdns.org/api/image?path=%2Fopt%2Fcaradvice-media%2Fimages%2Fautos%2F5%2F1764086494316.IMG-20251125-WA0294.jpg,https://api-caradvice.duckdns.org/api/image?path=%2Fopt%2Fcaradvice-media%2Fimages%2Fautos%2F5%2F1764086494498.IMG-20251125-WA0299.jpg,https://api-caradvice.duckdns.org/api/image?path=%2Fopt%2Fcaradvice-media%2Fimages%2Fautos%2F5%2F1764086494695.IMG-20251125-WA0295.jpg,https://api-caradvice.duckdns.org/api/image?path=%2Fopt%2Fcaradvice-media%2Fimages%2Fautos%2F5%2F1764086494876.IMG-20251125-WA0297.jpg,https://api-caradvice.duckdns.org/api/image?path=%2Fopt%2Fcaradvice-media%2Fimages%2Fautos%2F5%2F1764086495062.IMG-20251125-WA0300.jpg,https://api-caradvice.duckdns.org/api/image?path=%2Fopt%2Fcaradvice-media%2Fimages%2Fautos%2F5%2F1764086495166.IMG-20251125-WA0301.jpg,https://api-caradvice.duckdns.org/api/image?path=%2Fopt%2Fcaradvice-media%2Fimages%2Fautos%2F5%2F1764086495235.IMG-20251125-WA0302.jpg,https://api-caradvice.duckdns.org/api/image?path=%2Fopt%2Fcaradvice-media%2Fimages%2Fautos%2F5%2F1764086495433.IMG-20251125-WA0303.jpg,https://api-caradvice.duckdns.org/api/image?path=%2Fopt%2Fcaradvice-media%2Fimages%2Fautos%2F5%2F1764086495558.IMG-20251125-WA0304.jpg",TOYOTA,COROLLA,2018,138500,KM,GASOLINE,MANUAL,SEDAN,Octavio Pinto 3024,Cordoba,Cordoba,5000,AR,-31.4167,-64.1833
7,TOYOTA SW4 TDI SRX AT L16,TOYOTA SW4 TDI SRX AT L16,AVAILABLE,USED,OTHER,39500 USD,https://caradvice.com.ar/autos/7,https://api-caradvice.duckdns.org/api/image?path=%2Fopt%2Fcaradvice-media%2Fimages%2Fautos%2F7%2F1761943731288.IMG-20251031-WA0380.jpg,"https://api-caradvice.duckdns.org/api/image?path=%2Fopt%2Fcaradvice-media%2Fimages%2Fautos%2F7%2F1761943731350.IMG-20251031-WA0382.jpg,https://api-caradvice.duckdns.org/api/image?path=%2Fopt%2Fcaradvice-media%2Fimages%2Fautos%2F7%2F1761943731374.IMG-20251031-WA0381.jpg,https://api-caradvice.duckdns.org/api/image?path=%2Fopt%2Fcaradvice-media%2Fimages%2Fautos%2F7%2F1761943731418.IMG-20251031-WA0384.jpg,https://api-caradvice.duckdns.org/api/image?path=%2Fopt%2Fcaradvice-media%2Fimages%2Fautos%2F7%2F1761943731528.IMG-20251031-WA0379.jpg,https://api-caradvice.duckdns.org/api/image?path=%2Fopt%2Fcaradvice-media%2Fimages%2Fautos%2F7%2F1761943731563.IMG-20251031-WA0383.jpg,https://api-caradvice.duckdns.org/api/image?path=%2Fopt%2Fcaradvice-media%2Fimages%2Fautos%2F7%2F1761943731615.IMG-20251031-WA0385.jpg,https://api-caradvice.duckdns.org/api/image?path=%2Fopt%2Fcaradvice-media%2Fimages%2Fautos%2F7%2F1761943731693.IMG-20251031-WA0386.jpg,https://api-caradvice.duckdns.org/api/image?path=%2Fopt%2Fcaradvice-media%2Fimages%2Fautos%2F7%2F1761943731753.IMG-20251031-WA0387.jpg,https://api-caradvice.duckdns.org/api/image?path=%2Fopt%2Fcaradvice-media%2Fimages%2Fautos%2F7%2F1761943731796.IMG-20251031-WA0388.jpg,https://api-caradvice.duckdns.org/api/image?path=%2Fopt%2Fcaradvice-media%2Fimages%2Fautos%2F7%2F1761943731881.IMG-20251031-WA0389.jpg",TOYOTA,SW4,2018,173800,KM,DIESEL,AUTOMATIC,SUV,Octavio Pinto 3024,Cordoba,Cordoba,5000,AR,-31.4167,-64.1833
8,FIAT CRONOS 1.3 DRIVE L18,FIAT CRONOS 1.3 DRIVE L18,AVAILABLE,USED,OTHER,22000000 ARS,https://caradvice.com.ar/autos/8,https://api-caradvice.duckdns.org/api/image?path=%2Fopt%2Fcaradvice-media%2Fimages%2Fautos%2F8%2F1758120101850.IMG-20250917-WA0100.jpg,"https://api-caradvice.duckdns.org/api/image?path=%2Fopt%2Fcaradvice-media%2Fimages%2Fautos%2F8%2F1758120101864.IMG-20250917-WA0104.jpg,https://api-caradvice.duckdns.org/api/image?path=%2Fopt%2Fcaradvice-media%2Fimages%2Fautos%2F8%2F1758120101870.IMG-20250917-WA0098.jpg,https://api-caradvice.duckdns.org/api/image?path=%2Fopt%2Fcaradvice-media%2Fimages%2Fautos%2F8%2F1758120101982.IMG-20250917-WA0103.jpg,https://api-caradvice.duckdns.org/api/image?path=%2Fopt%2Fcaradvice-media%2Fimages%2Fautos%2F8%2F1758120102055.IMG-20250917-WA0099.jpg,https://api-caradvice.duckdns.org/api/image?path=%2Fopt%2Fcaradvice-media%2Fimages%2Fautos%2F8%2F1758120102100.IMG-20250917-WA0101.jpg,https://api-caradvice.duckdns.org/api/image?path=%2Fopt%2Fcaradvice-media%2Fimages%2Fautos%2F8%2F1758120102244.IMG-20250917-WA0102.jpg,https://api-caradvice.duckdns.org/api/image?path=%2Fopt%2Fcaradvice-media%2Fimages%2Fautos%2F8%2F1758120102306.IMG-20250917-WA0105.jpg,https://api-caradvice.duckdns.org/api/image?path=%2Fopt%2Fcaradvice-media%2Fimages%2Fautos%2F8%2F1758120102336.IMG-20250917-WA0106.jpg,https://api-caradvice.duckdns.org/api/image?path=%2Fopt%2Fcaradvice-media%2Fimages%2Fautos%2F8%2F1758120102385.IMG-20250917-WA0107.jpg,https://api-caradvice.duckdns.org/api/image?path=%2Fopt%2Fcaradvice-media%2Fimages%2Fautos%2F8%2F1758120102408.IMG-20250917-WA0108.jpg",FIAT,CRONOS,2021,79300,KM,GASOLINE,MANUAL,SEDAN,Octavio Pinto 3024,Cordoba,Cordoba,5000,AR,-31.4167,-64.1833
9,TOYOTA LAND CRUISER 4.5 D4-D 200 VX AT,TOYOTA LAND CRUISER 4.5 D4-D 200 VX AT,AVAILABLE,USED,OTHER,75500 USD,https://caradvice.com.ar/autos/9,https://api-caradvice.duckdns.org/api/image?path=%2Fopt%2Fcaradvice-media%2Fimages%2Fautos%2F9%2F1767034736566.WhatsApp%20Image%202025-12-29%20at%2015.48.16%20(1).jpeg,"https://api-caradvice.duckdns.org/api/image?path=%2Fopt%2Fcaradvice-media%2Fimages%2Fautos%2F9%2F1767034736673.WhatsApp%20Image%202025-12-29%20at%2015.48.17%20(1).jpeg,https://api-caradvice.duckdns.org/api/image?path=%2Fopt%2Fcaradvice-media%2Fimages%2Fautos%2F9%2F1767034737026.WhatsApp%20Image%202025-12-29%20at%2015.48.16.jpeg,https://api-caradvice.duckdns.org/api/image?path=%2Fopt%2Fcaradvice-media%2Fimages%2Fautos%2F9%2F1767034737149.WhatsApp%20Image%202025-12-29%20at%2015.48.17.jpeg,https://api-caradvice.duckdns.org/api/image?path=%2Fopt%2Fcaradvice-media%2Fimages%2Fautos%2F9%2F1767034737250.WhatsApp%20Image%202025-12-29%20at%2015.48.15.jpeg,https://api-caradvice.duckdns.org/api/image?path=%2Fopt%2Fcaradvice-media%2Fimages%2Fautos%2F9%2F1767034737350.WhatsApp%20Image%202025-12-29%20at%2015.48.18.jpeg,https://api-caradvice.duckdns.org/api/image?path=%2Fopt%2Fcaradvice-media%2Fimages%2Fautos%2F9%2F1767034737448.WhatsApp%20Image%202025-12-29%20at%2015.48.18%20(1).jpeg,https://api-caradvice.duckdns.org/api/image?path=%2Fopt%2Fcaradvice-media%2Fimages%2Fautos%2F9%2F1767034737575.WhatsApp%20Image%202025-12-29%20at%2015.48.19%20(1).jpeg,https://api-caradvice.duckdns.org/api/image?path=%2Fopt%2Fcaradvice-media%2Fimages%2Fautos%2F9%2F1767034737740.WhatsApp%20Image%202025-12-29%20at%2015.48.19.jpeg,https://api-caradvice.duckdns.org/api/image?path=%2Fopt%2Fcaradvice-media%2Fimages%2Fautos%2F9%2F1767034737835.WhatsApp%20Image%202025-12-29%20at%2015.48.20%20(1).jpeg,https://api-caradvice.duckdns.org/api/image?path=%2Fopt%2Fcaradvice-media%2Fimages%2Fautos%2F9%2F1767034737947.WhatsApp%20Image%202025-12-29%20at%2015.48.20.jpeg",TOYOTA,LAND CRUISER,2013,161500,KM,DIESEL,AUTOMATIC,SUV,Octavio Pinto 3024,Cordoba,Cordoba,5000,AR,-31.4167,-64.1833
12,JEEP COMPASS 2.4 LONGITUDE AT9 OE L17,JEEP COMPASS 2.4 LONGITUDE AT9 OE L17,AVAILABLE,USED,OTHER,37000000 ARS,https://caradvice.com.ar/autos/12,https://api-caradvice.duckdns.org/api/image?path=%2Fopt%2Fcaradvice-media%2Fimages%2Fautos%2F12%2F1764098280680.IMG-20251125-WA0438.jpg,"https://api-caradvice.duckdns.org/api/image?path=%2Fopt%2Fcaradvice-media%2Fimages%2Fautos%2F12%2F1764098280825.IMG-20251125-WA0445.jpg,https://api-caradvice.duckdns.org/api/image?path=%2Fopt%2Fcaradvice-media%2Fimages%2Fautos%2F12%2F1764098280858.IMG-20251125-WA0437.jpg,https://api-caradvice.duckdns.org/api/image?path=%2Fopt%2Fcaradvice-media%2Fimages%2Fautos%2F12%2F1764098280917.IMG-20251125-WA0440.jpg,https://api-caradvice.duckdns.org/api/image?path=%2Fopt%2Fcaradvice-media%2Fimages%2Fautos%2F12%2F1764098280996.IMG-20251125-WA0439.jpg,https://api-caradvice.duckdns.org/api/image?path=%2Fopt%2Fcaradvice-media%2Fimages%2Fautos%2F12%2F1764098281067.IMG-20251125-WA0441.jpg,https://api-caradvice.duckdns.org/api/image?path=%2Fopt%2Fcaradvice-media%2Fimages%2Fautos%2F12%2F1764098281156.IMG-20251125-WA0442.jpg,https://api-caradvice.duckdns.org/api/image?path=%2Fopt%2Fcaradvice-media%2Fimages%2Fautos%2F12%2F1764098281242.IMG-20251125-WA0443.jpg,https://api-caradvice.duckdns.org/api/image?path=%2Fopt%2Fcaradvice-media%2Fimages%2Fautos%2F12%2F1764098281315.IMG-20251125-WA0444.jpg,https://api-caradvice.duckdns.org/api/image?path=%2Fopt%2Fcaradvice-media%2Fimages%2Fautos%2F12%2F1764098281365.IMG-20251125-WA0446.jpg,https://api-caradvice.duckdns.org/api/image?path=%2Fopt%2Fcaradvice-media%2Fimages%2Fautos%2F12%2F1764098281506.IMG-20251125-WA0447.jpg",JEEP,COMPASS,2019,86000,KM,GASOLINE,AUTOMATIC,SUV,Octavio Pinto 3024,Cordoba,Cordoba,5000,AR,-31.4167,-64.1833
13,TOYOTA HILUX 2.4 TDI 4X2 DC DX L16,TOYOTA HILUX 2.4 TDI 4X2 DC DX L16,AVAILABLE,USED,OTHER,33500000 ARS,https://caradvice.com.ar/autos/13,https://api-caradvice.duckdns.org/api/image?path=%2Fopt%2Fcaradvice-media%2Fimages%2Fautos%2F13%2F1765986794453.IMG-20251217-WA0209.jpg,"https://api-caradvice.duckdns.org/api/image?path=%2Fopt%2Fcaradvice-media%2Fimages%2Fautos%2F13%2F1765986794600.IMG-20251217-WA0213.jpg,https://api-caradvice.duckdns.org/api/image?path=%2Fopt%2Fcaradvice-media%2Fimages%2Fautos%2F13%2F1765986794661.IMG-20251217-WA0210.jpg,https://api-caradvice.duckdns.org/api/image?path=%2Fopt%2Fcaradvice-media%2Fimages%2Fautos%2F13%2F1765986794708.IMG-20251217-WA0214.jpg,https://api-caradvice.duckdns.org/api/image?path=%2Fopt%2Fcaradvice-media%2Fimages%2Fautos%2F13%2F1765986794857.IMG-20251217-WA0208.jpg,https://api-caradvice.duckdns.org/api/image?path=%2Fopt%2Fcaradvice-media%2Fimages%2Fautos%2F13%2F1765986794978.IMG-20251217-WA0211.jpg,https://api-caradvice.duckdns.org/api/image?path=%2Fopt%2Fcaradvice-media%2Fimages%2Fautos%2F13%2F1765986795095.IMG-20251217-WA0212.jpg,https://api-caradvice.duckdns.org/api/image?path=%2Fopt%2Fcaradvice-media%2Fimages%2Fautos%2F13%2F1765986795220.IMG-20251217-WA0215.jpg,https://api-caradvice.duckdns.org/api/image?path=%2Fopt%2Fcaradvice-media%2Fimages%2Fautos%2F13%2F1765986795337.IMG-20251217-WA0216.jpg,https://api-caradvice.duckdns.org/api/image?path=%2Fopt%2Fcaradvice-media%2Fimages%2Fautos%2F13%2F1765986795514.IMG-20251217-WA0217.jpg,https://api-caradvice.duckdns.org/api/image?path=%2Fopt%2Fcaradvice-media%2Fimages%2Fautos%2F13%2F1765986795567.IMG-20251217-WA0218.jpg",TOYOTA,HILUX,2018,214000,KM,DIESEL,MANUAL,PICKUP,Octavio Pinto 3024,Cordoba,Cordoba,5000,AR,-31.4167,-64.1833
14,PEUGEOT 308 1.6 THP FELINE TIPTRONIC,PEUGEOT 308 1.6 THP FELINE TIPTRONIC,AVAILABLE,USED,OTHER,23900000 ARS,https://caradvice.com.ar/autos/14,https://api-caradvice.duckdns.org/api/image?path=%2Fopt%2Fcaradvice-media%2Fimages%2Fautos%2F14%2F1766003605590.IMG-20251217-WA0364.jpg,"https://api-caradvice.duckdns.org/api/image?path=%2Fopt%2Fcaradvice-media%2Fimages%2Fautos%2F14%2F1766003605612.IMG-20251217-WA0365.jpg,https://api-caradvice.duckdns.org/api/image?path=%2Fopt%2Fcaradvice-media%2Fimages%2Fautos%2F14%2F1766003605637.IMG-20251217-WA0362.jpg,https://api-caradvice.duckdns.org/api/image?path=%2Fopt%2Fcaradvice-media%2Fimages%2Fautos%2F14%2F1766003605652.IMG-20251217-WA0366.jpg,https://api-caradvice.duckdns.org/api/image?path=%2Fopt%2Fcaradvice-media%2Fimages%2Fautos%2F14%2F1766003605661.IMG-20251217-WA0363.jpg,https://api-caradvice.duckdns.org/api/image?path=%2Fopt%2Fcaradvice-media%2Fimages%2Fautos%2F14%2F1766003605669.IMG-20251217-WA0367.jpg,https://api-caradvice.duckdns.org/api/image?path=%2Fopt%2Fcaradvice-media%2Fimages%2Fautos%2F14%2F1766003605687.IMG-20251217-WA0368.jpg,https://api-caradvice.duckdns.org/api/image?path=%2Fopt%2Fcaradvice-media%2Fimages%2Fautos%2F14%2F1766003605825.IMG-20251217-WA0369.jpg,https://api-caradvice.duckdns.org/api/image?path=%2Fopt%2Fcaradvice-media%2Fimages%2Fautos%2F14%2F1766003605926.IMG-20251217-WA0370.jpg,https://api-caradvice.duckdns.org/api/image?path=%2Fopt%2Fcaradvice-media%2Fimages%2Fautos%2F14%2F1766003606007.IMG-20251217-WA0371.jpg,https://api-caradvice.duckdns.org/api/image?path=%2Fopt%2Fcaradvice-media%2Fimages%2Fautos%2F14%2F1766003606104.IMG-20251217-WA0372.jpg",PEUGEOT,308,2020,90300,KM,GASOLINE,AUTOMATIC,HATCHBACK,Octavio Pinto 3024,Cordoba,Cordoba,5000,AR,-31.4167,-64.1833
15,PEUGEOT 2008 1.0 T 200 GT CVT L24,PEUGEOT 2008 1.0 T 200 GT CVT L24,AVAILABLE,USED,OTHER,43000000 ARS,https://caradvice.com.ar/autos/15,https://api-caradvice.duckdns.org/api/image?path=%2Fopt%2Fcaradvice-media%2Fimages%2Fautos%2F15%2F1765986507055.IMG-20251217-WA0187.jpg,"https://api-caradvice.duckdns.org/api/image?path=%2Fopt%2Fcaradvice-media%2Fimages%2Fautos%2F15%2F1765986507096.IMG-20251217-WA0185.jpg,https://api-caradvice.duckdns.org/api/image?path=%2Fopt%2Fcaradvice-media%2Fimages%2Fautos%2F15%2F1765986507116.IMG-20251217-WA0184.jpg,https://api-caradvice.duckdns.org/api/image?path=%2Fopt%2Fcaradvice-media%2Fimages%2Fautos%2F15%2F1765986507213.IMG-20251217-WA0188.jpg,https://api-caradvice.duckdns.org/api/image?path=%2Fopt%2Fcaradvice-media%2Fimages%2Fautos%2F15%2F1765986507415.IMG-20251217-WA0183.jpg,https://api-caradvice.duckdns.org/api/image?path=%2Fopt%2Fcaradvice-media%2Fimages%2Fautos%2F15%2F1765986507527.IMG-20251217-WA0186.jpg,https://api-caradvice.duckdns.org/api/image?path=%2Fopt%2Fcaradvice-media%2Fimages%2Fautos%2F15%2F1765986507609.IMG-20251217-WA0189.jpg,https://api-caradvice.duckdns.org/api/image?path=%2Fopt%2Fcaradvice-media%2Fimages%2Fautos%2F15%2F1765986507660.IMG-20251217-WA0190.jpg,https://api-caradvice.duckdns.org/api/image?path=%2Fopt%2Fcaradvice-media%2Fimages%2Fautos%2F15%2F1765986507716.IMG-20251217-WA0191.jpg,https://api-caradvice.duckdns.org/api/image?path=%2Fopt%2Fcaradvice-media%2Fimages%2Fautos%2F15%2F1765986507800.IMG-20251217-WA0192.jpg,https://api-caradvice.duckdns.org/api/image?path=%2Fopt%2Fcaradvice-media%2Fimages%2Fautos%2F15%2F1765986507904.IMG-20251217-WA0194.jpg",PEUGEOT,2008,2025,15400,KM,GASOLINE,AUTOMATIC,SUV,Octavio Pinto 3024,Cordoba,Cordoba,5000,AR,-31.4167,-64.1833
17,FORD TERRITORY 1.5 T TITANIUM L20,FORD TERRITORY 1.5 T TITANIUM L20,AVAILABLE,USED,OTHER,40000000 ARS,https://caradvice.com.ar/autos/17,https://api-caradvice.duckdns.org/api/image?path=%2Fopt%2Fcaradvice-media%2Fimages%2Fautos%2F17%2F1763657325463.IMG-20251120-WA0206.jpg,"https://api-caradvice.duckdns.org/api/image?path=%2Fopt%2Fcaradvice-media%2Fimages%2Fautos%2F17%2F1763657325534.IMG-20251120-WA0208.jpg,https://api-caradvice.duckdns.org/api/image?path=%2Fopt%2Fcaradvice-media%2Fimages%2Fautos%2F17%2F1763657325542.IMG-20251120-WA0204.jpg,https://api-caradvice.duckdns.org/api/image?path=%2Fopt%2Fcaradvice-media%2Fimages%2Fautos%2F17%2F1763657325550.IMG-20251120-WA0209.jpg,https://api-caradvice.duckdns.org/api/image?path=%2Fopt%2Fcaradvice-media%2Fimages%2Fautos%2F17%2F1763657325563.IMG-20251120-WA0205.jpg,https://api-caradvice.duckdns.org/api/image?path=%2Fopt%2Fcaradvice-media%2Fimages%2Fautos%2F17%2F1763657325574.IMG-20251120-WA0207.jpg,https://api-caradvice.duckdns.org/api/image?path=%2Fopt%2Fcaradvice-media%2Fimages%2Fautos%2F17%2F1763657325581.IMG-20251120-WA0210.jpg,https://api-caradvice.duckdns.org/api/image?path=%2Fopt%2Fcaradvice-media%2Fimages%2Fautos%2F17%2F1763657325631.IMG-20251120-WA0211.jpg,https://api-caradvice.duckdns.org/api/image?path=%2Fopt%2Fcaradvice-media%2Fimages%2Fautos%2F17%2F1763657325656.IMG-20251120-WA0212.jpg,https://api-caradvice.duckdns.org/api/image?path=%2Fopt%2Fcaradvice-media%2Fimages%2Fautos%2F17%2F1763657325685.IMG-20251120-WA0213.jpg,https://api-caradvice.duckdns.org/api/image?path=%2Fopt%2Fcaradvice-media%2Fimages%2Fautos%2F17%2F1763657325704.IMG-20251120-WA0214.jpg",FORD,TERRITORY,2021,87000,KM,GASOLINE,AUTOMATIC,SUV,Octavio Pinto 3024,Cordoba,Cordoba,5000,AR,-31.4167,-64.1833
18,CHERY TIGGO 2.0 4X2 CONFORT L13,CHERY TIGGO 2.0 4X2 CONFORT L13,AVAILABLE,USED,OTHER,17000000 ARS,https://caradvice.com.ar/autos/18,https://api-caradvice.duckdns.org/api/image?path=%2Fopt%2Fcaradvice-media%2Fimages%2Fautos%2F18%2F1764273263516.IMG-20251127-WA0295.jpg,"https://api-caradvice.duckdns.org/api/image?path=%2Fopt%2Fcaradvice-media%2Fimages%2Fautos%2F18%2F1764273263695.IMG-20251127-WA0296.jpg,https://api-caradvice.duckdns.org/api/image?path=%2Fopt%2Fcaradvice-media%2Fimages%2Fautos%2F18%2F1764273263854.IMG-20251127-WA0293.jpg,https://api-caradvice.duckdns.org/api/image?path=%2Fopt%2Fcaradvice-media%2Fimages%2Fautos%2F18%2F1764273264023.IMG-20251127-WA0298.jpg,https://api-caradvice.duckdns.org/api/image?path=%2Fopt%2Fcaradvice-media%2Fimages%2Fautos%2F18%2F1764273264174.IMG-20251127-WA0294.jpg,https://api-caradvice.duckdns.org/api/image?path=%2Fopt%2Fcaradvice-media%2Fimages%2Fautos%2F18%2F1764273264352.IMG-20251127-WA0297.jpg,https://api-caradvice.duckdns.org/api/image?path=%2Fopt%2Fcaradvice-media%2Fimages%2Fautos%2F18%2F1764273264563.IMG-20251127-WA0299.jpg,https://api-caradvice.duckdns.org/api/image?path=%2Fopt%2Fcaradvice-media%2Fimages%2Fautos%2F18%2F1764273264777.IMG-20251127-WA0300.jpg,https://api-caradvice.duckdns.org/api/image?path=%2Fopt%2Fcaradvice-media%2Fimages%2Fautos%2F18%2F1764273264908.IMG-20251127-WA0301.jpg,https://api-caradvice.duckdns.org/api/image?path=%2Fopt%2Fcaradvice-media%2Fimages%2Fautos%2F18%2F1764273265209.IMG-20251127-WA0302.jpg,https://api-caradvice.duckdns.org/api/image?path=%2Fopt%2Fcaradvice-media%2Fimages%2Fautos%2F18%2F1764273265257.IMG-20251127-WA0303.jpg",CHERY,TIGGO,2015,125000,KM,GASOLINE,MANUAL,SUV,Octavio Pinto 3024,Cordoba,Cordoba,5000,AR,-31.4167,-64.1833
19,VOLKSWAGEN AMAROK 2.0 TD 180HP 4X2 DC HIGHLINE L12,VOLKSWAGEN AMAROK 2.0 TD 180HP 4X2 DC HIGHLINE L12,AVAILABLE,USED,OTHER,26500000 ARS,https://caradvice.com.ar/autos/19,https://api-caradvice.duckdns.org/api/image?path=%2Fopt%2Fcaradvice-media%2Fimages%2Fautos%2F19%2F1764876491457.IMG-20251204-WA0389.jpg,"https://api-caradvice.duckdns.org/api/image?path=%2Fopt%2Fcaradvice-media%2Fimages%2Fautos%2F19%2F1764876491748.IMG-20251204-WA0392.jpg,https://api-caradvice.duckdns.org/api/image?path=%2Fopt%2Fcaradvice-media%2Fimages%2Fautos%2F19%2F1764876491951.IMG-20251204-WA0390.jpg,https://api-caradvice.duckdns.org/api/image?path=%2Fopt%2Fcaradvice-media%2Fimages%2Fautos%2F19%2F1764876492131.IMG-20251204-WA0393.jpg,https://api-caradvice.duckdns.org/api/image?path=%2Fopt%2Fcaradvice-media%2Fimages%2Fautos%2F19%2F1764876492316.IMG-20251204-WA0388.jpg,https://api-caradvice.duckdns.org/api/image?path=%2Fopt%2Fcaradvice-media%2Fimages%2Fautos%2F19%2F1764876492564.IMG-20251204-WA0391.jpg,https://api-caradvice.duckdns.org/api/image?path=%2Fopt%2Fcaradvice-media%2Fimages%2Fautos%2F19%2F1764876492820.IMG-20251204-WA0394.jpg,https://api-caradvice.duckdns.org/api/image?path=%2Fopt%2Fcaradvice-media%2Fimages%2Fautos%2F19%2F1764876492981.IMG-20251204-WA0395.jpg,https://api-caradvice.duckdns.org/api/image?path=%2Fopt%2Fcaradvice-media%2Fimages%2Fautos%2F19%2F1764876493106.IMG-20251204-WA0396.jpg,https://api-caradvice.duckdns.org/api/image?path=%2Fopt%2Fcaradvice-media%2Fimages%2Fautos%2F19%2F1764876493359.IMG-20251204-WA0397.jpg,https://api-caradvice.duckdns.org/api/image?path=%2Fopt%2Fcaradvice-media%2Fimages%2Fautos%2F19%2F1764876493438.IMG-20251204-WA0398.jpg",VOLKSWAGEN,AMAROK,2012,166000,KM,DIESEL,MANUAL,PICKUP,Octavio Pinto 3024,Cordoba,Cordoba,5000,AR,-31.4167,-64.1833
20,AUDI TT 1.8 T FSI L09,AUDI TT 1.8 T FSI L09,AVAILABLE,USED,OTHER,28900 USD,https://caradvice.com.ar/autos/20,https://api-caradvice.duckdns.org/api/image?path=%2Fopt%2Fcaradvice-media%2Fimages%2Fautos%2F20%2F1765548279478.IMG-20251212-WA0128.jpg,"https://api-caradvice.duckdns.org/api/image?path=%2Fopt%2Fcaradvice-media%2Fimages%2Fautos%2F20%2F1765548279650.IMG-20251212-WA0131.jpg,https://api-caradvice.duckdns.org/api/image?path=%2Fopt%2Fcaradvice-media%2Fimages%2Fautos%2F20%2F1765548279989.IMG-20251212-WA0129.jpg,https://api-caradvice.duckdns.org/api/image?path=%2Fopt%2Fcaradvice-media%2Fimages%2Fautos%2F20%2F1765548280176.IMG-20251212-WA0135.jpg,https://api-caradvice.duckdns.org/api/image?path=%2Fopt%2Fcaradvice-media%2Fimages%2Fautos%2F20%2F1765548280289.IMG-20251212-WA0127.jpg,https://api-caradvice.duckdns.org/api/image?path=%2Fopt%2Fcaradvice-media%2Fimages%2Fautos%2F20%2F1765548280442.IMG-20251212-WA0130.jpg,https://api-caradvice.duckdns.org/api/image?path=%2Fopt%2Fcaradvice-media%2Fimages%2Fautos%2F20%2F1765548280648.IMG-20251212-WA0132.jpg,https://api-caradvice.duckdns.org/api/image?path=%2Fopt%2Fcaradvice-media%2Fimages%2Fautos%2F20%2F1765548280771.IMG-20251212-WA0133.jpg,https://api-caradvice.duckdns.org/api/image?path=%2Fopt%2Fcaradvice-media%2Fimages%2Fautos%2F20%2F1765548280886.IMG-20251212-WA0134.jpg,https://api-caradvice.duckdns.org/api/image?path=%2Fopt%2Fcaradvice-media%2Fimages%2Fautos%2F20%2F1765548280978.IMG-20251212-WA0136.jpg,https://api-caradvice.duckdns.org/api/image?path=%2Fopt%2Fcaradvice-media%2Fimages%2Fautos%2F20%2F1765548281106.IMG-20251212-WA0137.jpg",AUDI,TT,2010,85300,KM,GASOLINE,MANUAL,SPORTSCAR,Octavio Pinto 3024,Cordoba,Cordoba,5000,AR,-31.4167,-64.1833
21,FORD KA 1.0 FLY VIRAL 3P L11,FORD KA 1.0 FLY VIRAL 3P L11,AVAILABLE,USED,OTHER,13000000 ARS,https://caradvice.com.ar/autos/21,https://api-caradvice.duckdns.org/api/image?path=%2Fopt%2Fcaradvice-media%2Fimages%2Fautos%2F21%2F1748903269158.0960f4da-76b0-4c81-a4e8-f3c28b5a522f.JPG,"https://api-caradvice.duckdns.org/api/image?path=%2Fopt%2Fcaradvice-media%2Fimages%2Fautos%2F21%2F1748903269519.e48a14db-3a85-40ea-b87b-d91ceb862222.JPG,https://api-caradvice.duckdns.org/api/image?path=%2Fopt%2Fcaradvice-media%2Fimages%2Fautos%2F21%2F1748903269686.a23e4afd-529f-4c3c-adb4-1b26bcbd2b0c.JPG,https://api-caradvice.duckdns.org/api/image?path=%2Fopt%2Fcaradvice-media%2Fimages%2Fautos%2F21%2F1748903269781.e53d888a-a5cf-4ae7-9032-96c49c33fad9.JPG,https://api-caradvice.duckdns.org/api/image?path=%2Fopt%2Fcaradvice-media%2Fimages%2Fautos%2F21%2F1748903269856.2b6b8b82-ddab-41fb-9ea8-a5e1ead38b6c.JPG,https://api-caradvice.duckdns.org/api/image?path=%2Fopt%2Fcaradvice-media%2Fimages%2Fautos%2F21%2F1748903269921.8635bb71-c721-43b4-81af-071030a37968.JPG,https://api-caradvice.duckdns.org/api/image?path=%2Fopt%2Fcaradvice-media%2Fimages%2Fautos%2F21%2F1748903269965.1b1b7a61-aa41-4779-8f3f-d0b2945e804c.JPG,https://api-caradvice.duckdns.org/api/image?path=%2Fopt%2Fcaradvice-media%2Fimages%2Fautos%2F21%2F1748903269989.76a37061-b5b0-49d6-a259-a610454d9610.JPG,https://api-caradvice.duckdns.org/api/image?path=%2Fopt%2Fcaradvice-media%2Fimages%2Fautos%2F21%2F1748903270041.72114ef6-ce6f-4929-8507-581f99e9ae35.JPG,https://api-caradvice.duckdns.org/api/image?path=%2Fopt%2Fcaradvice-media%2Fimages%2Fautos%2F21%2F1748903270085.b8bae1e1-5a60-483b-9fe2-58fc1b0fb22e.JPG,https://api-caradvice.duckdns.org/api/image?path=%2Fopt%2Fcaradvice-media%2Fimages%2Fautos%2F21%2F1748903270113.c10dc52f-e15c-4fbd-b93b-a11bd8f20616.JPG",FORD,KA,2013,125000,KM,GASOLINE,MANUAL,HATCHBACK,Octavio Pinto 3024,Cordoba,Cordoba,5000,AR,-31.4167,-64.1833
22,VOLKSWAGEN THE BEETLE 1.4 TSI DESIGN L14,VOLKSWAGEN THE BEETLE 1.4 TSI DESIGN L14,AVAILABLE,USED,OTHER,21400 USD,https://caradvice.com.ar/autos/22,https://api-caradvice.duckdns.org/api/image?path=%2Fopt%2Fcaradvice-media%2Fimages%2Fautos%2F22%2F1766524959349.WhatsApp%20Image%202025-12-23%20at%2017.31.12%20(1).jpeg,"https://api-caradvice.duckdns.org/api/image?path=%2Fopt%2Fcaradvice-media%2Fimages%2Fautos%2F22%2F1766524959396.WhatsApp%20Image%202025-12-23%20at%2017.31.13%20(1).jpeg,https://api-caradvice.duckdns.org/api/image?path=%2Fopt%2Fcaradvice-media%2Fimages%2Fautos%2F22%2F1766524959521.WhatsApp%20Image%202025-12-23%20at%2017.31.11.jpeg,https://api-caradvice.duckdns.org/api/image?path=%2Fopt%2Fcaradvice-media%2Fimages%2Fautos%2F22%2F1766524959601.WhatsApp%20Image%202025-12-23%20at%2017.31.13%20(2).jpeg,https://api-caradvice.duckdns.org/api/image?path=%2Fopt%2Fcaradvice-media%2Fimages%2Fautos%2F22%2F1766524959753.WhatsApp%20Image%202025-12-23%20at%2017.31.12.jpeg,https://api-caradvice.duckdns.org/api/image?path=%2Fopt%2Fcaradvice-media%2Fimages%2Fautos%2F22%2F1766524959807.WhatsApp%20Image%202025-12-23%20at%2017.31.13.jpeg,https://api-caradvice.duckdns.org/api/image?path=%2Fopt%2Fcaradvice-media%2Fimages%2Fautos%2F22%2F1766524959883.WhatsApp%20Image%202025-12-23%20at%2017.31.14%20(1).jpeg,https://api-caradvice.duckdns.org/api/image?path=%2Fopt%2Fcaradvice-media%2Fimages%2Fautos%2F22%2F1766524959923.WhatsApp%20Image%202025-12-23%20at%2017.31.14%20(2).jpeg,https://api-caradvice.duckdns.org/api/image?path=%2Fopt%2Fcaradvice-media%2Fimages%2Fautos%2F22%2F1766524959987.WhatsApp%20Image%202025-12-23%20at%2017.31.14.jpeg,https://api-caradvice.duckdns.org/api/image?path=%2Fopt%2Fcaradvice-media%2Fimages%2Fautos%2F22%2F1766524960027.WhatsApp%20Image%202025-12-23%20at%2017.31.15%20(1).jpeg,https://api-caradvice.duckdns.org/api/image?path=%2Fopt%2Fcaradvice-media%2Fimages%2Fautos%2F22%2F1766524960068.WhatsApp%20Image%202025-12-23%20at%2017.31.15%20(2).jpeg",VOLKSWAGEN,THE BEETLE,2017,97500,KM,GASOLINE,MANUAL,SPORTSCAR,Octavio Pinto 3024,Cordoba,Cordoba,5000,AR,-31.4167,-64.1833
23,FIAT PUNTO 1.4 ATTRACTIVE L13,FIAT PUNTO 1.4 ATTRACTIVE L13,AVAILABLE,USED,OTHER,13800000 ARS,https://caradvice.com.ar/autos/23,https://api-caradvice.duckdns.org/api/image?path=%2Fopt%2Fcaradvice-media%2Fimages%2Fautos%2F23%2F1751501902602.d74fbb4d-6059-47e4-ac4c-b636088ffad5.JPG,"https://api-caradvice.duckdns.org/api/image?path=%2Fopt%2Fcaradvice-media%2Fimages%2Fautos%2F23%2F1751501902815.6a2d3c9a-76bc-4ab2-a08d-81e2bf2c3349.JPG,https://api-caradvice.duckdns.org/api/image?path=%2Fopt%2Fcaradvice-media%2Fimages%2Fautos%2F23%2F1751501902952.31006b78-7c8c-4c32-ba2e-198ca8df1d00.JPG,https://api-caradvice.duckdns.org/api/image?path=%2Fopt%2Fcaradvice-media%2Fimages%2Fautos%2F23%2F1751501903042.cd8a71d6-ebf4-45cf-88e7-2f6e04735277.JPG,https://api-caradvice.duckdns.org/api/image?path=%2Fopt%2Fcaradvice-media%2Fimages%2Fautos%2F23%2F1751501903119.48a7b862-6b15-4865-8ada-408353834481.JPG,https://api-caradvice.duckdns.org/api/image?path=%2Fopt%2Fcaradvice-media%2Fimages%2Fautos%2F23%2F1751501903232.574a6319-1f56-4f05-92f0-9b71d4930c2b.JPG,https://api-caradvice.duckdns.org/api/image?path=%2Fopt%2Fcaradvice-media%2Fimages%2Fautos%2F23%2F1751501903268.0a684426-fe19-43c1-a953-968d610749c4.JPG,https://api-caradvice.duckdns.org/api/image?path=%2Fopt%2Fcaradvice-media%2Fimages%2Fautos%2F23%2F1751501903379.5b9b479d-bedd-4faf-b4ab-2f9b545461a6.JPG,https://api-caradvice.duckdns.org/api/image?path=%2Fopt%2Fcaradvice-media%2Fimages%2Fautos%2F23%2F1751501903409.5d2c01a8-9230-45d2-b523-df9628a49f9f.JPG,https://api-caradvice.duckdns.org/api/image?path=%2Fopt%2Fcaradvice-media%2Fimages%2Fautos%2F23%2F1751501903449.8b74645e-b470-4708-8ea1-4495688edab3.JPG,https://api-caradvice.duckdns.org/api/image?path=%2Fopt%2Fcaradvice-media%2Fimages%2Fautos%2F23%2F1751501903476.17fb4d6d-018b-47a5-91ca-03308cdbe6db.JPG",FIAT,PUNTO,2013,143300,KM,GASOLINE,MANUAL,HATCHBACK,Octavio Pinto 3024,Cordoba,Cordoba,5000,AR,-31.4167,-64.1833
24,JEEP COMMANDER 2.0 TD 4X4 LIMITED PLUS AT9,JEEP COMMANDER 2.0 TD 4X4 LIMITED PLUS AT9,AVAILABLE,USED,OTHER,49000000 ARS,https://caradvice.com.ar/autos/24,https://api-caradvice.duckdns.org/api/image?path=%2Fopt%2Fcaradvice-media%2Fimages%2Fautos%2F24%2F1752199219327.b3421d4b-4579-4584-bf7d-2febfcc82588.jpeg,"https://api-caradvice.duckdns.org/api/image?path=%2Fopt%2Fcaradvice-media%2Fimages%2Fautos%2F24%2F1752199219456.eafc0dd1-5093-41de-b2b5-6c28c4851704.jpeg,https://api-caradvice.duckdns.org/api/image?path=%2Fopt%2Fcaradvice-media%2Fimages%2Fautos%2F24%2F1752199219582.8c83099a-773e-427c-9396-11e48fe2cedf.jpeg,https://api-caradvice.duckdns.org/api/image?path=%2Fopt%2Fcaradvice-media%2Fimages%2Fautos%2F24%2F1752199219640.ba3b86f3-c027-4b39-bcfe-204836e5bd12.jpeg,https://api-caradvice.duckdns.org/api/image?path=%2Fopt%2Fcaradvice-media%2Fimages%2Fautos%2F24%2F1752199219677.0bf06505-7ff7-497b-8b2d-cdab5cd4ee37.jpeg,https://api-caradvice.duckdns.org/api/image?path=%2Fopt%2Fcaradvice-media%2Fimages%2Fautos%2F24%2F1752199219755.e006ffc0-8d54-4ea9-af73-d3ff73b138b1.jpeg,https://api-caradvice.duckdns.org/api/image?path=%2Fopt%2Fcaradvice-media%2Fimages%2Fautos%2F24%2F1752199219810.0a21f505-5122-49ec-9e8e-97400a1d709e.jpeg,https://api-caradvice.duckdns.org/api/image?path=%2Fopt%2Fcaradvice-media%2Fimages%2Fautos%2F24%2F1752199219839.ed1faaaa-5b28-4237-9da7-ecc97660e135.jpeg,https://api-caradvice.duckdns.org/api/image?path=%2Fopt%2Fcaradvice-media%2Fimages%2Fautos%2F24%2F1752199219855.858d047f-e37a-40ba-9996-e233af7912cc.jpeg,https://api-caradvice.duckdns.org/api/image?path=%2Fopt%2Fcaradvice-media%2Fimages%2Fautos%2F24%2F1752199219881.c168de33-b0fe-449c-afd6-450e0cd19953.jpeg,https://api-caradvice.duckdns.org/api/image?path=%2Fopt%2Fcaradvice-media%2Fimages%2Fautos%2F24%2F1752199219914.513ce4b6-48cb-4e91-bdec-6698e14aafa2.jpeg",JEEP,COMMANDER,2022,50500,KM,DIESEL,AUTOMATIC,SUV,Octavio Pinto 3024,Cordoba,Cordoba,5000,AR,-31.4167,-64.1833
25,NISSAN KICKS 1.6 ADVANCE CVT L17,NISSAN KICKS 1.6 ADVANCE CVT L17,AVAILABLE,USED,OTHER,28000000 ARS,https://caradvice.com.ar/autos/25,https://api-caradvice.duckdns.org/api/image?path=%2Fopt%2Fcaradvice-media%2Fimages%2Fautos%2F25%2F1763651274399.IMG-20251120-WA0097.jpg,"https://api-caradvice.duckdns.org/api/image?path=%2Fopt%2Fcaradvice-media%2Fimages%2Fautos%2F25%2F1763651274472.IMG-20251120-WA0102.jpg,https://api-caradvice.duckdns.org/api/image?path=%2Fopt%2Fcaradvice-media%2Fimages%2Fautos%2F25%2F1763651274496.IMG-20251120-WA0096.jpg,https://api-caradvice.duckdns.org/api/image?path=%2Fopt%2Fcaradvice-media%2Fimages%2Fautos%2F25%2F1763651274510.IMG-20251120-WA0099.jpg,https://api-caradvice.duckdns.org/api/image?path=%2Fopt%2Fcaradvice-media%2Fimages%2Fautos%2F25%2F1763651274517.IMG-20251120-WA0095.jpg,https://api-caradvice.duckdns.org/api/image?path=%2Fopt%2Fcaradvice-media%2Fimages%2Fautos%2F25%2F1763651274524.IMG-20251120-WA0098.jpg,https://api-caradvice.duckdns.org/api/image?path=%2Fopt%2Fcaradvice-media%2Fimages%2Fautos%2F25%2F1763651274571.IMG-20251120-WA0104.jpg,https://api-caradvice.duckdns.org/api/image?path=%2Fopt%2Fcaradvice-media%2Fimages%2Fautos%2F25%2F1763651274646.IMG-20251120-WA0106.jpg,https://api-caradvice.duckdns.org/api/image?path=%2Fopt%2Fcaradvice-media%2Fimages%2Fautos%2F25%2F1763651274689.IMG-20251120-WA0105.jpg,https://api-caradvice.duckdns.org/api/image?path=%2Fopt%2Fcaradvice-media%2Fimages%2Fautos%2F25%2F1763651274762.IMG-20251120-WA0100.jpg,https://api-caradvice.duckdns.org/api/image?path=%2Fopt%2Fcaradvice-media%2Fimages%2Fautos%2F25%2F1763651275212.IMG-20251120-WA0101.jpg",NISSAN,KICKS,2019,51700,KM,GASOLINE,AUTOMATIC,SUV,Octavio Pinto 3024,Cordoba,Cordoba,5000,AR,-31.4167,-64.1833
27,VOLKSWAGEN AMAROK 2.0 TD 180HP 4X4 DC HIGHLINE AT L17,VOLKSWAGEN AMAROK 2.0 TD 180HP 4X4 DC HIGHLINE AT L17,AVAILABLE,USED,OTHER,53500000 ARS,https://caradvice.com.ar/autos/27,https://api-caradvice.duckdns.org/api/image?path=%2Fopt%2Fcaradvice-media%2Fimages%2Fautos%2F27%2F1756180731352.a9774231-9f73-4aa9-a37c-f9822c08d6b7.JPG,"https://api-caradvice.duckdns.org/api/image?path=%2Fopt%2Fcaradvice-media%2Fimages%2Fautos%2F27%2F1756180731585.68985ded-01fa-4fb0-b18f-823589215f34.JPG,https://api-caradvice.duckdns.org/api/image?path=%2Fopt%2Fcaradvice-media%2Fimages%2Fautos%2F27%2F1756180731783.e7fd55c2-e53e-4b02-a29b-963447b78ba4.JPG,https://api-caradvice.duckdns.org/api/image?path=%2Fopt%2Fcaradvice-media%2Fimages%2Fautos%2F27%2F1756180731952.38acda8d-816c-46e0-a691-bf4f12cf0dbc.JPG,https://api-caradvice.duckdns.org/api/image?path=%2Fopt%2Fcaradvice-media%2Fimages%2Fautos%2F27%2F1756180732013.8ee260f6-0ab7-4c62-becf-651a418debae.JPG,https://api-caradvice.duckdns.org/api/image?path=%2Fopt%2Fcaradvice-media%2Fimages%2Fautos%2F27%2F1756180732147.a1b8be6b-8d68-4e3d-a82e-2245823ce91b.JPG,https://api-caradvice.duckdns.org/api/image?path=%2Fopt%2Fcaradvice-media%2Fimages%2Fautos%2F27%2F1756180732192.745e4d47-6f6c-427c-ab87-7985ed742e8a.JPG,https://api-caradvice.duckdns.org/api/image?path=%2Fopt%2Fcaradvice-media%2Fimages%2Fautos%2F27%2F1756180732365.7f03cbc8-6811-4eaf-ae5e-ea5fe64bf296.JPG,https://api-caradvice.duckdns.org/api/image?path=%2Fopt%2Fcaradvice-media%2Fimages%2Fautos%2F27%2F1756180732409.8bfbfc34-62a5-4c95-8a90-481f77e6ac36.JPG,https://api-caradvice.duckdns.org/api/image?path=%2Fopt%2Fcaradvice-media%2Fimages%2Fautos%2F27%2F1756180732429.16ab4523-6d2d-4270-90a1-3fdcd8ec0304.JPG,https://api-caradvice.duckdns.org/api/image?path=%2Fopt%2Fcaradvice-media%2Fimages%2Fautos%2F27%2F1756180732450.72a12ede-3c39-4ab0-9baa-f8a7204c24ae.JPG",VOLKSWAGEN,AMAROK,2023,33100,KM,DIESEL,AUTOMATIC,PICKUP,Octavio Pinto 3024,Cordoba,Cordoba,5000,AR,-31.4167,-64.1833
28,VOLKSWAGEN POLO 1.6 HIGHLINE 5P L18,VOLKSWAGEN POLO 1.6 HIGHLINE 5P L18,AVAILABLE,USED,OTHER,17000 USD,https://caradvice.com.ar/autos/28,https://api-caradvice.duckdns.org/api/image?path=%2Fopt%2Fcaradvice-media%2Fimages%2Fautos%2F28%2F1763413384679.IMG-20251117-WA0537.jpg,"https://api-caradvice.duckdns.org/api/image?path=%2Fopt%2Fcaradvice-media%2Fimages%2Fautos%2F28%2F1763413384687.IMG-20251117-WA0539.jpg,https://api-caradvice.duckdns.org/api/image?path=%2Fopt%2Fcaradvice-media%2Fimages%2Fautos%2F28%2F1763413384792.IMG-20251117-WA0536.jpg,https://api-caradvice.duckdns.org/api/image?path=%2Fopt%2Fcaradvice-media%2Fimages%2Fautos%2F28%2F1763413384929.IMG-20251117-WA0532.jpg,https://api-caradvice.duckdns.org/api/image?path=%2Fopt%2Fcaradvice-media%2Fimages%2Fautos%2F28%2F1763413385077.IMG-20251117-WA0534.jpg,https://api-caradvice.duckdns.org/api/image?path=%2Fopt%2Fcaradvice-media%2Fimages%2Fautos%2F28%2F1763413385292.IMG-20251117-WA0533.jpg,https://api-caradvice.duckdns.org/api/image?path=%2Fopt%2Fcaradvice-media%2Fimages%2Fautos%2F28%2F1763413385514.IMG-20251117-WA0535.jpg,https://api-caradvice.duckdns.org/api/image?path=%2Fopt%2Fcaradvice-media%2Fimages%2Fautos%2F28%2F1763413385662.IMG-20251117-WA0531.jpg,https://api-caradvice.duckdns.org/api/image?path=%2Fopt%2Fcaradvice-media%2Fimages%2Fautos%2F28%2F1763413385802.IMG-20251117-WA0538.jpg,https://api-caradvice.duckdns.org/api/image?path=%2Fopt%2Fcaradvice-media%2Fimages%2Fautos%2F28%2F1763413385925.IMG-20251117-WA0540.jpg,https://api-caradvice.duckdns.org/api/image?path=%2Fopt%2Fcaradvice-media%2Fimages%2Fautos%2F28%2F1763413386065.IMG-20251117-WA0541.jpg",VOLKSWAGEN,POLO,2018,122600,KM,GASOLINE,MANUAL,HATCHBACK,Octavio Pinto 3024,Cordoba,Cordoba,5000,AR,-31.4167,-64.1833
30,VOLKSWAGEN NIVUS 200 TSI COMFORTLINE AT L25,VOLKSWAGEN NIVUS 200 TSI COMFORTLINE AT L25,AVAILABLE,USED,OTHER,37250000 ARS,https://caradvice.com.ar/autos/30,https://api-caradvice.duckdns.org/api/image?path=%2Fopt%2Fcaradvice-media%2Fimages%2Fautos%2F30%2F1743720676957.ba2470a4-93ed-43d4-b8c5-3b83f222ac34%202.JPG,"https://api-caradvice.duckdns.org/api/image?path=%2Fopt%2Fcaradvice-media%2Fimages%2Fautos%2F30%2F1743720677295.4f6f6cca-57e0-4ef1-b811-179546648e6c%202.JPG,https://api-caradvice.duckdns.org/api/image?path=%2Fopt%2Fcaradvice-media%2Fimages%2Fautos%2F30%2F1743720677445.c2bbdc2d-8003-4959-9dd6-eb375d82306b%202.JPG,https://api-caradvice.duckdns.org/api/image?path=%2Fopt%2Fcaradvice-media%2Fimages%2Fautos%2F30%2F1743720677578.974c2b44-b008-47e6-8e16-c5614baf0302%202.JPG,https://api-caradvice.duckdns.org/api/image?path=%2Fopt%2Fcaradvice-media%2Fimages%2Fautos%2F30%2F1743720677633.10d4d28b-8fae-43c2-8282-db8c563b44f9%202.JPG,https://api-caradvice.duckdns.org/api/image?path=%2Fopt%2Fcaradvice-media%2Fimages%2Fautos%2F30%2F1743720677721.68df2c08-4b51-47c8-8fe4-9f125192e80c%202.JPG,https://api-caradvice.duckdns.org/api/image?path=%2Fopt%2Fcaradvice-media%2Fimages%2Fautos%2F30%2F1743720677760.0f1f43dd-c920-42d4-a8e5-a2bf3b19ac52%202.JPG,https://api-caradvice.duckdns.org/api/image?path=%2Fopt%2Fcaradvice-media%2Fimages%2Fautos%2F30%2F1743720677808.60eb4049-5ea4-4835-a204-a6934eaa9751%202.JPG,https://api-caradvice.duckdns.org/api/image?path=%2Fopt%2Fcaradvice-media%2Fimages%2Fautos%2F30%2F1743720677837.67c0ce92-0dfd-4810-aa56-a0b2ab89b078%202.JPG,https://api-caradvice.duckdns.org/api/image?path=%2Fopt%2Fcaradvice-media%2Fimages%2Fautos%2F30%2F1743720677903.71f42695-33f0-4ba0-8528-92a1e821633c%202.JPG,https://api-caradvice.duckdns.org/api/image?path=%2Fopt%2Fcaradvice-media%2Fimages%2Fautos%2F30%2F1743720677924.0218f63e-c905-44c5-b883-5ca6fcc9129c%202.JPG",VOLKSWAGEN,NIVUS,2025,0,KM,GASOLINE,AUTOMATIC,SUV,Octavio Pinto 3024,Cordoba,Cordoba,5000,AR,-31.4167,-64.1833
32,FORD KUGA 2.5 4X2 SE HIBRIDA AT L20,FORD KUGA 2.5 4X2 SE HIBRIDA AT L20,AVAILABLE,USED,OTHER,31500 USD,https://caradvice.com.ar/autos/32,https://api-caradvice.duckdns.org/api/image?path=%2Fopt%2Fcaradvice-media%2Fimages%2Fautos%2F32%2F1761162310341.IMG-20251022-WA0306.jpg,"https://api-caradvice.duckdns.org/api/image?path=%2Fopt%2Fcaradvice-media%2Fimages%2Fautos%2F32%2F1761162310366.IMG-20251022-WA0308.jpg,https://api-caradvice.duckdns.org/api/image?path=%2Fopt%2Fcaradvice-media%2Fimages%2Fautos%2F32%2F1761162310379.IMG-20251022-WA0304.jpg,https://api-caradvice.duckdns.org/api/image?path=%2Fopt%2Fcaradvice-media%2Fimages%2Fautos%2F32%2F1761162310428.IMG-20251022-WA0309.jpg,https://api-caradvice.duckdns.org/api/image?path=%2Fopt%2Fcaradvice-media%2Fimages%2Fautos%2F32%2F1761162310517.IMG-20251022-WA0305.jpg,https://api-caradvice.duckdns.org/api/image?path=%2Fopt%2Fcaradvice-media%2Fimages%2Fautos%2F32%2F1761162310629.IMG-20251022-WA0307.jpg,https://api-caradvice.duckdns.org/api/image?path=%2Fopt%2Fcaradvice-media%2Fimages%2Fautos%2F32%2F1761162310717.IMG-20251022-WA0310.jpg,https://api-caradvice.duckdns.org/api/image?path=%2Fopt%2Fcaradvice-media%2Fimages%2Fautos%2F32%2F1761162310809.IMG-20251022-WA0311.jpg,https://api-caradvice.duckdns.org/api/image?path=%2Fopt%2Fcaradvice-media%2Fimages%2Fautos%2F32%2F1761162310897.IMG-20251022-WA0312.jpg,https://api-caradvice.duckdns.org/api/image?path=%2Fopt%2Fcaradvice-media%2Fimages%2Fautos%2F32%2F1761162310956.IMG-20251022-WA0313.jpg,https://api-caradvice.duckdns.org/api/image?path=%2Fopt%2Fcaradvice-media%2Fimages%2Fautos%2F32%2F1761162311096.IMG-20251022-WA0314.jpg",FORD,KUGA,2020,88000,KM,HYBRID,AUTOMATIC,SUV,Octavio Pinto 3024,Cordoba,Cordoba,5000,AR,-31.4167,-64.1833
33,RENAULT FLUENCE 2.0 LUXE L15,RENAULT FLUENCE 2.0 LUXE L15,AVAILABLE,USED,OTHER,16400000 ARS,https://caradvice.com.ar/autos/33,https://api-caradvice.duckdns.org/api/image?path=%2Fopt%2Fcaradvice-media%2Fimages%2Fautos%2F33%2F1761160671803.IMG-20251022-WA0179.jpg,"https://api-caradvice.duckdns.org/api/image?path=%2Fopt%2Fcaradvice-media%2Fimages%2Fautos%2F33%2F1761160671881.IMG-20251022-WA0181.jpg,https://api-caradvice.duckdns.org/api/image?path=%2Fopt%2Fcaradvice-media%2Fimages%2Fautos%2F33%2F1761160672132.IMG-20251022-WA0177.jpg,https://api-caradvice.duckdns.org/api/image?path=%2Fopt%2Fcaradvice-media%2Fimages%2Fautos%2F33%2F1761160672278.IMG-20251022-WA0182.jpg,https://api-caradvice.duckdns.org/api/image?path=%2Fopt%2Fcaradvice-media%2Fimages%2Fautos%2F33%2F1761160672392.IMG-20251022-WA0178.jpg,https://api-caradvice.duckdns.org/api/image?path=%2Fopt%2Fcaradvice-media%2Fimages%2Fautos%2F33%2F1761160672506.IMG-20251022-WA0183.jpg,https://api-caradvice.duckdns.org/api/image?path=%2Fopt%2Fcaradvice-media%2Fimages%2Fautos%2F33%2F1761160672614.IMG-20251022-WA0186.jpg,https://api-caradvice.duckdns.org/api/image?path=%2Fopt%2Fcaradvice-media%2Fimages%2Fautos%2F33%2F1761160672702.IMG-20251022-WA0180.jpg,https://api-caradvice.duckdns.org/api/image?path=%2Fopt%2Fcaradvice-media%2Fimages%2Fautos%2F33%2F1761160672890.IMG-20251022-WA0188.jpg,https://api-caradvice.duckdns.org/api/image?path=%2Fopt%2Fcaradvice-media%2Fimages%2Fautos%2F33%2F1761160672996.IMG-20251022-WA0187.jpg,https://api-caradvice.duckdns.org/api/image?path=%2Fopt%2Fcaradvice-media%2Fimages%2Fautos%2F33%2F1761160673165.IMG-20251022-WA0185.jpg",RENAULT,FLUENCE,2015,180300,KM,OTHER,MANUAL,SEDAN,Octavio Pinto 3024,Cordoba,Cordoba,5000,AR,-31.4167,-64.1833
34,FORD KA 1.5 SEL FREESTYLE 5P L18,FORD KA 1.5 SEL FREESTYLE 5P L18,AVAILABLE,USED,OTHER,18000000 ARS,https://caradvice.com.ar/autos/34,https://api-caradvice.duckdns.org/api/image?path=%2Fopt%2Fcaradvice-media%2Fimages%2Fautos%2F34%2F1763497285815.IMG-20251118-WA0253.jpg,"https://api-caradvice.duckdns.org/api/image?path=%2Fopt%2Fcaradvice-media%2Fimages%2Fautos%2F34%2F1763497285828.IMG-20251118-WA0254.jpg,https://api-caradvice.duckdns.org/api/image?path=%2Fopt%2Fcaradvice-media%2Fimages%2Fautos%2F34%2F1763497285844.IMG-20251118-WA0247.jpg,https://api-caradvice.duckdns.org/api/image?path=%2Fopt%2Fcaradvice-media%2Fimages%2Fautos%2F34%2F1763497285876.IMG-20251118-WA0248.jpg,https://api-caradvice.duckdns.org/api/image?path=%2Fopt%2Fcaradvice-media%2Fimages%2Fautos%2F34%2F1763497285912.IMG-20251118-WA0249.jpg,https://api-caradvice.duckdns.org/api/image?path=%2Fopt%2Fcaradvice-media%2Fimages%2Fautos%2F34%2F1763497286027.IMG-20251118-WA0250.jpg,https://api-caradvice.duckdns.org/api/image?path=%2Fopt%2Fcaradvice-media%2Fimages%2Fautos%2F34%2F1763497286218.IMG-20251118-WA0251.jpg,https://api-caradvice.duckdns.org/api/image?path=%2Fopt%2Fcaradvice-media%2Fimages%2Fautos%2F34%2F1763497286310.IMG-20251118-WA0252.jpg,https://api-caradvice.duckdns.org/api/image?path=%2Fopt%2Fcaradvice-media%2Fimages%2Fautos%2F34%2F1763497286403.IMG-20251118-WA0255.jpg,https://api-caradvice.duckdns.org/api/image?path=%2Fopt%2Fcaradvice-media%2Fimages%2Fautos%2F34%2F1763497286443.IMG-20251118-WA0261.jpg,https://api-caradvice.duckdns.org/api/image?path=%2Fopt%2Fcaradvice-media%2Fimages%2Fautos%2F34%2F1763497286462.IMG-20251118-WA0256.jpg",FORD,KA,2019,91500,KM,GASOLINE,MANUAL,HATCHBACK,Octavio Pinto 3024,Cordoba,Cordoba,5000,AR,-31.4167,-64.1833
35,RENAULT SANDERO 2.0 16V RS L16,RENAULT SANDERO 2.0 16V RS L16,AVAILABLE,USED,OTHER,19000000 ARS,https://caradvice.com.ar/autos/35,https://api-caradvice.duckdns.org/api/image?path=%2Fopt%2Fcaradvice-media%2Fimages%2Fautos%2F35%2F1764872737790.IMG-20251204-WA0327.jpg,"https://api-caradvice.duckdns.org/api/image?path=%2Fopt%2Fcaradvice-media%2Fimages%2Fautos%2F35%2F1764872737991.IMG-20251204-WA0329.jpg,https://api-caradvice.duckdns.org/api/image?path=%2Fopt%2Fcaradvice-media%2Fimages%2Fautos%2F35%2F1764872738289.IMG-20251204-WA0325.jpg,https://api-caradvice.duckdns.org/api/image?path=%2Fopt%2Fcaradvice-media%2Fimages%2Fautos%2F35%2F1764872738845.IMG-20251204-WA0330.jpg,https://api-caradvice.duckdns.org/api/image?path=%2Fopt%2Fcaradvice-media%2Fimages%2Fautos%2F35%2F1764872739314.IMG-20251204-WA0326.jpg,https://api-caradvice.duckdns.org/api/image?path=%2Fopt%2Fcaradvice-media%2Fimages%2Fautos%2F35%2F1764872739663.IMG-20251204-WA0328.jpg,https://api-caradvice.duckdns.org/api/image?path=%2Fopt%2Fcaradvice-media%2Fimages%2Fautos%2F35%2F1764872739959.IMG-20251204-WA0331.jpg,https://api-caradvice.duckdns.org/api/image?path=%2Fopt%2Fcaradvice-media%2Fimages%2Fautos%2F35%2F1764872740066.IMG-20251204-WA0336.jpg,https://api-caradvice.duckdns.org/api/image?path=%2Fopt%2Fcaradvice-media%2Fimages%2Fautos%2F35%2F1764872740196.IMG-20251204-WA0337.jpg,https://api-caradvice.duckdns.org/api/image?path=%2Fopt%2Fcaradvice-media%2Fimages%2Fautos%2F35%2F1764872740348.IMG-20251204-WA0333.jpg,https://api-caradvice.duckdns.org/api/image?path=%2Fopt%2Fcaradvice-media%2Fimages%2Fautos%2F35%2F1764872740532.IMG-20251204-WA0334.jpg",RENAULT,SANDERO,2016,101000,KM,GASOLINE,MANUAL,HATCHBACK,Octavio Pinto 3024,Cordoba,Cordoba,5000,AR,-31.4167,-64.1833
36,VOLKSWAGEN GOLF 1.4 VII TSI BLUEMOTION TECH COMFORTLINE L15,VOLKSWAGEN GOLF 1.4 VII TSI BLUEMOTION TECH COMFORTLINE L15,AVAILABLE,USED,OTHER,16500 USD,https://caradvice.com.ar/autos/36,https://api-caradvice.duckdns.org/api/image?path=%2Fopt%2Fcaradvice-media%2Fimages%2Fautos%2F36%2F1761679646181.IMG-20250904-WA0253.jpg,"https://api-caradvice.duckdns.org/api/image?path=%2Fopt%2Fcaradvice-media%2Fimages%2Fautos%2F36%2F1761679646209.IMG-20250904-WA0257.jpg,https://api-caradvice.duckdns.org/api/image?path=%2Fopt%2Fcaradvice-media%2Fimages%2Fautos%2F36%2F1761679646255.IMG-20250904-WA0228.jpg,https://api-caradvice.duckdns.org/api/image?path=%2Fopt%2Fcaradvice-media%2Fimages%2Fautos%2F36%2F1761679646317.IMG-20250904-WA0252.jpg,https://api-caradvice.duckdns.org/api/image?path=%2Fopt%2Fcaradvice-media%2Fimages%2Fautos%2F36%2F1761679646359.IMG-20250904-WA0254.jpg,https://api-caradvice.duckdns.org/api/image?path=%2Fopt%2Fcaradvice-media%2Fimages%2Fautos%2F36%2F1761679646422.IMG-20250904-WA0259.jpg,https://api-caradvice.duckdns.org/api/image?path=%2Fopt%2Fcaradvice-media%2Fimages%2Fautos%2F36%2F1761679646476.IMG-20250904-WA0256.jpg,https://api-caradvice.duckdns.org/api/image?path=%2Fopt%2Fcaradvice-media%2Fimages%2Fautos%2F36%2F1761679646569.IMG-20250904-WA0255.jpg,https://api-caradvice.duckdns.org/api/image?path=%2Fopt%2Fcaradvice-media%2Fimages%2Fautos%2F36%2F1761679646667.IMG-20250904-WA0258.jpg,https://api-caradvice.duckdns.org/api/image?path=%2Fopt%2Fcaradvice-media%2Fimages%2Fautos%2F36%2F1761679646762.IMG-20250904-WA0260.jpg,https://api-caradvice.duckdns.org/api/image?path=%2Fopt%2Fcaradvice-media%2Fimages%2Fautos%2F36%2F1761679646853.IMG-20250904-WA0261.jpg",VOLKSWAGEN,GOLF,2015,168700,KM,GASOLINE,MANUAL,HATCHBACK,Octavio Pinto 3024,Cordoba,Cordoba,5000,AR,-31.4167,-64.1833
37,TOYOTA COROLLA CROSS 2.0 XEI CVT,TOYOTA COROLLA CROSS 2.0 XEI CVT,AVAILABLE,USED,OTHER,44000000 ARS,https://caradvice.com.ar/autos/37,https://api-caradvice.duckdns.org/api/image?path=%2Fopt%2Fcaradvice-media%2Fimages%2Fautos%2F37%2F1765575922534.IMG-20251212-WA0515.jpg,"https://api-caradvice.duckdns.org/api/image?path=%2Fopt%2Fcaradvice-media%2Fimages%2Fautos%2F37%2F1765575922549.IMG-20251212-WA0501.jpg,https://api-caradvice.duckdns.org/api/image?path=%2Fopt%2Fcaradvice-media%2Fimages%2Fautos%2F37%2F1765575922620.IMG-20251212-WA0514.jpg,https://api-caradvice.duckdns.org/api/image?path=%2Fopt%2Fcaradvice-media%2Fimages%2Fautos%2F37%2F1765575922679.IMG-20251212-WA0506.jpg,https://api-caradvice.duckdns.org/api/image?path=%2Fopt%2Fcaradvice-media%2Fimages%2Fautos%2F37%2F1765575922763.IMG-20251212-WA0517.jpg,https://api-caradvice.duckdns.org/api/image?path=%2Fopt%2Fcaradvice-media%2Fimages%2Fautos%2F37%2F1765575922803.IMG-20251212-WA0502.jpg,https://api-caradvice.duckdns.org/api/image?path=%2Fopt%2Fcaradvice-media%2Fimages%2Fautos%2F37%2F1765575922839.IMG-20251212-WA0500.jpg,https://api-caradvice.duckdns.org/api/image?path=%2Fopt%2Fcaradvice-media%2Fimages%2Fautos%2F37%2F1765575922908.IMG-20251212-WA0504.jpg,https://api-caradvice.duckdns.org/api/image?path=%2Fopt%2Fcaradvice-media%2Fimages%2Fautos%2F37%2F1765575922952.IMG-20251212-WA0507.jpg,https://api-caradvice.duckdns.org/api/image?path=%2Fopt%2Fcaradvice-media%2Fimages%2Fautos%2F37%2F1765575922966.IMG-20251212-WA0508.jpg,https://api-caradvice.duckdns.org/api/image?path=%2Fopt%2Fcaradvice-media%2Fimages%2Fautos%2F37%2F1765575922993.IMG-20251212-WA0509.jpg",TOYOTA,COROLLA CROSS,2023,46000,KM,GASOLINE,AUTOMATIC,SUV,Octavio Pinto 3024,Cordoba,Cordoba,5000,AR,-31.4167,-64.1833
39,NISSAN MARCH 1.6 ACTIVE PURE DRIVE L14,NISSAN MARCH 1.6 ACTIVE PURE DRIVE L14,AVAILABLE,USED,OTHER,18900000 ARS,https://caradvice.com.ar/autos/39,https://api-caradvice.duckdns.org/api/image?path=%2Fopt%2Fcaradvice-media%2Fimages%2Fautos%2F39%2F1758585009198.IMG-20250922-WA0283.jpg,"https://api-caradvice.duckdns.org/api/image?path=%2Fopt%2Fcaradvice-media%2Fimages%2Fautos%2F39%2F1758585009239.IMG-20250922-WA0292.jpg,https://api-caradvice.duckdns.org/api/image?path=%2Fopt%2Fcaradvice-media%2Fimages%2Fautos%2F39%2F1758585009250.IMG-20250922-WA0289.jpg,https://api-caradvice.duckdns.org/api/image?path=%2Fopt%2Fcaradvice-media%2Fimages%2Fautos%2F39%2F1758585009289.Imagen%20de%20WhatsApp%202025-09-22%20a%20las%2014.51.15_c991322.jpg,https://api-caradvice.duckdns.org/api/image?path=%2Fopt%2Fcaradvice-media%2Fimages%2Fautos%2F39%2F1758585009364.IMG-20250922-WA0290.jpg,https://api-caradvice.duckdns.org/api/image?path=%2Fopt%2Fcaradvice-media%2Fimages%2Fautos%2F39%2F1758585009434.IMG-20250922-WA0291.jpg,https://api-caradvice.duckdns.org/api/image?path=%2Fopt%2Fcaradvice-media%2Fimages%2Fautos%2F39%2F1758585009483.Imagen%20de%20WhatsApp%202025-09-22%20a%20las%2014.51.15_ca6a216.jpg,https://api-caradvice.duckdns.org/api/image?path=%2Fopt%2Fcaradvice-media%2Fimages%2Fautos%2F39%2F1758585009535.IMG-20250922-WA0281.jpg,https://api-caradvice.duckdns.org/api/image?path=%2Fopt%2Fcaradvice-media%2Fimages%2Fautos%2F39%2F1758585009584.IMG-20250922-WA0282.jpg,https://api-caradvice.duckdns.org/api/image?path=%2Fopt%2Fcaradvice-media%2Fimages%2Fautos%2F39%2F1758585009643.IMG-20250922-WA0284.jpg,https://api-caradvice.duckdns.org/api/image?path=%2Fopt%2Fcaradvice-media%2Fimages%2Fautos%2F39%2F1758585009674.IMG-20250922-WA0286.jpg",NISSAN,MARCH,2018,80000,KM,GASOLINE,MANUAL,HATCHBACK,Octavio Pinto 3024,Cordoba,Cordoba,5000,AR,-31.4167,-64.1833
40,TOYOTA COROLLA 1.8 XEI CVT L14,TOYOTA COROLLA 1.8 XEI CVT L14,AVAILABLE,USED,OTHER,15000 USD,https://caradvice.com.ar/autos/40,https://api-caradvice.duckdns.org/api/image?path=%2Fopt%2Fcaradvice-media%2Fimages%2Fautos%2F40%2F1767165848051.WhatsApp%20Image%202025-12-30%20at%2022.06.53%20(1).jpeg,"https://api-caradvice.duckdns.org/api/image?path=%2Fopt%2Fcaradvice-media%2Fimages%2Fautos%2F40%2F1767165848078.WhatsApp%20Image%202025-12-30%20at%2022.06.54%20(1).jpeg,https://api-caradvice.duckdns.org/api/image?path=%2Fopt%2Fcaradvice-media%2Fimages%2Fautos%2F40%2F1767165848086.WhatsApp%20Image%202025-12-30%20at%2022.06.53.jpeg,https://api-caradvice.duckdns.org/api/image?path=%2Fopt%2Fcaradvice-media%2Fimages%2Fautos%2F40%2F1767165848094.WhatsApp%20Image%202025-12-30%20at%2022.06.54.jpeg,https://api-caradvice.duckdns.org/api/image?path=%2Fopt%2Fcaradvice-media%2Fimages%2Fautos%2F40%2F1767165848100.WhatsApp%20Image%202025-12-30%20at%2022.06.53%20(2).jpeg,https://api-caradvice.duckdns.org/api/image?path=%2Fopt%2Fcaradvice-media%2Fimages%2Fautos%2F40%2F1767165848106.WhatsApp%20Image%202025-12-30%20at%2022.06.54%20(2).jpeg,https://api-caradvice.duckdns.org/api/image?path=%2Fopt%2Fcaradvice-media%2Fimages%2Fautos%2F40%2F1767165848112.WhatsApp%20Image%202025-12-30%20at%2022.06.55%20(1).jpeg,https://api-caradvice.duckdns.org/api/image?path=%2Fopt%2Fcaradvice-media%2Fimages%2Fautos%2F40%2F1767165848131.WhatsApp%20Image%202025-12-30%20at%2022.06.55%20(2).jpeg,https://api-caradvice.duckdns.org/api/image?path=%2Fopt%2Fcaradvice-media%2Fimages%2Fautos%2F40%2F1767165848202.WhatsApp%20Image%202025-12-30%20at%2022.06.55.jpeg,https://api-caradvice.duckdns.org/api/image?path=%2Fopt%2Fcaradvice-media%2Fimages%2Fautos%2F40%2F1767165848236.WhatsApp%20Image%202025-12-30%20at%2022.06.56%20(1).jpeg,https://api-caradvice.duckdns.org/api/image?path=%2Fopt%2Fcaradvice-media%2Fimages%2Fautos%2F40%2F1767165848256.WhatsApp%20Image%202025-12-30%20at%2022.06.56%20(2).jpeg",TOYOTA,COROLLA,2014,242500,KM,GASOLINE,AUTOMATIC,SEDAN,Octavio Pinto 3024,Cordoba,Cordoba,5000,AR,-31.4167,-64.1833
41,FORD FIESTA 1.6 SE KD 5P L14,FORD FIESTA 1.6 SE KD 5P L14,AVAILABLE,USED,OTHER,18900000 ARS,https://caradvice.com.ar/autos/41,https://api-caradvice.duckdns.org/api/image?path=%2Fopt%2Fcaradvice-media%2Fimages%2Fautos%2F41%2F1763401284368.IMG-20251117-WA0424.jpg,"https://api-caradvice.duckdns.org/api/image?path=%2Fopt%2Fcaradvice-media%2Fimages%2Fautos%2F41%2F1763401284381.IMG-20251117-WA0415.jpg,https://api-caradvice.duckdns.org/api/image?path=%2Fopt%2Fcaradvice-media%2Fimages%2Fautos%2F41%2F1763401284388.IMG-20251117-WA0426.jpg,https://api-caradvice.duckdns.org/api/image?path=%2Fopt%2Fcaradvice-media%2Fimages%2Fautos%2F41%2F1763401284438.IMG-20251117-WA0413.jpg,https://api-caradvice.duckdns.org/api/image?path=%2Fopt%2Fcaradvice-media%2Fimages%2Fautos%2F41%2F1763401284478.IMG-20251117-WA0425.jpg,https://api-caradvice.duckdns.org/api/image?path=%2Fopt%2Fcaradvice-media%2Fimages%2Fautos%2F41%2F1763401284872.IMG-20251117-WA0410.jpg,https://api-caradvice.duckdns.org/api/image?path=%2Fopt%2Fcaradvice-media%2Fimages%2Fautos%2F41%2F1763401285318.IMG-20251117-WA0411.jpg,https://api-caradvice.duckdns.org/api/image?path=%2Fopt%2Fcaradvice-media%2Fimages%2Fautos%2F41%2F1763401285321.IMG-20251117-WA0417.jpg,https://api-caradvice.duckdns.org/api/image?path=%2Fopt%2Fcaradvice-media%2Fimages%2Fautos%2F41%2F1763401285334.IMG-20251117-WA0418.jpg,https://api-caradvice.duckdns.org/api/image?path=%2Fopt%2Fcaradvice-media%2Fimages%2Fautos%2F41%2F1763401285385.IMG-20251117-WA0419.jpg,https://api-caradvice.duckdns.org/api/image?path=%2Fopt%2Fcaradvice-media%2Fimages%2Fautos%2F41%2F1763401285465.IMG-20251117-WA0420.jpg",FORD,FIESTA,2017,140000,KM,GASOLINE,MANUAL,HATCHBACK,Octavio Pinto 3024,Cordoba,Cordoba,5000,AR,-31.4167,-64.1833
43,PEUGEOT 308 1.6 ALLURE NAV L12,PEUGEOT 308 1.6 ALLURE NAV L12,AVAILABLE,USED,OTHER,17000000 ARS,https://caradvice.com.ar/autos/43,https://api-caradvice.duckdns.org/api/image?path=%2Fopt%2Fcaradvice-media%2Fimages%2Fautos%2F43%2F1761246641252.IMG-20251023-WA0320.jpg,"https://api-caradvice.duckdns.org/api/image?path=%2Fopt%2Fcaradvice-media%2Fimages%2Fautos%2F43%2F1761246641319.IMG-20251023-WA0323.jpg,https://api-caradvice.duckdns.org/api/image?path=%2Fopt%2Fcaradvice-media%2Fimages%2Fautos%2F43%2F1761246641367.IMG-20251023-WA0321.jpg,https://api-caradvice.duckdns.org/api/image?path=%2Fopt%2Fcaradvice-media%2Fimages%2Fautos%2F43%2F1761246641476.IMG-20251023-WA0328.jpg,https://api-caradvice.duckdns.org/api/image?path=%2Fopt%2Fcaradvice-media%2Fimages%2Fautos%2F43%2F1761246641525.Imagen%20de%20WhatsApp%202025-10-23%20a%20las%2016.01.27_51538dc.jpg,https://api-caradvice.duckdns.org/api/image?path=%2Fopt%2Fcaradvice-media%2Fimages%2Fautos%2F43%2F1761246641645.IMG-20251023-WA0322.jpg,https://api-caradvice.duckdns.org/api/image?path=%2Fopt%2Fcaradvice-media%2Fimages%2Fautos%2F43%2F1761246641751.IMG-20251023-WA0324.jpg,https://api-caradvice.duckdns.org/api/image?path=%2Fopt%2Fcaradvice-media%2Fimages%2Fautos%2F43%2F1761246641855.IMG-20251023-WA0325.jpg,https://api-caradvice.duckdns.org/api/image?path=%2Fopt%2Fcaradvice-media%2Fimages%2Fautos%2F43%2F1761246641976.IMG-20251023-WA0327.jpg,https://api-caradvice.duckdns.org/api/image?path=%2Fopt%2Fcaradvice-media%2Fimages%2Fautos%2F43%2F1761246642090.IMG-20251023-WA0329.jpg,https://api-caradvice.duckdns.org/api/image?path=%2Fopt%2Fcaradvice-media%2Fimages%2Fautos%2F43%2F1761246642215.IMG-20251023-WA0330.jpg",PEUGEOT,308,2015,136000,KM,GASOLINE,MANUAL,HATCHBACK,Octavio Pinto 3024,Cordoba,Cordoba,5000,AR,-31.4167,-64.1833
44,PEUGEOT 207 COMPACT 2.0 5 P XT HDI,PEUGEOT 207 COMPACT 2.0 5 P XT HDI,AVAILABLE,USED,OTHER,11500000 ARS,https://caradvice.com.ar/autos/44,https://api-caradvice.duckdns.org/api/image?path=%2Fopt%2Fcaradvice-media%2Fimages%2Fautos%2F44%2F1749675413848.16e2c162-5df4-4975-9604-0c2b450821cf.JPG,"https://api-caradvice.duckdns.org/api/image?path=%2Fopt%2Fcaradvice-media%2Fimages%2Fautos%2F44%2F1749675414312.20bd4e9a-7e8e-4db2-9965-7fa6a7b92372.JPG,https://api-caradvice.duckdns.org/api/image?path=%2Fopt%2Fcaradvice-media%2Fimages%2Fautos%2F44%2F1749675414757.f63a5869-4cdb-4c38-be13-646a79de2e22.JPG,https://api-caradvice.duckdns.org/api/image?path=%2Fopt%2Fcaradvice-media%2Fimages%2Fautos%2F44%2F1749675415088.fb67f9c5-d490-4368-bcb7-d9d73d68f81c.JPG,https://api-caradvice.duckdns.org/api/image?path=%2Fopt%2Fcaradvice-media%2Fimages%2Fautos%2F44%2F1749675415520.e15fc174-6565-4dbf-8f36-e0b2cb75b5f9.JPG,https://api-caradvice.duckdns.org/api/image?path=%2Fopt%2Fcaradvice-media%2Fimages%2Fautos%2F44%2F1749675415968.3c85d53c-ce32-4ab9-93c4-abf33a598f83.JPG,https://api-caradvice.duckdns.org/api/image?path=%2Fopt%2Fcaradvice-media%2Fimages%2Fautos%2F44%2F1749675416393.0ad2248d-bdb7-4c86-99b3-aae50ff551bd.JPG,https://api-caradvice.duckdns.org/api/image?path=%2Fopt%2Fcaradvice-media%2Fimages%2Fautos%2F44%2F1749675416736.733e7c67-88b4-450b-9f1f-23d8dd610b91.JPG,https://api-caradvice.duckdns.org/api/image?path=%2Fopt%2Fcaradvice-media%2Fimages%2Fautos%2F44%2F1749675417193.44468b19-44dc-4cc1-b886-8b616d885d52.JPG,https://api-caradvice.duckdns.org/api/image?path=%2Fopt%2Fcaradvice-media%2Fimages%2Fautos%2F44%2F1749675417496.8632456b-df46-4c38-b2df-c8d59422487b.JPG,https://api-caradvice.duckdns.org/api/image?path=%2Fopt%2Fcaradvice-media%2Fimages%2Fautos%2F44%2F1749675417955.ad74fcbb-6743-45a6-adda-af57cd543e64.JPG",PEUGEOT,207,2010,144000,KM,DIESEL,MANUAL,HATCHBACK,Octavio Pinto 3024,Cordoba,Cordoba,5000,AR,-31.4167,-64.1833
45,CITROEN C3 1.6 VTI FEEL L16,CITROEN C3 1.6 VTI FEEL L16,AVAILABLE,USED,OTHER,18000000 ARS,https://caradvice.com.ar/autos/45,https://api-caradvice.duckdns.org/api/image?path=%2Fopt%2Fcaradvice-media%2Fimages%2Fautos%2F45%2F1749048148918.b9660e40-0868-4440-bf45-8f9fdb1494fc.JPG,"https://api-caradvice.duckdns.org/api/image?path=%2Fopt%2Fcaradvice-media%2Fimages%2Fautos%2F45%2F1749048149193.70dccca9-91cc-4d8e-8d4a-3aa9e7b9b722.JPG,https://api-caradvice.duckdns.org/api/image?path=%2Fopt%2Fcaradvice-media%2Fimages%2Fautos%2F45%2F1749048149329.83b8ae6a-8c40-41f5-810d-5c0347c6ba11.JPG,https://api-caradvice.duckdns.org/api/image?path=%2Fopt%2Fcaradvice-media%2Fimages%2Fautos%2F45%2F1749048149448.e0f24101-8ce3-4b16-8cd0-be00f8b3f2fe.JPG,https://api-caradvice.duckdns.org/api/image?path=%2Fopt%2Fcaradvice-media%2Fimages%2Fautos%2F45%2F1749048149574.deb7e920-0fd7-4243-a019-f63c6e34d2e5.JPG,https://api-caradvice.duckdns.org/api/image?path=%2Fopt%2Fcaradvice-media%2Fimages%2Fautos%2F45%2F1749048149805.2ef03bb9-ea10-4f4f-9d47-b53c6abbc667.JPG,https://api-caradvice.duckdns.org/api/image?path=%2Fopt%2Fcaradvice-media%2Fimages%2Fautos%2F45%2F1749048149844.a1c09708-4a21-4d79-b5a6-1b793d6cac74.JPG,https://api-caradvice.duckdns.org/api/image?path=%2Fopt%2Fcaradvice-media%2Fimages%2Fautos%2F45%2F1749048149967.bea2f454-ebd6-4e59-bef2-33ee6df85108.JPG,https://api-caradvice.duckdns.org/api/image?path=%2Fopt%2Fcaradvice-media%2Fimages%2Fautos%2F45%2F1749048150029.c91b41c4-8638-4e87-babe-54f3fb53c8e8.JPG,https://api-caradvice.duckdns.org/api/image?path=%2Fopt%2Fcaradvice-media%2Fimages%2Fautos%2F45%2F1749048150144.c98a1119-8dbb-4d0d-acb4-4d460eadff31.JPG,https://api-caradvice.duckdns.org/api/image?path=%2Fopt%2Fcaradvice-media%2Fimages%2Fautos%2F45%2F1749048150294.4d882284-259b-4984-b29e-661d131d1ecd.JPG",CITROEN,C3,2017,114700,KM,GASOLINE,MANUAL,HATCHBACK,Octavio Pinto 3024,Cordoba,Cordoba,5000,AR,-31.4167,-64.1833
46,TOYOTA HILUX 2.8 TDI 4X2 SRX AT6,TOYOTA HILUX 2.8 TDI 4X2 SRX AT6,AVAILABLE,USED,OTHER,44900 USD,https://caradvice.com.ar/autos/46,https://api-caradvice.duckdns.org/api/image?path=%2Fopt%2Fcaradvice-media%2Fimages%2Fautos%2F46%2F1758145614668.IMG-20250917-WA0411.jpg,"https://api-caradvice.duckdns.org/api/image?path=%2Fopt%2Fcaradvice-media%2Fimages%2Fautos%2F46%2F1758145614914.IMG-20250917-WA0398.jpg,https://api-caradvice.duckdns.org/api/image?path=%2Fopt%2Fcaradvice-media%2Fimages%2Fautos%2F46%2F1758145615095.IMG-20250917-WA0413.jpg,https://api-caradvice.duckdns.org/api/image?path=%2Fopt%2Fcaradvice-media%2Fimages%2Fautos%2F46%2F1758145615268.IMG-20250917-WA0397.jpg,https://api-caradvice.duckdns.org/api/image?path=%2Fopt%2Fcaradvice-media%2Fimages%2Fautos%2F46%2F1758145615426.IMG-20250917-WA0412.jpg,https://api-caradvice.duckdns.org/api/image?path=%2Fopt%2Fcaradvice-media%2Fimages%2Fautos%2F46%2F1758145615561.IMG-20250917-WA0400.jpg,https://api-caradvice.duckdns.org/api/image?path=%2Fopt%2Fcaradvice-media%2Fimages%2Fautos%2F46%2F1758145615753.IMG-20250917-WA0399.jpg,https://api-caradvice.duckdns.org/api/image?path=%2Fopt%2Fcaradvice-media%2Fimages%2Fautos%2F46%2F1758145615914.IMG-20250917-WA0402.jpg,https://api-caradvice.duckdns.org/api/image?path=%2Fopt%2Fcaradvice-media%2Fimages%2Fautos%2F46%2F1758145616169.IMG-20250917-WA0401.jpg,https://api-caradvice.duckdns.org/api/image?path=%2Fopt%2Fcaradvice-media%2Fimages%2Fautos%2F46%2F1758145616407.IMG-20250917-WA0405.jpg,https://api-caradvice.duckdns.org/api/image?path=%2Fopt%2Fcaradvice-media%2Fimages%2Fautos%2F46%2F1758145616595.IMG-20250917-WA0406.jpg",TOYOTA,HILUX,2022,89000,KM,DIESEL,AUTOMATIC,PICKUP,Octavio Pinto 3024,Cordoba,Cordoba,5000,AR,-31.4167,-64.1833
47,TOYOTA SW4 2.8 TDI DIAMOND AT6,TOYOTA SW4 2.8 TDI DIAMOND AT6,AVAILABLE,USED,OTHER,53000 USD,https://caradvice.com.ar/autos/47,https://api-caradvice.duckdns.org/api/image?path=%2Fopt%2Fcaradvice-media%2Fimages%2Fautos%2F47%2F1761175709226.IMG-20251022-WA0594.jpg,"https://api-caradvice.duckdns.org/api/image?path=%2Fopt%2Fcaradvice-media%2Fimages%2Fautos%2F47%2F1761175709820.IMG-20251022-WA0577.jpg,https://api-caradvice.duckdns.org/api/image?path=%2Fopt%2Fcaradvice-media%2Fimages%2Fautos%2F47%2F1761175710124.IMG-20251022-WA0593.jpg,https://api-caradvice.duckdns.org/api/image?path=%2Fopt%2Fcaradvice-media%2Fimages%2Fautos%2F47%2F1761175710372.IMG-20251022-WA0583.jpg,https://api-caradvice.duckdns.org/api/image?path=%2Fopt%2Fcaradvice-media%2Fimages%2Fautos%2F47%2F1761175710602.IMG-20251022-WA0590.jpg,https://api-caradvice.duckdns.org/api/image?path=%2Fopt%2Fcaradvice-media%2Fimages%2Fautos%2F47%2F1761175710969.IMG-20251022-WA0581.jpg,https://api-caradvice.duckdns.org/api/image?path=%2Fopt%2Fcaradvice-media%2Fimages%2Fautos%2F47%2F1761175712028.IMG-20251022-WA0575.jpg,https://api-caradvice.duckdns.org/api/image?path=%2Fopt%2Fcaradvice-media%2Fimages%2Fautos%2F47%2F1761175712363.IMG-20251022-WA0579.jpg,https://api-caradvice.duckdns.org/api/image?path=%2Fopt%2Fcaradvice-media%2Fimages%2Fautos%2F47%2F1761175712732.IMG-20251022-WA0584.jpg,https://api-caradvice.duckdns.org/api/image?path=%2Fopt%2Fcaradvice-media%2Fimages%2Fautos%2F47%2F1761175712910.IMG-20251022-WA0585.jpg,https://api-caradvice.duckdns.org/api/image?path=%2Fopt%2Fcaradvice-media%2Fimages%2Fautos%2F47%2F1761175713029.IMG-20251022-WA0586.jpg",TOYOTA,SW4,2022,110000,KM,DIESEL,AUTOMATIC,SUV,Octavio Pinto 3024,Cordoba,Cordoba,5000,AR,-31.4167,-64.1833
48,FIAT FASTBACK 1.3 T GSE AT6 L24,FIAT FASTBACK 1.3 T GSE AT6 L24,AVAILABLE,USED,OTHER,38250000 ARS,https://caradvice.com.ar/autos/48,https://api-caradvice.duckdns.org/api/image?path=%2Fopt%2Fcaradvice-media%2Fimages%2Fautos%2F48%2F1734488538575.PHOTO-2024-12-13-14-50-55%204.jpg,"https://api-caradvice.duckdns.org/api/image?path=%2Fopt%2Fcaradvice-media%2Fimages%2Fautos%2F48%2F1734488538835.PHOTO-2024-12-13-14-50-54%204.jpg,https://api-caradvice.duckdns.org/api/image?path=%2Fopt%2Fcaradvice-media%2Fimages%2Fautos%2F48%2F1734488538962.PHOTO-2024-12-13-14-50-55%203.jpg,https://api-caradvice.duckdns.org/api/image?path=%2Fopt%2Fcaradvice-media%2Fimages%2Fautos%2F48%2F1734488539033.PHOTO-2024-12-13-14-50-56%203.jpg,https://api-caradvice.duckdns.org/api/image?path=%2Fopt%2Fcaradvice-media%2Fimages%2Fautos%2F48%2F1734488539315.PHOTO-2024-12-13-14-50-56%204.jpg,https://api-caradvice.duckdns.org/api/image?path=%2Fopt%2Fcaradvice-media%2Fimages%2Fautos%2F48%2F1734488539555.PHOTO-2024-12-13-14-50-54%203.jpg,https://api-caradvice.duckdns.org/api/image?path=%2Fopt%2Fcaradvice-media%2Fimages%2Fautos%2F48%2F1734488539659.PHOTO-2024-12-13-14-50-48%206.jpg,https://api-caradvice.duckdns.org/api/image?path=%2Fopt%2Fcaradvice-media%2Fimages%2Fautos%2F48%2F1734488539737.PHOTO-2024-12-13-14-50-50%202.jpg,https://api-caradvice.duckdns.org/api/image?path=%2Fopt%2Fcaradvice-media%2Fimages%2Fautos%2F48%2F1734488539795.PHOTO-2024-12-13-14-50-51%203.jpg,https://api-caradvice.duckdns.org/api/image?path=%2Fopt%2Fcaradvice-media%2Fimages%2Fautos%2F48%2F1734488539877.PHOTO-2024-12-13-14-50-51%204.jpg,https://api-caradvice.duckdns.org/api/image?path=%2Fopt%2Fcaradvice-media%2Fimages%2Fautos%2F48%2F1734488539947.PHOTO-2024-12-13-14-50-52%203.jpg",FIAT,FASTBACK,2024,0,KM,GASOLINE,AUTOMATIC,SUV,Octavio Pinto 3024,Cordoba,Cordoba,5000,AR,-31.4167,-64.1833
49,FIAT 500 1.4 LOUNGE AT L11,FIAT 500 1.4 LOUNGE AT L11,AVAILABLE,USED,OTHER,17500 USD,https://caradvice.com.ar/autos/49,https://api-caradvice.duckdns.org/api/image?path=%2Fopt%2Fcaradvice-media%2Fimages%2Fautos%2F49%2F1762443336640.IMG-20251106-WA0156.jpg,"https://api-caradvice.duckdns.org/api/image?path=%2Fopt%2Fcaradvice-media%2Fimages%2Fautos%2F49%2F1762443336686.IMG-20251106-WA0148.jpg,https://api-caradvice.duckdns.org/api/image?path=%2Fopt%2Fcaradvice-media%2Fimages%2Fautos%2F49%2F1762443336695.IMG-20251106-WA0159.jpg,https://api-caradvice.duckdns.org/api/image?path=%2Fopt%2Fcaradvice-media%2Fimages%2Fautos%2F49%2F1762443336738.IMG-20251106-WA0147.jpg,https://api-caradvice.duckdns.org/api/image?path=%2Fopt%2Fcaradvice-media%2Fimages%2Fautos%2F49%2F1762443336794.IMG-20251106-WA0157.jpg,https://api-caradvice.duckdns.org/api/image?path=%2Fopt%2Fcaradvice-media%2Fimages%2Fautos%2F49%2F1762443336893.IMG-20251106-WA0145.jpg,https://api-caradvice.duckdns.org/api/image?path=%2Fopt%2Fcaradvice-media%2Fimages%2Fautos%2F49%2F1762443336925.IMG-20251106-WA0146.jpg,https://api-caradvice.duckdns.org/api/image?path=%2Fopt%2Fcaradvice-media%2Fimages%2Fautos%2F49%2F1762443336960.IMG-20251106-WA0149.jpg,https://api-caradvice.duckdns.org/api/image?path=%2Fopt%2Fcaradvice-media%2Fimages%2Fautos%2F49%2F1762443337025.IMG-20251106-WA0144.jpg,https://api-caradvice.duckdns.org/api/image?path=%2Fopt%2Fcaradvice-media%2Fimages%2Fautos%2F49%2F1762443337089.IMG-20251106-WA0150.jpg,https://api-caradvice.duckdns.org/api/image?path=%2Fopt%2Fcaradvice-media%2Fimages%2Fautos%2F49%2F1762443337109.IMG-20251106-WA0151.jpg",FIAT,500,2017,88000,KM,GASOLINE,AUTOMATIC,SEDAN,Octavio Pinto 3024,Cordoba,Cordoba,5000,AR,-31.4167,-64.1833
50,CHEVROLET S-10 2.8TD DC 4X4 HC L17,CHEVROLET S-10 2.8TD DC 4X4 HC L17,AVAILABLE,USED,OTHER,32000000 ARS,https://caradvice.com.ar/autos/50,https://api-caradvice.duckdns.org/api/image?path=%2Fopt%2Fcaradvice-media%2Fimages%2Fautos%2F50%2F1764107796272.IMG-20251125-WA0648.jpg,"https://api-caradvice.duckdns.org/api/image?path=%2Fopt%2Fcaradvice-media%2Fimages%2Fautos%2F50%2F1764107796313.IMG-20251125-WA0649.jpg,https://api-caradvice.duckdns.org/api/image?path=%2Fopt%2Fcaradvice-media%2Fimages%2Fautos%2F50%2F1764107796420.IMG-20251125-WA0647.jpg,https://api-caradvice.duckdns.org/api/image?path=%2Fopt%2Fcaradvice-media%2Fimages%2Fautos%2F50%2F1764107796549.IMG-20251125-WA0652.jpg,https://api-caradvice.duckdns.org/api/image?path=%2Fopt%2Fcaradvice-media%2Fimages%2Fautos%2F50%2F1764107797014.IMG-20251125-WA0650.jpg,https://api-caradvice.duckdns.org/api/image?path=%2Fopt%2Fcaradvice-media%2Fimages%2Fautos%2F50%2F1764107797126.IMG-20251125-WA0651.jpg,https://api-caradvice.duckdns.org/api/image?path=%2Fopt%2Fcaradvice-media%2Fimages%2Fautos%2F50%2F1764107797243.IMG-20251125-WA0653.jpg,https://api-caradvice.duckdns.org/api/image?path=%2Fopt%2Fcaradvice-media%2Fimages%2Fautos%2F50%2F1764107797339.IMG-20251125-WA0654.jpg,https://api-caradvice.duckdns.org/api/image?path=%2Fopt%2Fcaradvice-media%2Fimages%2Fautos%2F50%2F1764107797495.IMG-20251125-WA0655.jpg,https://api-caradvice.duckdns.org/api/image?path=%2Fopt%2Fcaradvice-media%2Fimages%2Fautos%2F50%2F1764107797564.IMG-20251125-WA0656.jpg,https://api-caradvice.duckdns.org/api/image?path=%2Fopt%2Fcaradvice-media%2Fimages%2Fautos%2F50%2F1764107797732.IMG-20251125-WA0657.jpg",CHEVROLET,S-10,2016,136000,KM,DIESEL,MANUAL,PICKUP,Octavio Pinto 3024,Cordoba,Cordoba,5000,AR,-31.4167,-64.1833
51,CITROEN JUMPY 1.6 HDI BUSINESS L3,CITROEN JUMPY 1.6 HDI BUSINESS L3,AVAILABLE,USED,OTHER,30000000 ARS,https://caradvice.com.ar/autos/51,https://api-caradvice.duckdns.org/api/image?path=%2Fopt%2Fcaradvice-media%2Fimages%2Fautos%2F51%2F1766003347033.IMG-20251217-WA0321.jpg,"https://api-caradvice.duckdns.org/api/image?path=%2Fopt%2Fcaradvice-media%2Fimages%2Fautos%2F51%2F1766003347095.IMG-20251217-WA0319.jpg,https://api-caradvice.duckdns.org/api/image?path=%2Fopt%2Fcaradvice-media%2Fimages%2Fautos%2F51%2F1766003347197.IMG-20251217-WA0317.jpg,https://api-caradvice.duckdns.org/api/image?path=%2Fopt%2Fcaradvice-media%2Fimages%2Fautos%2F51%2F1766003347388.IMG-20251217-WA0323.jpg,https://api-caradvice.duckdns.org/api/image?path=%2Fopt%2Fcaradvice-media%2Fimages%2Fautos%2F51%2F1766003347600.IMG-20251217-WA0320.jpg,https://api-caradvice.duckdns.org/api/image?path=%2Fopt%2Fcaradvice-media%2Fimages%2Fautos%2F51%2F1766003347745.IMG-20251217-WA0318.jpg,https://api-caradvice.duckdns.org/api/image?path=%2Fopt%2Fcaradvice-media%2Fimages%2Fautos%2F51%2F1766003347907.IMG-20251217-WA0326.jpg,https://api-caradvice.duckdns.org/api/image?path=%2Fopt%2Fcaradvice-media%2Fimages%2Fautos%2F51%2F1766003347961.IMG-20251217-WA0328.jpg,https://api-caradvice.duckdns.org/api/image?path=%2Fopt%2Fcaradvice-media%2Fimages%2Fautos%2F51%2F1766003348060.IMG-20251217-WA0325.jpg,https://api-caradvice.duckdns.org/api/image?path=%2Fopt%2Fcaradvice-media%2Fimages%2Fautos%2F51%2F1766003348276.IMG-20251217-WA0322.jpg,https://api-caradvice.duckdns.org/api/image?path=%2Fopt%2Fcaradvice-media%2Fimages%2Fautos%2F51%2F1766003348429.IMG-20251217-WA0324.jpg",CITROEN,JUMPY,2020,145000,KM,DIESEL,MANUAL,VAN,Octavio Pinto 3024,Cordoba,Cordoba,5000,AR,-31.4167,-64.1833
52,NISSAN KICKS 1.6 EXCLUSIVE CVT L17,NISSAN KICKS 1.6 EXCLUSIVE CVT L17,AVAILABLE,USED,OTHER,19500 USD,https://caradvice.com.ar/autos/52,https://api-caradvice.duckdns.org/api/image?path=%2Fopt%2Fcaradvice-media%2Fimages%2Fautos%2F52%2F1758840767969.IMG-20250925-WA0161.jpg,"https://api-caradvice.duckdns.org/api/image?path=%2Fopt%2Fcaradvice-media%2Fimages%2Fautos%2F52%2F1758840767974.IMG-20250925-WA0160.jpg,https://api-caradvice.duckdns.org/api/image?path=%2Fopt%2Fcaradvice-media%2Fimages%2Fautos%2F52%2F1758840767978.IMG-20250925-WA0157.jpg,https://api-caradvice.duckdns.org/api/image?path=%2Fopt%2Fcaradvice-media%2Fimages%2Fautos%2F52%2F1758840767982.IMG-20250925-WA0159.jpg,https://api-caradvice.duckdns.org/api/image?path=%2Fopt%2Fcaradvice-media%2Fimages%2Fautos%2F52%2F1758840767986.IMG-20250925-WA0162.jpg,https://api-caradvice.duckdns.org/api/image?path=%2Fopt%2Fcaradvice-media%2Fimages%2Fautos%2F52%2F1758840767990.IMG-20250925-WA0158.jpg,https://api-caradvice.duckdns.org/api/image?path=%2Fopt%2Fcaradvice-media%2Fimages%2Fautos%2F52%2F1758840767994.IMG-20250925-WA0163.jpg,https://api-caradvice.duckdns.org/api/image?path=%2Fopt%2Fcaradvice-media%2Fimages%2Fautos%2F52%2F1758840767998.IMG-20250925-WA0164.jpg,https://api-caradvice.duckdns.org/api/image?path=%2Fopt%2Fcaradvice-media%2Fimages%2Fautos%2F52%2F1758840768015.IMG-20250925-WA0165.jpg,https://api-caradvice.duckdns.org/api/image?path=%2Fopt%2Fcaradvice-media%2Fimages%2Fautos%2F52%2F1758840768269.IMG-20250925-WA0169.jpg,https://api-caradvice.duckdns.org/api/image?path=%2Fopt%2Fcaradvice-media%2Fimages%2Fautos%2F52%2F1758840768287.IMG-20250925-WA0167.jpg",NISSAN,KICKS,2020,124000,KM,GASOLINE,AUTOMATIC,SUV,Octavio Pinto 3024,Cordoba,Cordoba,5000,AR,-31.4167,-64.1833
53,NISSAN KICKS 1.6 EXCLUSIVE CVT L17,NISSAN KICKS 1.6 EXCLUSIVE CVT L17,AVAILABLE,USED,OTHER,26000000 ARS,https://caradvice.com.ar/autos/53,https://api-caradvice.duckdns.org/api/image?path=%2Fopt%2Fcaradvice-media%2Fimages%2Fautos%2F53%2F1761242658135.IMG-20251023-WA0166.jpg,"https://api-caradvice.duckdns.org/api/image?path=%2Fopt%2Fcaradvice-media%2Fimages%2Fautos%2F53%2F1761242658192.IMG-20251023-WA0170.jpg,https://api-caradvice.duckdns.org/api/image?path=%2Fopt%2Fcaradvice-media%2Fimages%2Fautos%2F53%2F1761242658253.IMG-20251023-WA0167.jpg,https://api-caradvice.duckdns.org/api/image?path=%2Fopt%2Fcaradvice-media%2Fimages%2Fautos%2F53%2F1761242658292.IMG-20251023-WA0168.jpg,https://api-caradvice.duckdns.org/api/image?path=%2Fopt%2Fcaradvice-media%2Fimages%2Fautos%2F53%2F1761242658319.IMG-20251023-WA0171.jpg,https://api-caradvice.duckdns.org/api/image?path=%2Fopt%2Fcaradvice-media%2Fimages%2Fautos%2F53%2F1761242658446.IMG-20251023-WA0169.jpg,https://api-caradvice.duckdns.org/api/image?path=%2Fopt%2Fcaradvice-media%2Fimages%2Fautos%2F53%2F1761242658467.IMG-20251023-WA0172.jpg,https://api-caradvice.duckdns.org/api/image?path=%2Fopt%2Fcaradvice-media%2Fimages%2Fautos%2F53%2F1761242658509.IMG-20251023-WA0173.jpg,https://api-caradvice.duckdns.org/api/image?path=%2Fopt%2Fcaradvice-media%2Fimages%2Fautos%2F53%2F1761242658594.IMG-20251023-WA0174.jpg,https://api-caradvice.duckdns.org/api/image?path=%2Fopt%2Fcaradvice-media%2Fimages%2Fautos%2F53%2F1761242658663.IMG-20251023-WA0175.jpg,https://api-caradvice.duckdns.org/api/image?path=%2Fopt%2Fcaradvice-media%2Fimages%2Fautos%2F53%2F1761242658751.IMG-20251023-WA0176.jpg",NISSAN,KICKS,2017,105400,KM,GASOLINE,AUTOMATIC,SUV,Octavio Pinto 3024,Cordoba,Cordoba,5000,AR,-31.4167,-64.1833
54,MERCEDES BENZ C 250 AVANTGARDE AUT,MERCEDES BENZ C 250 AVANTGARDE AUT,AVAILABLE,USED,OTHER,33500 USD,https://caradvice.com.ar/autos/54,https://api-caradvice.duckdns.org/api/image?path=%2Fopt%2Fcaradvice-media%2Fimages%2Fautos%2F54%2F1755729112415.cbbf531e-2a64-45f3-94f4-c859677b85c3.JPG,"https://api-caradvice.duckdns.org/api/image?path=%2Fopt%2Fcaradvice-media%2Fimages%2Fautos%2F54%2F1755729112601.1153b2e6-b55d-4312-a344-fe93061cf59c.JPG,https://api-caradvice.duckdns.org/api/image?path=%2Fopt%2Fcaradvice-media%2Fimages%2Fautos%2F54%2F1755729112713.40dd36b8-bda8-44d7-9fe6-478b8b250193.JPG,https://api-caradvice.duckdns.org/api/image?path=%2Fopt%2Fcaradvice-media%2Fimages%2Fautos%2F54%2F1755729112825.6d4f64a8-5f99-4d9f-b147-b5eb56fe6f68.JPG,https://api-caradvice.duckdns.org/api/image?path=%2Fopt%2Fcaradvice-media%2Fimages%2Fautos%2F54%2F1755729112987.c38b34c0-e9f9-4292-b620-8e371de1ef48.JPG,https://api-caradvice.duckdns.org/api/image?path=%2Fopt%2Fcaradvice-media%2Fimages%2Fautos%2F54%2F1755729113036.792a8c07-d28f-4d16-bef7-d8e149795475.JPG,https://api-caradvice.duckdns.org/api/image?path=%2Fopt%2Fcaradvice-media%2Fimages%2Fautos%2F54%2F1755729113071.2a1e83de-924f-4979-a905-3771ff71199a.JPG,https://api-caradvice.duckdns.org/api/image?path=%2Fopt%2Fcaradvice-media%2Fimages%2Fautos%2F54%2F1755729113147.8e833383-f730-40a8-b12a-77c573f78bdd.JPG,https://api-caradvice.duckdns.org/api/image?path=%2Fopt%2Fcaradvice-media%2Fimages%2Fautos%2F54%2F1755729113198.17c0a640-23be-49a3-b435-1cae247069ff.JPG,https://api-caradvice.duckdns.org/api/image?path=%2Fopt%2Fcaradvice-media%2Fimages%2Fautos%2F54%2F1755729113235.38adab13-12c9-4dc7-9592-a0ed8b015dfa.JPG,https://api-caradvice.duckdns.org/api/image?path=%2Fopt%2Fcaradvice-media%2Fimages%2Fautos%2F54%2F1755729113266.51eb1ef6-c69a-48cf-81d7-85db52fb6a92.JPG",MERCEDES BENZ,C,2016,178700,KM,GASOLINE,AUTOMATIC,SEDAN,Octavio Pinto 3024,Cordoba,Cordoba,5000,AR,-31.4167,-64.1833
57,FIAT TITANO 2.2 TD AWD FREEDOM PLUS AT8,FIAT TITANO 2.2 TD AWD FREEDOM PLUS AT8,AVAILABLE,USED,OTHER,53500000 ARS,https://caradvice.com.ar/autos/57,https://api-caradvice.duckdns.org/api/image?path=%2Fopt%2Fcaradvice-media%2Fimages%2Fautos%2F57%2F1757978971214.IMG-20250915-WA0693.jpg,"https://api-caradvice.duckdns.org/api/image?path=%2Fopt%2Fcaradvice-media%2Fimages%2Fautos%2F57%2F1757978971501.IMG-20250915-WA0698.jpg,https://api-caradvice.duckdns.org/api/image?path=%2Fopt%2Fcaradvice-media%2Fimages%2Fautos%2F57%2F1757978971649.IMG-20250915-WA0694.jpg,https://api-caradvice.duckdns.org/api/image?path=%2Fopt%2Fcaradvice-media%2Fimages%2Fautos%2F57%2F1757978971766.IMG-20250915-WA0695.jpg,https://api-caradvice.duckdns.org/api/image?path=%2Fopt%2Fcaradvice-media%2Fimages%2Fautos%2F57%2F1757978971883.IMG-20250915-WA0696.jpg,https://api-caradvice.duckdns.org/api/image?path=%2Fopt%2Fcaradvice-media%2Fimages%2Fautos%2F57%2F1757978972019.IMG-20250915-WA0697.jpg,https://api-caradvice.duckdns.org/api/image?path=%2Fopt%2Fcaradvice-media%2Fimages%2Fautos%2F57%2F1757978972118.IMG-20250915-WA0699.jpg,https://api-caradvice.duckdns.org/api/image?path=%2Fopt%2Fcaradvice-media%2Fimages%2Fautos%2F57%2F1757978972236.IMG-20250915-WA0700.jpg,https://api-caradvice.duckdns.org/api/image?path=%2Fopt%2Fcaradvice-media%2Fimages%2Fautos%2F57%2F1757978972287.IMG-20250915-WA0701.jpg,https://api-caradvice.duckdns.org/api/image?path=%2Fopt%2Fcaradvice-media%2Fimages%2Fautos%2F57%2F1757978972347.IMG-20250915-WA0702.jpg,https://api-caradvice.duckdns.org/api/image?path=%2Fopt%2Fcaradvice-media%2Fimages%2Fautos%2F57%2F1757978972395.IMG-20250915-WA0703.jpg",FIAT,TITANO,2025,0,KM,DIESEL,AUTOMATIC,PICKUP,Octavio Pinto 3024,Cordoba,Cordoba,5000,AR,-31.4167,-64.1833
58,CITROEN C3 AIRCROSS 1.6 VTI FEEL PACK,CITROEN C3 AIRCROSS 1.6 VTI FEEL PACK,AVAILABLE,USED,OTHER,35000000 ARS,https://caradvice.com.ar/autos/58,https://api-caradvice.duckdns.org/api/image?path=%2Fopt%2Fcaradvice-media%2Fimages%2Fautos%2F58%2F1763063701572.IMG-20251113-WA0386.jpg,"https://api-caradvice.duckdns.org/api/image?path=%2Fopt%2Fcaradvice-media%2Fimages%2Fautos%2F58%2F1763063701669.IMG-20251113-WA0387.jpg,https://api-caradvice.duckdns.org/api/image?path=%2Fopt%2Fcaradvice-media%2Fimages%2Fautos%2F58%2F1763063701696.IMG-20251113-WA0388.jpg,https://api-caradvice.duckdns.org/api/image?path=%2Fopt%2Fcaradvice-media%2Fimages%2Fautos%2F58%2F1763063701720.IMG-20251113-WA0389.jpg,https://api-caradvice.duckdns.org/api/image?path=%2Fopt%2Fcaradvice-media%2Fimages%2Fautos%2F58%2F1763063701754.IMG-20251113-WA0393.jpg,https://api-caradvice.duckdns.org/api/image?path=%2Fopt%2Fcaradvice-media%2Fimages%2Fautos%2F58%2F1763063701774.IMG-20251113-WA0390.jpg,https://api-caradvice.duckdns.org/api/image?path=%2Fopt%2Fcaradvice-media%2Fimages%2Fautos%2F58%2F1763063701797.Imagen%20de%20WhatsApp%202025-11-13%20a%20las%2016.04.39_07aac33.jpg,https://api-caradvice.duckdns.org/api/image?path=%2Fopt%2Fcaradvice-media%2Fimages%2Fautos%2F58%2F1763063701817.IMG-20251113-WA0395.jpg,https://api-caradvice.duckdns.org/api/image?path=%2Fopt%2Fcaradvice-media%2Fimages%2Fautos%2F58%2F1763063701828.IMG-20251113-WA0396.jpg,https://api-caradvice.duckdns.org/api/image?path=%2Fopt%2Fcaradvice-media%2Fimages%2Fautos%2F58%2F1763063701831.IMG-20251113-WA0391.jpg,https://api-caradvice.duckdns.org/api/image?path=%2Fopt%2Fcaradvice-media%2Fimages%2Fautos%2F58%2F1763063701861.IMG-20251113-WA0392.jpg",CITROEN,C3 AIRCROSS,2025,1000,KM,GASOLINE,MANUAL,WAGON,Octavio Pinto 3024,Cordoba,Cordoba,5000,AR,-31.4167,-64.1833
60,FORD FOCUS 2.0 TITANIUM AT 4P L16,FORD FOCUS 2.0 TITANIUM AT 4P L16,AVAILABLE,USED,OTHER,23500000 ARS,https://caradvice.com.ar/autos/60,https://api-caradvice.duckdns.org/api/image?path=%2Fopt%2Fcaradvice-media%2Fimages%2Fautos%2F60%2F1763402131563.IMG-20251117-WA0435.jpg,"https://api-caradvice.duckdns.org/api/image?path=%2Fopt%2Fcaradvice-media%2Fimages%2Fautos%2F60%2F1763402131618.IMG-20251117-WA0436.jpg,https://api-caradvice.duckdns.org/api/image?path=%2Fopt%2Fcaradvice-media%2Fimages%2Fautos%2F60%2F1763402131680.IMG-20251117-WA0429.jpg,https://api-caradvice.duckdns.org/api/image?path=%2Fopt%2Fcaradvice-media%2Fimages%2Fautos%2F60%2F1763402131791.IMG-20251117-WA0430.jpg,https://api-caradvice.duckdns.org/api/image?path=%2Fopt%2Fcaradvice-media%2Fimages%2Fautos%2F60%2F1763402131854.IMG-20251117-WA0431.jpg,https://api-caradvice.duckdns.org/api/image?path=%2Fopt%2Fcaradvice-media%2Fimages%2Fautos%2F60%2F1763402131906.IMG-20251117-WA0433.jpg,https://api-caradvice.duckdns.org/api/image?path=%2Fopt%2Fcaradvice-media%2Fimages%2Fautos%2F60%2F1763402131969.IMG-20251117-WA0432.jpg,https://api-caradvice.duckdns.org/api/image?path=%2Fopt%2Fcaradvice-media%2Fimages%2Fautos%2F60%2F1763402132007.IMG-20251117-WA0434.jpg,https://api-caradvice.duckdns.org/api/image?path=%2Fopt%2Fcaradvice-media%2Fimages%2Fautos%2F60%2F1763402132062.IMG-20251117-WA0437.jpg,https://api-caradvice.duckdns.org/api/image?path=%2Fopt%2Fcaradvice-media%2Fimages%2Fautos%2F60%2F1763402132176.IMG-20251117-WA0438.jpg,https://api-caradvice.duckdns.org/api/image?path=%2Fopt%2Fcaradvice-media%2Fimages%2Fautos%2F60%2F1763402132276.IMG-20251117-WA0439.jpg",FORD,FOCUS,2018,70700,KM,GASOLINE,AUTOMATIC,SEDAN,Octavio Pinto 3024,Cordoba,Cordoba,5000,AR,-31.4167,-64.1833
61,TOYOTA HILUX 2.8 TDI 4X2 DC SRX AT6 L16,TOYOTA HILUX 2.8 TDI 4X2 DC SRX AT6 L16,AVAILABLE,USED,OTHER,37000 USD,https://caradvice.com.ar/autos/61,https://api-caradvice.duckdns.org/api/image?path=%2Fopt%2Fcaradvice-media%2Fimages%2Fautos%2F61%2F1751413181246.93c399b5-b263-4544-be01-b5d3142c5b99.JPG,"https://api-caradvice.duckdns.org/api/image?path=%2Fopt%2Fcaradvice-media%2Fimages%2Fautos%2F61%2F1751413181666.42be6ff4-336e-4506-8942-053902919243.JPG,https://api-caradvice.duckdns.org/api/image?path=%2Fopt%2Fcaradvice-media%2Fimages%2Fautos%2F61%2F1751413181714.403573da-a8ee-47bf-945d-2b3c9920bb04.JPG,https://api-caradvice.duckdns.org/api/image?path=%2Fopt%2Fcaradvice-media%2Fimages%2Fautos%2F61%2F1751413181775.52275801-5d5e-44c5-ac18-89e763ff928f.JPG,https://api-caradvice.duckdns.org/api/image?path=%2Fopt%2Fcaradvice-media%2Fimages%2Fautos%2F61%2F1751413182232.9800293f-744a-44d4-9860-9e448ca66247.JPG,https://api-caradvice.duckdns.org/api/image?path=%2Fopt%2Fcaradvice-media%2Fimages%2Fautos%2F61%2F1751413182279.b1cc674c-82ca-4464-ac2a-7f7d94e5e6ab.JPG,https://api-caradvice.duckdns.org/api/image?path=%2Fopt%2Fcaradvice-media%2Fimages%2Fautos%2F61%2F1751413182332.035b55fa-08f2-41e3-bef8-ea7a6d281d05.JPG,https://api-caradvice.duckdns.org/api/image?path=%2Fopt%2Fcaradvice-media%2Fimages%2Fautos%2F61%2F1751413182362.1948667e-3ab4-4d60-8395-68dee47bb2bf.JPG,https://api-caradvice.duckdns.org/api/image?path=%2Fopt%2Fcaradvice-media%2Fimages%2Fautos%2F61%2F1751413182562.83ffd05f-d08d-461a-ac5c-e9635963c5da.JPG,https://api-caradvice.duckdns.org/api/image?path=%2Fopt%2Fcaradvice-media%2Fimages%2Fautos%2F61%2F1751413182606.95a4b923-9b31-44f6-9d5d-5e8a4e0873fb.JPG,https://api-caradvice.duckdns.org/api/image?path=%2Fopt%2Fcaradvice-media%2Fimages%2Fautos%2F61%2F1751413182646.0399d21a-a222-48d4-9c96-97ca368e6f3d.JPG",TOYOTA,HILUX,2019,74000,KM,DIESEL,AUTOMATIC,PICKUP,Octavio Pinto 3024,Cordoba,Cordoba,5000,AR,-31.4167,-64.1833
62,NISSAN MARCH 1.6 ADVANCE PURE DRIVE L14,NISSAN MARCH 1.6 ADVANCE PURE DRIVE L14,AVAILABLE,USED,OTHER,18800000 ARS,https://caradvice.com.ar/autos/62,https://api-caradvice.duckdns.org/api/image?path=%2Fopt%2Fcaradvice-media%2Fimages%2Fautos%2F62%2F1736803451383.PHOTO-2024-08-26-16-00-12%202.jpg,"https://api-caradvice.duckdns.org/api/image?path=%2Fopt%2Fcaradvice-media%2Fimages%2Fautos%2F62%2F1736803451583.PHOTO-2024-08-26-16-00-14%202.jpg,https://api-caradvice.duckdns.org/api/image?path=%2Fopt%2Fcaradvice-media%2Fimages%2Fautos%2F62%2F1736803451720.PHOTO-2024-08-26-16-00-15.jpg,https://api-caradvice.duckdns.org/api/image?path=%2Fopt%2Fcaradvice-media%2Fimages%2Fautos%2F62%2F1736803451787.PHOTO-2024-08-26-16-00-12.jpg,https://api-caradvice.duckdns.org/api/image?path=%2Fopt%2Fcaradvice-media%2Fimages%2Fautos%2F62%2F1736803451832.PHOTO-2024-08-26-16-00-11.jpg,https://api-caradvice.duckdns.org/api/image?path=%2Fopt%2Fcaradvice-media%2Fimages%2Fautos%2F62%2F1736803451885.PHOTO-2024-08-26-16-00-14.jpg,https://api-caradvice.duckdns.org/api/image?path=%2Fopt%2Fcaradvice-media%2Fimages%2Fautos%2F62%2F1736803451932.PHOTO-2024-08-26-16-00-17.jpg,https://api-caradvice.duckdns.org/api/image?path=%2Fopt%2Fcaradvice-media%2Fimages%2Fautos%2F62%2F1736803451981.PHOTO-2024-08-26-16-00-18%202.jpg,https://api-caradvice.duckdns.org/api/image?path=%2Fopt%2Fcaradvice-media%2Fimages%2Fautos%2F62%2F1736803452029.PHOTO-2024-08-26-16-00-18.jpg,https://api-caradvice.duckdns.org/api/image?path=%2Fopt%2Fcaradvice-media%2Fimages%2Fautos%2F62%2F1736803452057.PHOTO-2024-08-26-16-00-21.jpg,https://api-caradvice.duckdns.org/api/image?path=%2Fopt%2Fcaradvice-media%2Fimages%2Fautos%2F62%2F1736803452095.PHOTO-2024-08-26-16-00-22.jpg",NISSAN,MARCH,2018,93000,KM,GASOLINE,MANUAL,HATCHBACK,Octavio Pinto 3024,Cordoba,Cordoba,5000,AR,-31.4167,-64.1833
63,RENAULT LOGAN II 1.6 16V LIFE,RENAULT LOGAN II 1.6 16V LIFE,AVAILABLE,USED,OTHER,22000000 ARS,https://caradvice.com.ar/autos/63,https://api-caradvice.duckdns.org/api/image?path=%2Fopt%2Fcaradvice-media%2Fimages%2Fautos%2F63%2F1759847671193.IMG-20251007-WA0089.jpg,"https://api-caradvice.duckdns.org/api/image?path=%2Fopt%2Fcaradvice-media%2Fimages%2Fautos%2F63%2F1759847671207.IMG-20251007-WA0092.jpg,https://api-caradvice.duckdns.org/api/image?path=%2Fopt%2Fcaradvice-media%2Fimages%2Fautos%2F63%2F1759847671331.IMG-20251007-WA0090.jpg,https://api-caradvice.duckdns.org/api/image?path=%2Fopt%2Fcaradvice-media%2Fimages%2Fautos%2F63%2F1759847671410.IMG-20251007-WA0093.jpg,https://api-caradvice.duckdns.org/api/image?path=%2Fopt%2Fcaradvice-media%2Fimages%2Fautos%2F63%2F1759847671511.IMG-20251007-WA0088.jpg,https://api-caradvice.duckdns.org/api/image?path=%2Fopt%2Fcaradvice-media%2Fimages%2Fautos%2F63%2F1759847671604.IMG-20251007-WA0091.jpg,https://api-caradvice.duckdns.org/api/image?path=%2Fopt%2Fcaradvice-media%2Fimages%2Fautos%2F63%2F1759847671709.IMG-20251007-WA0102.jpg,https://api-caradvice.duckdns.org/api/image?path=%2Fopt%2Fcaradvice-media%2Fimages%2Fautos%2F63%2F1759847671818.IMG-20251007-WA0103.jpg,https://api-caradvice.duckdns.org/api/image?path=%2Fopt%2Fcaradvice-media%2Fimages%2Fautos%2F63%2F1759847671953.IMG-20251007-WA0098.jpg,https://api-caradvice.duckdns.org/api/image?path=%2Fopt%2Fcaradvice-media%2Fimages%2Fautos%2F63%2F1759847672124.IMG-20251007-WA0096.jpg,https://api-caradvice.duckdns.org/api/image?path=%2Fopt%2Fcaradvice-media%2Fimages%2Fautos%2F63%2F1759847672270.IMG-20251007-WA0099.jpg",RENAULT,LOGAN,2024,67700,KM,GASOLINE,MANUAL,SEDAN,Octavio Pinto 3024,Cordoba,Cordoba,5000,AR,-31.4167,-64.1833
64,AUDI A4 2.0 T FSI 40 S-TRONIC,AUDI A4 2.0 T FSI 40 S-TRONIC,AVAILABLE,USED,OTHER,43000 USD,https://caradvice.com.ar/autos/64,https://api-caradvice.duckdns.org/api/image?path=%2Fopt%2Fcaradvice-media%2Fimages%2Fautos%2F64%2F1761835996510.IMG-20251030-WA0147.jpg,"https://api-caradvice.duckdns.org/api/image?path=%2Fopt%2Fcaradvice-media%2Fimages%2Fautos%2F64%2F1761835996522.IMG-20251030-WA0133.jpg,https://api-caradvice.duckdns.org/api/image?path=%2Fopt%2Fcaradvice-media%2Fimages%2Fautos%2F64%2F1761835996575.IMG-20251030-WA0148.jpg,https://api-caradvice.duckdns.org/api/image?path=%2Fopt%2Fcaradvice-media%2Fimages%2Fautos%2F64%2F1761835996657.IMG-20251030-WA0134.jpg,https://api-caradvice.duckdns.org/api/image?path=%2Fopt%2Fcaradvice-media%2Fimages%2Fautos%2F64%2F1761835996734.IMG-20251030-WA0146.jpg,https://api-caradvice.duckdns.org/api/image?path=%2Fopt%2Fcaradvice-media%2Fimages%2Fautos%2F64%2F1761835996841.IMG-20251030-WA0131.jpg,https://api-caradvice.duckdns.org/api/image?path=%2Fopt%2Fcaradvice-media%2Fimages%2Fautos%2F64%2F1761835996951.IMG-20251030-WA0132.jpg,https://api-caradvice.duckdns.org/api/image?path=%2Fopt%2Fcaradvice-media%2Fimages%2Fautos%2F64%2F1761835997103.IMG-20251030-WA0139.jpg,https://api-caradvice.duckdns.org/api/image?path=%2Fopt%2Fcaradvice-media%2Fimages%2Fautos%2F64%2F1761835997186.IMG-20251030-WA0138.jpg,https://api-caradvice.duckdns.org/api/image?path=%2Fopt%2Fcaradvice-media%2Fimages%2Fautos%2F64%2F1761835997256.IMG-20251030-WA0140.jpg,https://api-caradvice.duckdns.org/api/image?path=%2Fopt%2Fcaradvice-media%2Fimages%2Fautos%2F64%2F1761835997336.IMG-20251030-WA0141.jpg",AUDI,A4,2021,51800,KM,GASOLINE,AUTOMATIC,SEDAN,Octavio Pinto 3024,Cordoba,Cordoba,5000,AR,-31.4167,-64.1833
65,VOLKSWAGEN AMAROK 3.0 TD V6 258HP 4X4 DC COMFORTLINE AT L20,VOLKSWAGEN AMAROK 3.0 TD V6 258HP 4X4 DC COMFORTLINE AT L20,AVAILABLE,USED,OTHER,36000000 ARS,https://caradvice.com.ar/autos/65,https://api-caradvice.duckdns.org/api/image?path=%2Fopt%2Fcaradvice-media%2Fimages%2Fautos%2F65%2F1765833693537.IMG-20251215-WA0467.jpg,"https://api-caradvice.duckdns.org/api/image?path=%2Fopt%2Fcaradvice-media%2Fimages%2Fautos%2F65%2F1765833693577.IMG-20251215-WA0471.jpg,https://api-caradvice.duckdns.org/api/image?path=%2Fopt%2Fcaradvice-media%2Fimages%2Fautos%2F65%2F1765833693591.IMG-20251215-WA0469.jpg,https://api-caradvice.duckdns.org/api/image?path=%2Fopt%2Fcaradvice-media%2Fimages%2Fautos%2F65%2F1765833693643.IMG-20251215-WA0470.jpg,https://api-caradvice.duckdns.org/api/image?path=%2Fopt%2Fcaradvice-media%2Fimages%2Fautos%2F65%2F1765833693703.IMG-20251215-WA0466.jpg,https://api-caradvice.duckdns.org/api/image?path=%2Fopt%2Fcaradvice-media%2Fimages%2Fautos%2F65%2F1765833693774.IMG-20251215-WA0468.jpg,https://api-caradvice.duckdns.org/api/image?path=%2Fopt%2Fcaradvice-media%2Fimages%2Fautos%2F65%2F1765833693834.IMG-20251215-WA0473.jpg,https://api-caradvice.duckdns.org/api/image?path=%2Fopt%2Fcaradvice-media%2Fimages%2Fautos%2F65%2F1765833693888.IMG-20251215-WA0472.jpg,https://api-caradvice.duckdns.org/api/image?path=%2Fopt%2Fcaradvice-media%2Fimages%2Fautos%2F65%2F1765833693959.IMG-20251215-WA0474.jpg,https://api-caradvice.duckdns.org/api/image?path=%2Fopt%2Fcaradvice-media%2Fimages%2Fautos%2F65%2F1765833694025.IMG-20251215-WA0475.jpg,https://api-caradvice.duckdns.org/api/image?path=%2Fopt%2Fcaradvice-media%2Fimages%2Fautos%2F65%2F1765833694081.IMG-20251215-WA0476.jpg",VOLKSWAGEN,AMAROK,2020,242000,KM,DIESEL,AUTOMATIC,PICKUP,Octavio Pinto 3024,Cordoba,Cordoba,5000,AR,-31.4167,-64.1833
66,RAM 2500 TDI DCAB 4X4 LARAMIE L14,RAM 2500 TDI DCAB 4X4 LARAMIE L14,AVAILABLE,USED,OTHER,44000 USD,https://caradvice.com.ar/autos/66,https://api-caradvice.duckdns.org/api/image?path=%2Fopt%2Fcaradvice-media%2Fimages%2Fautos%2F66%2F1766779708928.WhatsApp%20Image%202025-12-26%20at%2016.24.12%20(1).jpeg,"https://api-caradvice.duckdns.org/api/image?path=%2Fopt%2Fcaradvice-media%2Fimages%2Fautos%2F66%2F1766779709581.WhatsApp%20Image%202025-12-26%20at%2016.24.11%20(1).jpeg,https://api-caradvice.duckdns.org/api/image?path=%2Fopt%2Fcaradvice-media%2Fimages%2Fautos%2F66%2F1766779710131.WhatsApp%20Image%202025-12-26%20at%2016.24.12.jpeg,https://api-caradvice.duckdns.org/api/image?path=%2Fopt%2Fcaradvice-media%2Fimages%2Fautos%2F66%2F1766779710620.WhatsApp%20Image%202025-12-26%20at%2016.24.11.jpeg,https://api-caradvice.duckdns.org/api/image?path=%2Fopt%2Fcaradvice-media%2Fimages%2Fautos%2F66%2F1766779711090.WhatsApp%20Image%202025-12-26%20at%2016.24.12%20(2).jpeg,https://api-caradvice.duckdns.org/api/image?path=%2Fopt%2Fcaradvice-media%2Fimages%2Fautos%2F66%2F1766779711535.WhatsApp%20Image%202025-12-26%20at%2016.24.11%20(2).jpeg,https://api-caradvice.duckdns.org/api/image?path=%2Fopt%2Fcaradvice-media%2Fimages%2Fautos%2F66%2F1764687927202.IMG-20251202-WA0054.jpg,https://api-caradvice.duckdns.org/api/image?path=%2Fopt%2Fcaradvice-media%2Fimages%2Fautos%2F66%2F1764687934122.IMG-20251202-WA0063.jpg,https://api-caradvice.duckdns.org/api/image?path=%2Fopt%2Fcaradvice-media%2Fimages%2Fautos%2F66%2F1764687935588.IMG-20251202-WA0064.jpg,https://api-caradvice.duckdns.org/api/image?path=%2Fopt%2Fcaradvice-media%2Fimages%2Fautos%2F66%2F1764687937093.IMG-20251202-WA0066.jpg,https://api-caradvice.duckdns.org/api/image?path=%2Fopt%2Fcaradvice-media%2Fimages%2Fautos%2F66%2F1764687937665.IMG-20251202-WA0068.jpg",RAM,2500,2014,166000,KM,DIESEL,AUTOMATIC,PICKUP,Octavio Pinto 3024,Cordoba,Cordoba,5000,AR,-31.4167,-64.1833
68,JEEP COMPASS 2.4 LONGITUDE AT6 4X2 L18,JEEP COMPASS 2.4 LONGITUDE AT6 4X2 L18,AVAILABLE,USED,OTHER,35000000 ARS,https://caradvice.com.ar/autos/68,https://api-caradvice.duckdns.org/api/image?path=%2Fopt%2Fcaradvice-media%2Fimages%2Fautos%2F68%2F1762973369545.IMG-20251112-WA0261.jpg,"https://api-caradvice.duckdns.org/api/image?path=%2Fopt%2Fcaradvice-media%2Fimages%2Fautos%2F68%2F1762973369577.Imagen%20de%20WhatsApp%202025-11-12%20a%20las%2015.32.34_eb5d839.jpg,https://api-caradvice.duckdns.org/api/image?path=%2Fopt%2Fcaradvice-media%2Fimages%2Fautos%2F68%2F1762973369605.IMG-20251112-WA0260.jpg,https://api-caradvice.duckdns.org/api/image?path=%2Fopt%2Fcaradvice-media%2Fimages%2Fautos%2F68%2F1762973369644.Imagen%20de%20WhatsApp%202025-11-12%20a%20las%2015.32.34_834dd59.jpg,https://api-caradvice.duckdns.org/api/image?path=%2Fopt%2Fcaradvice-media%2Fimages%2Fautos%2F68%2F1762973369754.IMG-20251112-WA0262.jpg,https://api-caradvice.duckdns.org/api/image?path=%2Fopt%2Fcaradvice-media%2Fimages%2Fautos%2F68%2F1762973369801.Imagen%20de%20WhatsApp%202025-11-12%20a%20las%2015.32.35_cc0f166.jpg,https://api-caradvice.duckdns.org/api/image?path=%2Fopt%2Fcaradvice-media%2Fimages%2Fautos%2F68%2F1762973369862.IMG-20251112-WA0263.jpg,https://api-caradvice.duckdns.org/api/image?path=%2Fopt%2Fcaradvice-media%2Fimages%2Fautos%2F68%2F1762973369923.IMG-20251112-WA0264.jpg,https://api-caradvice.duckdns.org/api/image?path=%2Fopt%2Fcaradvice-media%2Fimages%2Fautos%2F68%2F1762973370026.IMG-20251112-WA0265.jpg,https://api-caradvice.duckdns.org/api/image?path=%2Fopt%2Fcaradvice-media%2Fimages%2Fautos%2F68%2F1762973370071.IMG-20251112-WA0266.jpg,https://api-caradvice.duckdns.org/api/image?path=%2Fopt%2Fcaradvice-media%2Fimages%2Fautos%2F68%2F1762973370184.IMG-20251112-WA0268.jpg",JEEP,COMPASS,2019,99800,KM,GASOLINE,AUTOMATIC,SUV,Octavio Pinto 3024,Cordoba,Cordoba,5000,AR,-31.4167,-64.1833
69,HONDA HRV 1.8 EX CVT L15,HONDA HRV 1.8 EX CVT L15,AVAILABLE,USED,OTHER,30500000 ARS,https://caradvice.com.ar/autos/69,https://api-caradvice.duckdns.org/api/image?path=%2Fopt%2Fcaradvice-media%2Fimages%2Fautos%2F69%2F1757451118855.IMG-20250909-WA0335.jpg,"https://api-caradvice.duckdns.org/api/image?path=%2Fopt%2Fcaradvice-media%2Fimages%2Fautos%2F69%2F1757451119346.IMG-20250909-WA0334.jpg,https://api-caradvice.duckdns.org/api/image?path=%2Fopt%2Fcaradvice-media%2Fimages%2Fautos%2F69%2F1757451119802.IMG-20250909-WA0336.jpg,https://api-caradvice.duckdns.org/api/image?path=%2Fopt%2Fcaradvice-media%2Fimages%2Fautos%2F69%2F1757451120343.IMG-20250909-WA0337.jpg,https://api-caradvice.duckdns.org/api/image?path=%2Fopt%2Fcaradvice-media%2Fimages%2Fautos%2F69%2F1757451120824.IMG-20250909-WA0339.jpg,https://api-caradvice.duckdns.org/api/image?path=%2Fopt%2Fcaradvice-media%2Fimages%2Fautos%2F69%2F1757451121376.IMG-20250909-WA0340.jpg,https://api-caradvice.duckdns.org/api/image?path=%2Fopt%2Fcaradvice-media%2Fimages%2Fautos%2F69%2F1757451121962.IMG-20250909-WA0342.jpg,https://api-caradvice.duckdns.org/api/image?path=%2Fopt%2Fcaradvice-media%2Fimages%2Fautos%2F69%2F1757451122561.IMG-20250909-WA0341.jpg,https://api-caradvice.duckdns.org/api/image?path=%2Fopt%2Fcaradvice-media%2Fimages%2Fautos%2F69%2F1757451123070.IMG-20250909-WA0343.jpg,https://api-caradvice.duckdns.org/api/image?path=%2Fopt%2Fcaradvice-media%2Fimages%2Fautos%2F69%2F1757451123628.IMG-20250909-WA0344.jpg,https://api-caradvice.duckdns.org/api/image?path=%2Fopt%2Fcaradvice-media%2Fimages%2Fautos%2F69%2F1757451124158.IMG-20250909-WA0345.jpg",HONDA,HRV,2018,102000,KM,GASOLINE,AUTOMATIC,SUV,Octavio Pinto 3024,Cordoba,Cordoba,5000,AR,-31.4167,-64.1833
70,TOYOTA HILUX 3.0 TDI 4X4 DC SRV L05,TOYOTA HILUX 3.0 TDI 4X4 DC SRV L05,AVAILABLE,USED,OTHER,19500 USD,https://caradvice.com.ar/autos/70,https://api-caradvice.duckdns.org/api/image?path=%2Fopt%2Fcaradvice-media%2Fimages%2Fautos%2F70%2F1766075424481.WhatsApp%20Image%202025-12-18%20at%2013.05.40.jpeg,"https://api-caradvice.duckdns.org/api/image?path=%2Fopt%2Fcaradvice-media%2Fimages%2Fautos%2F70%2F1766075426452.WhatsApp%20Image%202025-12-18%20at%2013.05.41.jpeg,https://api-caradvice.duckdns.org/api/image?path=%2Fopt%2Fcaradvice-media%2Fimages%2Fautos%2F70%2F1766075427748.WhatsApp%20Image%202025-12-18%20at%2013.05.39.jpeg,https://api-caradvice.duckdns.org/api/image?path=%2Fopt%2Fcaradvice-media%2Fimages%2Fautos%2F70%2F1766075429955.WhatsApp%20Image%202025-12-18%20at%2013.05.42.jpeg,https://api-caradvice.duckdns.org/api/image?path=%2Fopt%2Fcaradvice-media%2Fimages%2Fautos%2F70%2F1766075430960.WhatsApp%20Image%202025-12-18%20at%2013.05.37.jpeg,https://api-caradvice.duckdns.org/api/image?path=%2Fopt%2Fcaradvice-media%2Fimages%2Fautos%2F70%2F1766075432242.WhatsApp%20Image%202025-12-18%20at%2013.05.41%20(1).jpeg,https://api-caradvice.duckdns.org/api/image?path=%2Fopt%2Fcaradvice-media%2Fimages%2Fautos%2F70%2F1766075438232.WhatsApp%20Image%202025-12-18%20at%2013.05.43.jpeg,https://api-caradvice.duckdns.org/api/image?path=%2Fopt%2Fcaradvice-media%2Fimages%2Fautos%2F70%2F1766075439753.WhatsApp%20Image%202025-12-18%20at%2013.05.47.jpeg,https://api-caradvice.duckdns.org/api/image?path=%2Fopt%2Fcaradvice-media%2Fimages%2Fautos%2F70%2F1766075440047.WhatsApp%20Image%202025-12-18%20at%2013.05.45%20(1).jpeg,https://api-caradvice.duckdns.org/api/image?path=%2Fopt%2Fcaradvice-media%2Fimages%2Fautos%2F70%2F1766075440447.WhatsApp%20Image%202025-12-18%20at%2013.05.46%20(2).jpeg,https://api-caradvice.duckdns.org/api/image?path=%2Fopt%2Fcaradvice-media%2Fimages%2Fautos%2F70%2F1766075440812.WhatsApp%20Image%202025-12-18%20at%2013.05.47%20(2).jpeg",TOYOTA,HILUX,2007,246500,KM,DIESEL,MANUAL,PICKUP,Octavio Pinto 3024,Cordoba,Cordoba,5000,AR,-31.4167,-64.1833
71,PEUGEOT 2008 1.6 THP SPORT L16,PEUGEOT 2008 1.6 THP SPORT L16,AVAILABLE,USED,OTHER,17700000 ARS,https://caradvice.com.ar/autos/71,https://api-caradvice.duckdns.org/api/image?path=%2Fopt%2Fcaradvice-media%2Fimages%2Fautos%2F71%2F1756570908306.2dd0f62a-f255-4977-a00f-bffa3c08a4a9.JPG,"https://api-caradvice.duckdns.org/api/image?path=%2Fopt%2Fcaradvice-media%2Fimages%2Fautos%2F71%2F1756570908388.8331fd7b-03d3-410b-b609-4339dc94c9a7.JPG,https://api-caradvice.duckdns.org/api/image?path=%2Fopt%2Fcaradvice-media%2Fimages%2Fautos%2F71%2F1756570908410.4e8a2384-65b8-487c-bb78-8007708a2a9c.JPG,https://api-caradvice.duckdns.org/api/image?path=%2Fopt%2Fcaradvice-media%2Fimages%2Fautos%2F71%2F1756570908446.2900a32e-5535-441c-a4c4-1f24ca1cc71f.JPG,https://api-caradvice.duckdns.org/api/image?path=%2Fopt%2Fcaradvice-media%2Fimages%2Fautos%2F71%2F1756570908465.8c378d37-e213-4d2c-8694-d4c416671574.JPG,https://api-caradvice.duckdns.org/api/image?path=%2Fopt%2Fcaradvice-media%2Fimages%2Fautos%2F71%2F1756570908496.efe34c92-f570-4397-9c4e-cb9e98e2999b.JPG,https://api-caradvice.duckdns.org/api/image?path=%2Fopt%2Fcaradvice-media%2Fimages%2Fautos%2F71%2F1756570908513.8ff61a69-3a28-4afd-8395-246be430c630.JPG,https://api-caradvice.duckdns.org/api/image?path=%2Fopt%2Fcaradvice-media%2Fimages%2Fautos%2F71%2F1756570908531.34d9f717-a589-4b23-9119-4abf57b2bc23.JPG,https://api-caradvice.duckdns.org/api/image?path=%2Fopt%2Fcaradvice-media%2Fimages%2Fautos%2F71%2F1756570908546.46ea7407-3d75-45a2-bcdd-b3ad056be983.JPG,https://api-caradvice.duckdns.org/api/image?path=%2Fopt%2Fcaradvice-media%2Fimages%2Fautos%2F71%2F1756570908563.61a48743-65a8-4f50-80c1-ac80728c1e8c.JPG,https://api-caradvice.duckdns.org/api/image?path=%2Fopt%2Fcaradvice-media%2Fimages%2Fautos%2F71%2F1756570908579.0278c4cb-505e-48df-8005-7ad38a3678d2.JPG",PEUGEOT,2008,2017,105000,KM,GASOLINE,MANUAL,SUV,Octavio Pinto 3024,Cordoba,Cordoba,5000,AR,-31.4167,-64.1833
72,FORD RANGER 3.2 TDI 4X2 DC XLT L19,FORD RANGER 3.2 TDI 4X2 DC XLT L19,AVAILABLE,USED,OTHER,39000000 ARS,https://caradvice.com.ar/autos/72,https://api-caradvice.duckdns.org/api/image?path=%2Fopt%2Fcaradvice-media%2Fimages%2Fautos%2F72%2F1761763635480.IMG-20251029-WA0234.jpg,"https://api-caradvice.duckdns.org/api/image?path=%2Fopt%2Fcaradvice-media%2Fimages%2Fautos%2F72%2F1761763635603.IMG-20251029-WA0237.jpg,https://api-caradvice.duckdns.org/api/image?path=%2Fopt%2Fcaradvice-media%2Fimages%2Fautos%2F72%2F1761763635707.IMG-20251029-WA0235.jpg,https://api-caradvice.duckdns.org/api/image?path=%2Fopt%2Fcaradvice-media%2Fimages%2Fautos%2F72%2F1761763635786.IMG-20251029-WA0238.jpg,https://api-caradvice.duckdns.org/api/image?path=%2Fopt%2Fcaradvice-media%2Fimages%2Fautos%2F72%2F1761763635856.IMG-20251029-WA0233.jpg,https://api-caradvice.duckdns.org/api/image?path=%2Fopt%2Fcaradvice-media%2Fimages%2Fautos%2F72%2F1761763635955.IMG-20251029-WA0236.jpg,https://api-caradvice.duckdns.org/api/image?path=%2Fopt%2Fcaradvice-media%2Fimages%2Fautos%2F72%2F1761763636105.IMG-20251029-WA0239.jpg,https://api-caradvice.duckdns.org/api/image?path=%2Fopt%2Fcaradvice-media%2Fimages%2Fautos%2F72%2F1761763636234.IMG-20251029-WA0240.jpg,https://api-caradvice.duckdns.org/api/image?path=%2Fopt%2Fcaradvice-media%2Fimages%2Fautos%2F72%2F1761763636320.IMG-20251029-WA0241.jpg,https://api-caradvice.duckdns.org/api/image?path=%2Fopt%2Fcaradvice-media%2Fimages%2Fautos%2F72%2F1761763636427.IMG-20251029-WA0242.jpg,https://api-caradvice.duckdns.org/api/image?path=%2Fopt%2Fcaradvice-media%2Fimages%2Fautos%2F72%2F1761763636516.IMG-20251029-WA0243.jpg",FORD,RANGER,2020,95000,KM,DIESEL,MANUAL,PICKUP,Octavio Pinto 3024,Cordoba,Cordoba,5000,AR,-31.4167,-64.1833
73,RENAULT CAPTUR 2.0 ZEN,RENAULT CAPTUR 2.0 ZEN,AVAILABLE,USED,OTHER,22500000 ARS,https://caradvice.com.ar/autos/73,https://api-caradvice.duckdns.org/api/image?path=%2Fopt%2Fcaradvice-media%2Fimages%2Fautos%2F73%2F1749133159127.3118a461-71cc-4e1d-917b-953440ae9891.JPG,"https://api-caradvice.duckdns.org/api/image?path=%2Fopt%2Fcaradvice-media%2Fimages%2Fautos%2F73%2F1749133159266.5b088003-741b-4969-9eac-131ce832256b.JPG,https://api-caradvice.duckdns.org/api/image?path=%2Fopt%2Fcaradvice-media%2Fimages%2Fautos%2F73%2F1749133159354.8759498a-7827-4468-9c9e-9744f1d136a4.JPG,https://api-caradvice.duckdns.org/api/image?path=%2Fopt%2Fcaradvice-media%2Fimages%2Fautos%2F73%2F1749133159543.b32d23c0-88ef-43b9-ab7c-b71f3a95fa6c.JPG,https://api-caradvice.duckdns.org/api/image?path=%2Fopt%2Fcaradvice-media%2Fimages%2Fautos%2F73%2F1749133159575.0cd785e4-31d9-4b98-a8cf-d5b05aa6d91b.JPG,https://api-caradvice.duckdns.org/api/image?path=%2Fopt%2Fcaradvice-media%2Fimages%2Fautos%2F73%2F1749133159637.2d1c0bda-a1f0-4e47-a422-37c4b2d47d1f.JPG,https://api-caradvice.duckdns.org/api/image?path=%2Fopt%2Fcaradvice-media%2Fimages%2Fautos%2F73%2F1749133159690.3f7807d8-4815-4d55-b20b-526f7c0e32ac.JPG,https://api-caradvice.duckdns.org/api/image?path=%2Fopt%2Fcaradvice-media%2Fimages%2Fautos%2F73%2F1749133159708.05ebcf4a-7c65-4fe0-bd21-b3802a0fa324.JPG,https://api-caradvice.duckdns.org/api/image?path=%2Fopt%2Fcaradvice-media%2Fimages%2Fautos%2F73%2F1749133159739.8eef74e0-19b8-430a-9f0c-de55d7c7fae1.JPG,https://api-caradvice.duckdns.org/api/image?path=%2Fopt%2Fcaradvice-media%2Fimages%2Fautos%2F73%2F1749133159785.9d9e2f1a-3a2a-4f2f-97d9-6c9d60f4e214.JPG,https://api-caradvice.duckdns.org/api/image?path=%2Fopt%2Fcaradvice-media%2Fimages%2Fautos%2F73%2F1749133159806.894f02fd-2fb2-4a1b-93ec-4848fd883d87.JPG",RENAULT,CAPTUR,2018,98000,KM,GASOLINE,MANUAL,SUV,Octavio Pinto 3024,Cordoba,Cordoba,5000,AR,-31.4167,-64.1833
74,JEEP COMPASS 2.4 4X2 SPORT AT6 L19,JEEP COMPASS 2.4 4X2 SPORT AT6 L19,AVAILABLE,USED,OTHER,32000000 ARS,https://caradvice.com.ar/autos/74,https://api-caradvice.duckdns.org/api/image?path=%2Fopt%2Fcaradvice-media%2Fimages%2Fautos%2F74%2F1765481247708.IMG-20251211-WA0368.jpg,"https://api-caradvice.duckdns.org/api/image?path=%2Fopt%2Fcaradvice-media%2Fimages%2Fautos%2F74%2F1765481247732.IMG-20251211-WA0373.jpg,https://api-caradvice.duckdns.org/api/image?path=%2Fopt%2Fcaradvice-media%2Fimages%2Fautos%2F74%2F1765481247806.IMG-20251211-WA0366.jpg,https://api-caradvice.duckdns.org/api/image?path=%2Fopt%2Fcaradvice-media%2Fimages%2Fautos%2F74%2F1765481247883.IMG-20251211-WA0370.jpg,https://api-caradvice.duckdns.org/api/image?path=%2Fopt%2Fcaradvice-media%2Fimages%2Fautos%2F74%2F1765481247995.IMG-20251211-WA0367.jpg,https://api-caradvice.duckdns.org/api/image?path=%2Fopt%2Fcaradvice-media%2Fimages%2Fautos%2F74%2F1765481248114.IMG-20251211-WA0369.jpg,https://api-caradvice.duckdns.org/api/image?path=%2Fopt%2Fcaradvice-media%2Fimages%2Fautos%2F74%2F1765481248250.IMG-20251211-WA0371.jpg,https://api-caradvice.duckdns.org/api/image?path=%2Fopt%2Fcaradvice-media%2Fimages%2Fautos%2F74%2F1765481248348.IMG-20251211-WA0372.jpg,https://api-caradvice.duckdns.org/api/image?path=%2Fopt%2Fcaradvice-media%2Fimages%2Fautos%2F74%2F1765481248448.IMG-20251211-WA0374.jpg,https://api-caradvice.duckdns.org/api/image?path=%2Fopt%2Fcaradvice-media%2Fimages%2Fautos%2F74%2F1765481248524.IMG-20251211-WA0375.jpg,https://api-caradvice.duckdns.org/api/image?path=%2Fopt%2Fcaradvice-media%2Fimages%2Fautos%2F74%2F1765481248620.IMG-20251211-WA0376.jpg",JEEP,COMPASS,2019,90600,KM,GASOLINE,AUTOMATIC,SUV,Octavio Pinto 3024,Cordoba,Cordoba,5000,AR,-31.4167,-64.1833
75,RENAULT CAPTUR 2.0 ZEN,RENAULT CAPTUR 2.0 ZEN,AVAILABLE,USED,OTHER,22000000 ARS,https://caradvice.com.ar/autos/75,https://api-caradvice.duckdns.org/api/image?path=%2Fopt%2Fcaradvice-media%2Fimages%2Fautos%2F75%2F1759421168000.IMG-20251002-WA0204.jpg,"https://api-caradvice.duckdns.org/api/image?path=%2Fopt%2Fcaradvice-media%2Fimages%2Fautos%2F75%2F1759421168037.IMG-20251002-WA0205.jpg,https://api-caradvice.duckdns.org/api/image?path=%2Fopt%2Fcaradvice-media%2Fimages%2Fautos%2F75%2F1759421168046.IMG-20251002-WA0202.jpg,https://api-caradvice.duckdns.org/api/image?path=%2Fopt%2Fcaradvice-media%2Fimages%2Fautos%2F75%2F1759421168062.IMG-20251002-WA0210.jpg,https://api-caradvice.duckdns.org/api/image?path=%2Fopt%2Fcaradvice-media%2Fimages%2Fautos%2F75%2F1759421168079.IMG-20251002-WA0203.jpg,https://api-caradvice.duckdns.org/api/image?path=%2Fopt%2Fcaradvice-media%2Fimages%2Fautos%2F75%2F1759421168146.IMG-20251002-WA0206.jpg,https://api-caradvice.duckdns.org/api/image?path=%2Fopt%2Fcaradvice-media%2Fimages%2Fautos%2F75%2F1759421168207.IMG-20251002-WA0218.jpg,https://api-caradvice.duckdns.org/api/image?path=%2Fopt%2Fcaradvice-media%2Fimages%2Fautos%2F75%2F1759421168304.IMG-20251002-WA0217.jpg,https://api-caradvice.duckdns.org/api/image?path=%2Fopt%2Fcaradvice-media%2Fimages%2Fautos%2F75%2F1759421168446.IMG-20251002-WA0214.jpg,https://api-caradvice.duckdns.org/api/image?path=%2Fopt%2Fcaradvice-media%2Fimages%2Fautos%2F75%2F1759421168549.IMG-20251002-WA0207.jpg,https://api-caradvice.duckdns.org/api/image?path=%2Fopt%2Fcaradvice-media%2Fimages%2Fautos%2F75%2F1759421168575.IMG-20251002-WA0211.jpg",RENAULT,CAPTUR,2017,115500,KM,GASOLINE,MANUAL,SUV,Octavio Pinto 3024,Cordoba,Cordoba,5000,AR,-31.4167,-64.1833
76,MERCEDES BENZ GLA 250 4MATIC AMG,MERCEDES BENZ GLA 250 4MATIC AMG,AVAILABLE,USED,OTHER,42500000 ARS,https://caradvice.com.ar/autos/76,https://api-caradvice.duckdns.org/api/image?path=%2Fopt%2Fcaradvice-media%2Fimages%2Fautos%2F76%2F1759872022894.IMG-20251007-WA0333.jpg,"https://api-caradvice.duckdns.org/api/image?path=%2Fopt%2Fcaradvice-media%2Fimages%2Fautos%2F76%2F1759872023140.IMG-20251007-WA0336.jpg,https://api-caradvice.duckdns.org/api/image?path=%2Fopt%2Fcaradvice-media%2Fimages%2Fautos%2F76%2F1759872023310.IMG-20251007-WA0331.jpg,https://api-caradvice.duckdns.org/api/image?path=%2Fopt%2Fcaradvice-media%2Fimages%2Fautos%2F76%2F1759872023398.IMG-20251007-WA0337.jpg,https://api-caradvice.duckdns.org/api/image?path=%2Fopt%2Fcaradvice-media%2Fimages%2Fautos%2F76%2F1759872023483.IMG-20251007-WA0332.jpg,https://api-caradvice.duckdns.org/api/image?path=%2Fopt%2Fcaradvice-media%2Fimages%2Fautos%2F76%2F1759872023542.IMG-20251007-WA0334.jpg,https://api-caradvice.duckdns.org/api/image?path=%2Fopt%2Fcaradvice-media%2Fimages%2Fautos%2F76%2F1759872023625.IMG-20251007-WA0347.jpg,https://api-caradvice.duckdns.org/api/image?path=%2Fopt%2Fcaradvice-media%2Fimages%2Fautos%2F76%2F1759872023668.IMG-20251007-WA0346.jpg,https://api-caradvice.duckdns.org/api/image?path=%2Fopt%2Fcaradvice-media%2Fimages%2Fautos%2F76%2F1759872023790.IMG-20251007-WA0338.jpg,https://api-caradvice.duckdns.org/api/image?path=%2Fopt%2Fcaradvice-media%2Fimages%2Fautos%2F76%2F1759872023876.IMG-20251007-WA0342.jpg,https://api-caradvice.duckdns.org/api/image?path=%2Fopt%2Fcaradvice-media%2Fimages%2Fautos%2F76%2F1759872023975.IMG-20251007-WA0340.jpg",MERCEDES BENZ,GLA,2016,171500,KM,GASOLINE,AUTOMATIC,SUV,Octavio Pinto 3024,Cordoba,Cordoba,5000,AR,-31.4167,-64.1833
77,FORD F-150 3.5 4X4 RAPTOR AT,FORD F-150 3.5 4X4 RAPTOR AT,AVAILABLE,USED,OTHER,102500 USD,https://caradvice.com.ar/autos/77,https://api-caradvice.duckdns.org/api/image?path=%2Fopt%2Fcaradvice-media%2Fimages%2Fautos%2F77%2F1757335527861.3d577188-4b7e-4b50-894b-3fa5b7b4905f.jpeg,"https://api-caradvice.duckdns.org/api/image?path=%2Fopt%2Fcaradvice-media%2Fimages%2Fautos%2F77%2F1757335527990.24981c48-1d11-4f98-95b4-dfe8eff1809e.jpeg,https://api-caradvice.duckdns.org/api/image?path=%2Fopt%2Fcaradvice-media%2Fimages%2Fautos%2F77%2F1757335528089.2dc21f3b-32dc-4101-875f-6c35360cb87f.jpeg,https://api-caradvice.duckdns.org/api/image?path=%2Fopt%2Fcaradvice-media%2Fimages%2Fautos%2F77%2F1757335528185.9f4ca369-252f-48ff-beca-cb88bc1fb7da.jpeg,https://api-caradvice.duckdns.org/api/image?path=%2Fopt%2Fcaradvice-media%2Fimages%2Fautos%2F77%2F1757335528330.8d4c2524-a345-4f80-b111-8f3155ffa41d.jpeg,https://api-caradvice.duckdns.org/api/image?path=%2Fopt%2Fcaradvice-media%2Fimages%2Fautos%2F77%2F1757335528419.7b5d9720-8d40-4db8-bde6-4cfdd0b8df72.jpeg,https://api-caradvice.duckdns.org/api/image?path=%2Fopt%2Fcaradvice-media%2Fimages%2Fautos%2F77%2F1757335528476.0fb43abd-97bd-46cf-8275-63b389c428cb.jpeg,https://api-caradvice.duckdns.org/api/image?path=%2Fopt%2Fcaradvice-media%2Fimages%2Fautos%2F77%2F1757335528548.397c0e82-6547-477e-a886-17d05b379c52.jpeg,https://api-caradvice.duckdns.org/api/image?path=%2Fopt%2Fcaradvice-media%2Fimages%2Fautos%2F77%2F1757335528579.47e3bcf4-a6e5-401e-ae2b-26239cd25fd5.jpeg,https://api-caradvice.duckdns.org/api/image?path=%2Fopt%2Fcaradvice-media%2Fimages%2Fautos%2F77%2F1757335528690.1801b3ce-688d-4ebf-9999-edb2015c0177.jpeg,https://api-caradvice.duckdns.org/api/image?path=%2Fopt%2Fcaradvice-media%2Fimages%2Fautos%2F77%2F1757335528779.e8aab865-5bba-4aff-b670-74dfd3e8f897.jpeg",FORD,F-150,2022,54000,KM,GASOLINE,AUTOMATIC,PICKUP,Octavio Pinto 3024,Cordoba,Cordoba,5000,AR,-31.4167,-64.1833
78,FIAT CRONOS 1.3 GSE DRIVE PACK PLUS L23,FIAT CRONOS 1.3 GSE DRIVE PACK PLUS L23,AVAILABLE,USED,OTHER,24000000 ARS,https://caradvice.com.ar/autos/78,https://api-caradvice.duckdns.org/api/image?path=%2Fopt%2Fcaradvice-media%2Fimages%2Fautos%2F78%2F1763587134960.IMG-20251119-WA0331.jpg,"https://api-caradvice.duckdns.org/api/image?path=%2Fopt%2Fcaradvice-media%2Fimages%2Fautos%2F78%2F1763587134982.IMG-20251119-WA0321.jpg,https://api-caradvice.duckdns.org/api/image?path=%2Fopt%2Fcaradvice-media%2Fimages%2Fautos%2F78%2F1763587134985.IMG-20251119-WA0336.jpg,https://api-caradvice.duckdns.org/api/image?path=%2Fopt%2Fcaradvice-media%2Fimages%2Fautos%2F78%2F1763587135021.IMG-20251119-WA0325.jpg,https://api-caradvice.duckdns.org/api/image?path=%2Fopt%2Fcaradvice-media%2Fimages%2Fautos%2F78%2F1763587135057.IMG-20251119-WA0332.jpg,https://api-caradvice.duckdns.org/api/image?path=%2Fopt%2Fcaradvice-media%2Fimages%2Fautos%2F78%2F1763587135092.IMG-20251119-WA0319.jpg,https://api-caradvice.duckdns.org/api/image?path=%2Fopt%2Fcaradvice-media%2Fimages%2Fautos%2F78%2F1763587135346.IMG-20251119-WA0320.jpg,https://api-caradvice.duckdns.org/api/image?path=%2Fopt%2Fcaradvice-media%2Fimages%2Fautos%2F78%2F1763587135410.IMG-20251119-WA0322.jpg,https://api-caradvice.duckdns.org/api/image?path=%2Fopt%2Fcaradvice-media%2Fimages%2Fautos%2F78%2F1763587135462.IMG-20251119-WA0323.jpg,https://api-caradvice.duckdns.org/api/image?path=%2Fopt%2Fcaradvice-media%2Fimages%2Fautos%2F78%2F1763587135536.IMG-20251119-WA0326.jpg,https://api-caradvice.duckdns.org/api/image?path=%2Fopt%2Fcaradvice-media%2Fimages%2Fautos%2F78%2F1763587135641.IMG-20251119-WA0327.jpg",FIAT,CRONOS,2023,54000,KM,GASOLINE,MANUAL,SEDAN,Octavio Pinto 3024,Cordoba,Cordoba,5000,AR,-31.4167,-64.1833
79,NISSAN NOTE 1.6 EXCLUSIVE PURE DRIVE CVT L15,NISSAN NOTE 1.6 EXCLUSIVE PURE DRIVE CVT L15,AVAILABLE,USED,OTHER,20000000 ARS,https://caradvice.com.ar/autos/79,https://api-caradvice.duckdns.org/api/image?path=%2Fopt%2Fcaradvice-media%2Fimages%2Fautos%2F79%2F1764790619114.IMG-20251203-WA0323.jpg,"https://api-caradvice.duckdns.org/api/image?path=%2Fopt%2Fcaradvice-media%2Fimages%2Fautos%2F79%2F1764790619153.IMG-20251203-WA0326.jpg,https://api-caradvice.duckdns.org/api/image?path=%2Fopt%2Fcaradvice-media%2Fimages%2Fautos%2F79%2F1764790619359.IMG-20251203-WA0322.jpg,https://api-caradvice.duckdns.org/api/image?path=%2Fopt%2Fcaradvice-media%2Fimages%2Fautos%2F79%2F1764790619516.IMG-20251203-WA0325.jpg,https://api-caradvice.duckdns.org/api/image?path=%2Fopt%2Fcaradvice-media%2Fimages%2Fautos%2F79%2F1764790619664.IMG-20251203-WA0324.jpg,https://api-caradvice.duckdns.org/api/image?path=%2Fopt%2Fcaradvice-media%2Fimages%2Fautos%2F79%2F1764790619765.IMG-20251203-WA0327.jpg,https://api-caradvice.duckdns.org/api/image?path=%2Fopt%2Fcaradvice-media%2Fimages%2Fautos%2F79%2F1764790619929.IMG-20251203-WA0328.jpg,https://api-caradvice.duckdns.org/api/image?path=%2Fopt%2Fcaradvice-media%2Fimages%2Fautos%2F79%2F1764790620133.IMG-20251203-WA0329.jpg,https://api-caradvice.duckdns.org/api/image?path=%2Fopt%2Fcaradvice-media%2Fimages%2Fautos%2F79%2F1764790620300.IMG-20251203-WA0330.jpg,https://api-caradvice.duckdns.org/api/image?path=%2Fopt%2Fcaradvice-media%2Fimages%2Fautos%2F79%2F1764790620454.IMG-20251203-WA0331.jpg,https://api-caradvice.duckdns.org/api/image?path=%2Fopt%2Fcaradvice-media%2Fimages%2Fautos%2F79%2F1764790620572.IMG-20251203-WA0332.jpg",NISSAN,NOTE,2016,92600,KM,GASOLINE,AUTOMATIC,HATCHBACK,Octavio Pinto 3024,Cordoba,Cordoba,5000,AR,-31.4167,-64.1833
82,RENAULT SANDERO STEPWAY 1.6 PRIVILEGE L15,RENAULT SANDERO STEPWAY 1.6 PRIVILEGE L15,AVAILABLE,USED,OTHER,19500000 ARS,https://caradvice.com.ar/autos/82,https://api-caradvice.duckdns.org/api/image?path=%2Fopt%2Fcaradvice-media%2Fimages%2Fautos%2F82%2F1765910966940.IMG-20251216-WA0187.jpg,"https://api-caradvice.duckdns.org/api/image?path=%2Fopt%2Fcaradvice-media%2Fimages%2Fautos%2F82%2F1765910967293.IMG-20251216-WA0191.jpg,https://api-caradvice.duckdns.org/api/image?path=%2Fopt%2Fcaradvice-media%2Fimages%2Fautos%2F82%2F1765910967627.IMG-20251216-WA0189.jpg,https://api-caradvice.duckdns.org/api/image?path=%2Fopt%2Fcaradvice-media%2Fimages%2Fautos%2F82%2F1765910968197.IMG-20251216-WA0192.jpg,https://api-caradvice.duckdns.org/api/image?path=%2Fopt%2Fcaradvice-media%2Fimages%2Fautos%2F82%2F1765910968464.IMG-20251216-WA0188.jpg,https://api-caradvice.duckdns.org/api/image?path=%2Fopt%2Fcaradvice-media%2Fimages%2Fautos%2F82%2F1765910968943.IMG-20251216-WA0190.jpg,https://api-caradvice.duckdns.org/api/image?path=%2Fopt%2Fcaradvice-media%2Fimages%2Fautos%2F82%2F1765910969222.IMG-20251216-WA0193.jpg,https://api-caradvice.duckdns.org/api/image?path=%2Fopt%2Fcaradvice-media%2Fimages%2Fautos%2F82%2F1765910969860.IMG-20251216-WA0194.jpg,https://api-caradvice.duckdns.org/api/image?path=%2Fopt%2Fcaradvice-media%2Fimages%2Fautos%2F82%2F1765910970417.IMG-20251216-WA0195.jpg,https://api-caradvice.duckdns.org/api/image?path=%2Fopt%2Fcaradvice-media%2Fimages%2Fautos%2F82%2F1765910970666.IMG-20251216-WA0196.jpg,https://api-caradvice.duckdns.org/api/image?path=%2Fopt%2Fcaradvice-media%2Fimages%2Fautos%2F82%2F1765910970853.IMG-20251216-WA0197.jpg",RENAULT,SANDERO STEPWAY,2017,66000,KM,GASOLINE,MANUAL,HATCHBACK,Octavio Pinto 3024,Cordoba,Cordoba,5000,AR,-31.4167,-64.1833
83,VOLKSWAGEN TIGUAN 2.0 T ALLSPACE HIGHLINE AT L17,VOLKSWAGEN TIGUAN 2.0 T ALLSPACE HIGHLINE AT L17,AVAILABLE,USED,OTHER,32500 USD,https://caradvice.com.ar/autos/83,https://api-caradvice.duckdns.org/api/image?path=%2Fopt%2Fcaradvice-media%2Fimages%2Fautos%2F83%2F1766088843052.WhatsApp%20Image%202025-12-18%20at%2016.01.46.jpeg,"https://api-caradvice.duckdns.org/api/image?path=%2Fopt%2Fcaradvice-media%2Fimages%2Fautos%2F83%2F1766088843092.WhatsApp%20Image%202025-12-18%20at%2016.01.49.jpeg,https://api-caradvice.duckdns.org/api/image?path=%2Fopt%2Fcaradvice-media%2Fimages%2Fautos%2F83%2F1766088843131.WhatsApp%20Image%202025-12-18%20at%2016.01.42.jpeg,https://api-caradvice.duckdns.org/api/image?path=%2Fopt%2Fcaradvice-media%2Fimages%2Fautos%2F83%2F1766088843211.WhatsApp%20Image%202025-12-18%20at%2016.01.49%20(1).jpeg,https://api-caradvice.duckdns.org/api/image?path=%2Fopt%2Fcaradvice-media%2Fimages%2Fautos%2F83%2F1766088843294.WhatsApp%20Image%202025-12-18%20at%2016.01.44.jpeg,https://api-caradvice.duckdns.org/api/image?path=%2Fopt%2Fcaradvice-media%2Fimages%2Fautos%2F83%2F1766088843478.WhatsApp%20Image%202025-12-18%20at%2016.01.48.jpeg,https://api-caradvice.duckdns.org/api/image?path=%2Fopt%2Fcaradvice-media%2Fimages%2Fautos%2F83%2F1766088843564.WhatsApp%20Image%202025-12-18%20at%2016.01.51%20(2).jpeg,https://api-caradvice.duckdns.org/api/image?path=%2Fopt%2Fcaradvice-media%2Fimages%2Fautos%2F83%2F1766088843597.WhatsApp%20Image%202025-12-18%20at%2016.01.50%20(1).jpeg,https://api-caradvice.duckdns.org/api/image?path=%2Fopt%2Fcaradvice-media%2Fimages%2Fautos%2F83%2F1766088843813.WhatsApp%20Image%202025-12-18%20at%2016.01.49%20(2).jpeg,https://api-caradvice.duckdns.org/api/image?path=%2Fopt%2Fcaradvice-media%2Fimages%2Fautos%2F83%2F1766088843956.WhatsApp%20Image%202025-12-18%20at%2016.01.50.jpeg,https://api-caradvice.duckdns.org/api/image?path=%2Fopt%2Fcaradvice-media%2Fimages%2Fautos%2F83%2F1766088844019.WhatsApp%20Image%202025-12-18%20at%2016.01.50%20(2).jpeg",VOLKSWAGEN,TIGUAN,2018,140700,KM,GASOLINE,AUTOMATIC,SUV,Octavio Pinto 3024,Cordoba,Cordoba,5000,AR,-31.4167,-64.1833
84,MERCEDES BENZ A 200 BLUEEFFICIENCY URBAN L13,MERCEDES BENZ A 200 BLUEEFFICIENCY URBAN L13,AVAILABLE,USED,OTHER,19500 USD,https://caradvice.com.ar/autos/84,https://api-caradvice.duckdns.org/api/image?path=%2Fopt%2Fcaradvice-media%2Fimages%2Fautos%2F84%2F1750873271604.37a3fbcc-e2e9-4a33-bf17-d5558eea4844%203.JPG,"https://api-caradvice.duckdns.org/api/image?path=%2Fopt%2Fcaradvice-media%2Fimages%2Fautos%2F84%2F1750873271926.3ca53933-179c-4dac-b490-427e9e534ba9%203.JPG,https://api-caradvice.duckdns.org/api/image?path=%2Fopt%2Fcaradvice-media%2Fimages%2Fautos%2F84%2F1750873272711.89e990b0-69b7-4cee-9427-94d2ff834657%203.JPG,https://api-caradvice.duckdns.org/api/image?path=%2Fopt%2Fcaradvice-media%2Fimages%2Fautos%2F84%2F1750873272976.909b2b17-1a28-4e92-a59d-19a63a349615%203.JPG,https://api-caradvice.duckdns.org/api/image?path=%2Fopt%2Fcaradvice-media%2Fimages%2Fautos%2F84%2F1750873272440.4493b6f8-6493-4087-99a4-06c80882fd81%203.JPG,https://api-caradvice.duckdns.org/api/image?path=%2Fopt%2Fcaradvice-media%2Fimages%2Fautos%2F84%2F1750873272228.af294137-46ce-4196-81bc-4263460ae4da%203.JPG,https://api-caradvice.duckdns.org/api/image?path=%2Fopt%2Fcaradvice-media%2Fimages%2Fautos%2F84%2F1750873273272.36a5fe37-89ee-4193-ad39-ce33a21e8cde%203.JPG,https://api-caradvice.duckdns.org/api/image?path=%2Fopt%2Fcaradvice-media%2Fimages%2Fautos%2F84%2F1750873273456.39be9160-1581-4d9b-91e3-793a2b2b312a%203.JPG,https://api-caradvice.duckdns.org/api/image?path=%2Fopt%2Fcaradvice-media%2Fimages%2Fautos%2F84%2F1750873273528.415f918d-8a8f-4e73-9738-ddde988e2c45%203.JPG,https://api-caradvice.duckdns.org/api/image?path=%2Fopt%2Fcaradvice-media%2Fimages%2Fautos%2F84%2F1750873273741.3242df09-8267-4012-ba7a-d8f89e1afedc%203.JPG,https://api-caradvice.duckdns.org/api/image?path=%2Fopt%2Fcaradvice-media%2Fimages%2Fautos%2F84%2F1750873273850.290124f1-4edf-46a8-8fca-95cfc832a96f%203.JPG",MERCEDES BENZ,A,2013,125000,KM,GASOLINE,MANUAL,HATCHBACK,Octavio Pinto 3024,Cordoba,Cordoba,5000,AR,-31.4167,-64.1833
85,FORD KUGA 2.0 4X4 SEL AT L17,FORD KUGA 2.0 4X4 SEL AT L17,AVAILABLE,USED,OTHER,28500000 ARS,https://caradvice.com.ar/autos/85,https://api-caradvice.duckdns.org/api/image?path=%2Fopt%2Fcaradvice-media%2Fimages%2Fautos%2F85%2F1766165390232.WhatsApp%20Image%202025-12-19%20at%2014.17.48.jpeg,"https://api-caradvice.duckdns.org/api/image?path=%2Fopt%2Fcaradvice-media%2Fimages%2Fautos%2F85%2F1766165390253.WhatsApp%20Image%202025-12-19%20at%2014.17.45.jpeg,https://api-caradvice.duckdns.org/api/image?path=%2Fopt%2Fcaradvice-media%2Fimages%2Fautos%2F85%2F1766165390256.WhatsApp%20Image%202025-12-19%20at%2014.17.48%20(1).jpeg,https://api-caradvice.duckdns.org/api/image?path=%2Fopt%2Fcaradvice-media%2Fimages%2Fautos%2F85%2F1766165390272.WhatsApp%20Image%202025-12-19%20at%2014.17.45%20(1).jpeg,https://api-caradvice.duckdns.org/api/image?path=%2Fopt%2Fcaradvice-media%2Fimages%2Fautos%2F85%2F1766165390358.WhatsApp%20Image%202025-12-19%20at%2014.17.47%20(2).jpeg,https://api-caradvice.duckdns.org/api/image?path=%2Fopt%2Fcaradvice-media%2Fimages%2Fautos%2F85%2F1766165390419.WhatsApp%20Image%202025-12-19%20at%2014.17.44%20(2).jpeg,https://api-caradvice.duckdns.org/api/image?path=%2Fopt%2Fcaradvice-media%2Fimages%2Fautos%2F85%2F1766165390514.WhatsApp%20Image%202025-12-19%20at%2014.17.47.jpeg,https://api-caradvice.duckdns.org/api/image?path=%2Fopt%2Fcaradvice-media%2Fimages%2Fautos%2F85%2F1766165390572.WhatsApp%20Image%202025-12-19%20at%2014.17.44%20(1).jpeg,https://api-caradvice.duckdns.org/api/image?path=%2Fopt%2Fcaradvice-media%2Fimages%2Fautos%2F85%2F1766165390641.WhatsApp%20Image%202025-12-19%20at%2014.17.41%20(2).jpeg,https://api-caradvice.duckdns.org/api/image?path=%2Fopt%2Fcaradvice-media%2Fimages%2Fautos%2F85%2F1766165390719.WhatsApp%20Image%202025-12-19%20at%2014.17.43%20(2).jpeg,https://api-caradvice.duckdns.org/api/image?path=%2Fopt%2Fcaradvice-media%2Fimages%2Fautos%2F85%2F1766165390799.WhatsApp%20Image%202025-12-19%20at%2014.17.43.jpeg",FORD,KUGA,2017,106000,KM,GASOLINE,AUTOMATIC,SUV,Octavio Pinto 3024,Cordoba,Cordoba,5000,AR,-31.4167,-64.1833
86,PEUGEOT 208 1.0 T200 GT AT L26,PEUGEOT 208 1.0 T200 GT AT L26,AVAILABLE,USED,OTHER,36000000 ARS,https://caradvice.com.ar/autos/86,https://api-caradvice.duckdns.org/api/image?path=%2Fopt%2Fcaradvice-media%2Fimages%2Fautos%2F86%2F1759507528142.IMG-20251003-WA0022.jpg,"https://api-caradvice.duckdns.org/api/image?path=%2Fopt%2Fcaradvice-media%2Fimages%2Fautos%2F86%2F1759507528469.IMG-20251003-WA0011.jpg,https://api-caradvice.duckdns.org/api/image?path=%2Fopt%2Fcaradvice-media%2Fimages%2Fautos%2F86%2F1759507529273.IMG-20251003-WA0015.jpg,https://api-caradvice.duckdns.org/api/image?path=%2Fopt%2Fcaradvice-media%2Fimages%2Fautos%2F86%2F1759507530052.IMG-20251003-WA0007.jpg,https://api-caradvice.duckdns.org/api/image?path=%2Fopt%2Fcaradvice-media%2Fimages%2Fautos%2F86%2F1759507530755.IMG-20251003-WA0025.jpg,https://api-caradvice.duckdns.org/api/image?path=%2Fopt%2Fcaradvice-media%2Fimages%2Fautos%2F86%2F1759507532115.IMG-20251003-WA0016.jpg,https://api-caradvice.duckdns.org/api/image?path=%2Fopt%2Fcaradvice-media%2Fimages%2Fautos%2F86%2F1759507533032.IMG-20251003-WA0012.jpg,https://api-caradvice.duckdns.org/api/image?path=%2Fopt%2Fcaradvice-media%2Fimages%2Fautos%2F86%2F1759507533421.IMG-20251003-WA0020.jpg,https://api-caradvice.duckdns.org/api/image?path=%2Fopt%2Fcaradvice-media%2Fimages%2Fautos%2F86%2F1759507534034.IMG-20251003-WA0017.jpg,https://api-caradvice.duckdns.org/api/image?path=%2Fopt%2Fcaradvice-media%2Fimages%2Fautos%2F86%2F1759507534625.IMG-20251003-WA0013.jpg,https://api-caradvice.duckdns.org/api/image?path=%2Fopt%2Fcaradvice-media%2Fimages%2Fautos%2F86%2F1759507534984.IMG-20251003-WA0023.jpg",PEUGEOT,208,2025,0,KM,GASOLINE,AUTOMATIC,HATCHBACK,Octavio Pinto 3024,Cordoba,Cordoba,5000,AR,-31.4167,-64.1833
87,FORD MAVERICK 2.5 T 4X4 LARIAT HIBRIDA AT L25,FORD MAVERICK 2.5 T 4X4 LARIAT HIBRIDA AT L25,AVAILABLE,USED,OTHER,39900 USD,https://caradvice.com.ar/autos/87,https://api-caradvice.duckdns.org/api/image?path=%2Fopt%2Fcaradvice-media%2Fimages%2Fautos%2F87%2F1761773773683.IMG-20251029-WA0382.jpg,"https://api-caradvice.duckdns.org/api/image?path=%2Fopt%2Fcaradvice-media%2Fimages%2Fautos%2F87%2F1761773773965.IMG-20251029-WA0386.jpg,https://api-caradvice.duckdns.org/api/image?path=%2Fopt%2Fcaradvice-media%2Fimages%2Fautos%2F87%2F1761773774441.IMG-20251029-WA0384.jpg,https://api-caradvice.duckdns.org/api/image?path=%2Fopt%2Fcaradvice-media%2Fimages%2Fautos%2F87%2F1761773774780.IMG-20251029-WA0387.jpg,https://api-caradvice.duckdns.org/api/image?path=%2Fopt%2Fcaradvice-media%2Fimages%2Fautos%2F87%2F1761773775058.IMG-20251029-WA0383.jpg,https://api-caradvice.duckdns.org/api/image?path=%2Fopt%2Fcaradvice-media%2Fimages%2Fautos%2F87%2F1761773775404.IMG-20251029-WA0385.jpg,https://api-caradvice.duckdns.org/api/image?path=%2Fopt%2Fcaradvice-media%2Fimages%2Fautos%2F87%2F1761773775663.IMG-20251029-WA0393.jpg,https://api-caradvice.duckdns.org/api/image?path=%2Fopt%2Fcaradvice-media%2Fimages%2Fautos%2F87%2F1761773775851.IMG-20251029-WA0388.jpg,https://api-caradvice.duckdns.org/api/image?path=%2Fopt%2Fcaradvice-media%2Fimages%2Fautos%2F87%2F1761773776381.IMG-20251029-WA0389.jpg,https://api-caradvice.duckdns.org/api/image?path=%2Fopt%2Fcaradvice-media%2Fimages%2Fautos%2F87%2F1761773776745.IMG-20251029-WA0396.jpg,https://api-caradvice.duckdns.org/api/image?path=%2Fopt%2Fcaradvice-media%2Fimages%2Fautos%2F87%2F1761773776984.IMG-20251029-WA0391.jpg",FORD,MAVERICK,2025,0,KM,HYBRID,AUTOMATIC,PICKUP,Octavio Pinto 3024,Cordoba,Cordoba,5000,AR,-31.4167,-64.1833
88,PEUGEOT 208 1.6 ACTIVE PACK L23,PEUGEOT 208 1.6 ACTIVE PACK L23,AVAILABLE,USED,OTHER,25000000 ARS,https://caradvice.com.ar/autos/88,https://api-caradvice.duckdns.org/api/image?path=%2Fopt%2Fcaradvice-media%2Fimages%2Fautos%2F88%2F1763063424218.IMG-20251113-WA0345.jpg,"https://api-caradvice.duckdns.org/api/image?path=%2Fopt%2Fcaradvice-media%2Fimages%2Fautos%2F88%2F1763063424222.IMG-20251113-WA0346.jpg,https://api-caradvice.duckdns.org/api/image?path=%2Fopt%2Fcaradvice-media%2Fimages%2Fautos%2F88%2F1763063424225.IMG-20251113-WA0347.jpg,https://api-caradvice.duckdns.org/api/image?path=%2Fopt%2Fcaradvice-media%2Fimages%2Fautos%2F88%2F1763063424259.IMG-20251113-WA0348.jpg,https://api-caradvice.duckdns.org/api/image?path=%2Fopt%2Fcaradvice-media%2Fimages%2Fautos%2F88%2F1763063424283.IMG-20251113-WA0349.jpg,https://api-caradvice.duckdns.org/api/image?path=%2Fopt%2Fcaradvice-media%2Fimages%2Fautos%2F88%2F1763063424290.IMG-20251113-WA0350.jpg,https://api-caradvice.duckdns.org/api/image?path=%2Fopt%2Fcaradvice-media%2Fimages%2Fautos%2F88%2F1763063424302.IMG-20251113-WA0351.jpg,https://api-caradvice.duckdns.org/api/image?path=%2Fopt%2Fcaradvice-media%2Fimages%2Fautos%2F88%2F1763063424328.IMG-20251113-WA0352.jpg,https://api-caradvice.duckdns.org/api/image?path=%2Fopt%2Fcaradvice-media%2Fimages%2Fautos%2F88%2F1763063424385.IMG-20251113-WA0353.jpg,https://api-caradvice.duckdns.org/api/image?path=%2Fopt%2Fcaradvice-media%2Fimages%2Fautos%2F88%2F1763063424409.IMG-20251113-WA0356.jpg,https://api-caradvice.duckdns.org/api/image?path=%2Fopt%2Fcaradvice-media%2Fimages%2Fautos%2F88%2F1763063424432.IMG-20251113-WA0355.jpg",PEUGEOT,208,2023,41200,KM,GASOLINE,MANUAL,HATCHBACK,Octavio Pinto 3024,Cordoba,Cordoba,5000,AR,-31.4167,-64.1833
90,FIAT TORO 1.8 MPI 4X2 FREEDOM AT6,FIAT TORO 1.8 MPI 4X2 FREEDOM AT6,AVAILABLE,USED,OTHER,38000000 ARS,https://caradvice.com.ar/autos/90,https://api-caradvice.duckdns.org/api/image?path=%2Fopt%2Fcaradvice-media%2Fimages%2Fautos%2F90%2F1767108641534.WhatsApp%20Image%202025-12-30%20at%2011.45.18.jpeg,"https://api-caradvice.duckdns.org/api/image?path=%2Fopt%2Fcaradvice-media%2Fimages%2Fautos%2F90%2F1767108641568.WhatsApp%20Image%202025-12-30%20at%2011.45.18%20(2).jpeg,https://api-caradvice.duckdns.org/api/image?path=%2Fopt%2Fcaradvice-media%2Fimages%2Fautos%2F90%2F1767108641608.WhatsApp%20Image%202025-12-30%20at%2011.45.17%20(1).jpeg,https://api-caradvice.duckdns.org/api/image?path=%2Fopt%2Fcaradvice-media%2Fimages%2Fautos%2F90%2F1767108641696.WhatsApp%20Image%202025-12-30%20at%2011.45.18%20(1).jpeg,https://api-caradvice.duckdns.org/api/image?path=%2Fopt%2Fcaradvice-media%2Fimages%2Fautos%2F90%2F1767108641758.WhatsApp%20Image%202025-12-30%20at%2011.45.17.jpeg,https://api-caradvice.duckdns.org/api/image?path=%2Fopt%2Fcaradvice-media%2Fimages%2Fautos%2F90%2F1767108641793.WhatsApp%20Image%202025-12-30%20at%2011.45.19.jpeg,https://api-caradvice.duckdns.org/api/image?path=%2Fopt%2Fcaradvice-media%2Fimages%2Fautos%2F90%2F1767108641827.WhatsApp%20Image%202025-12-30%20at%2011.45.19%20(1).jpeg,https://api-caradvice.duckdns.org/api/image?path=%2Fopt%2Fcaradvice-media%2Fimages%2Fautos%2F90%2F1767108641865.WhatsApp%20Image%202025-12-30%20at%2011.45.19%20(2).jpeg,https://api-caradvice.duckdns.org/api/image?path=%2Fopt%2Fcaradvice-media%2Fimages%2Fautos%2F90%2F1767108641887.WhatsApp%20Image%202025-12-30%20at%2011.45.20%20(1).jpeg,https://api-caradvice.duckdns.org/api/image?path=%2Fopt%2Fcaradvice-media%2Fimages%2Fautos%2F90%2F1767108641912.WhatsApp%20Image%202025-12-30%20at%2011.45.24%20(1).jpeg,https://api-caradvice.duckdns.org/api/image?path=%2Fopt%2Fcaradvice-media%2Fimages%2Fautos%2F90%2F1767108641966.WhatsApp%20Image%202025-12-30%20at%2011.45.21%20(1).jpeg",FIAT,TORO,2024,49200,KM,OTHER,AUTOMATIC,PICKUP,Octavio Pinto 3024,Cordoba,Cordoba,5000,AR,-31.4167,-64.1833
91,NISSAN FRONTIER 2.3 BI TURBO D 4X4 CD PRO4X AT,NISSAN FRONTIER 2.3 BI TURBO D 4X4 CD PRO4X AT,AVAILABLE,USED,OTHER,40900000 ARS,https://caradvice.com.ar/autos/91,https://api-caradvice.duckdns.org/api/image?path=%2Fopt%2Fcaradvice-media%2Fimages%2Fautos%2F91%2F1765914556861.IMG-20251216-WA0283.jpg,"https://api-caradvice.duckdns.org/api/image?path=%2Fopt%2Fcaradvice-media%2Fimages%2Fautos%2F91%2F1765914557175.IMG-20251216-WA0282.jpg,https://api-caradvice.duckdns.org/api/image?path=%2Fopt%2Fcaradvice-media%2Fimages%2Fautos%2F91%2F1765914557714.IMG-20251216-WA0281.jpg,https://api-caradvice.duckdns.org/api/image?path=%2Fopt%2Fcaradvice-media%2Fimages%2Fautos%2F91%2F1765914558129.IMG-20251216-WA0286.jpg,https://api-caradvice.duckdns.org/api/image?path=%2Fopt%2Fcaradvice-media%2Fimages%2Fautos%2F91%2F1765914558535.IMG-20251216-WA0280.jpg,https://api-caradvice.duckdns.org/api/image?path=%2Fopt%2Fcaradvice-media%2Fimages%2Fautos%2F91%2F1765914558981.IMG-20251216-WA0284.jpg,https://api-caradvice.duckdns.org/api/image?path=%2Fopt%2Fcaradvice-media%2Fimages%2Fautos%2F91%2F1765914559338.IMG-20251216-WA0285.jpg,https://api-caradvice.duckdns.org/api/image?path=%2Fopt%2Fcaradvice-media%2Fimages%2Fautos%2F91%2F1765914559686.IMG-20251216-WA0287.jpg,https://api-caradvice.duckdns.org/api/image?path=%2Fopt%2Fcaradvice-media%2Fimages%2Fautos%2F91%2F1765914559898.IMG-20251216-WA0288.jpg,https://api-caradvice.duckdns.org/api/image?path=%2Fopt%2Fcaradvice-media%2Fimages%2Fautos%2F91%2F1765914560209.IMG-20251216-WA0289.jpg,https://api-caradvice.duckdns.org/api/image?path=%2Fopt%2Fcaradvice-media%2Fimages%2Fautos%2F91%2F1765914560639.IMG-20251216-WA0290.jpg",NISSAN,FRONTIER,2022,200000,KM,DIESEL,AUTOMATIC,PICKUP,Octavio Pinto 3024,Cordoba,Cordoba,5000,AR,-31.4167,-64.1833
93,JEEP COMPASS 2.4 LONGITUDE PLUS AT9 L17,JEEP COMPASS 2.4 LONGITUDE PLUS AT9 L17,AVAILABLE,USED,OTHER,33500000 ARS,https://caradvice.com.ar/autos/93,https://api-caradvice.duckdns.org/api/image?path=%2Fopt%2Fcaradvice-media%2Fimages%2Fautos%2F93%2F1753306573545.e945f9e7-9a6a-49d8-93a4-cace380918bf.JPG,"https://api-caradvice.duckdns.org/api/image?path=%2Fopt%2Fcaradvice-media%2Fimages%2Fautos%2F93%2F1753306573611.0aee14cd-0fff-45ec-be58-08ded4a6a6f7.JPG,https://api-caradvice.duckdns.org/api/image?path=%2Fopt%2Fcaradvice-media%2Fimages%2Fautos%2F93%2F1753306573692.ec16b95d-d23b-471d-b4c3-f84b28020799.JPG,https://api-caradvice.duckdns.org/api/image?path=%2Fopt%2Fcaradvice-media%2Fimages%2Fautos%2F93%2F1753306573783.419586b6-3980-4f39-b942-6dfb67dc3ba0.JPG,https://api-caradvice.duckdns.org/api/image?path=%2Fopt%2Fcaradvice-media%2Fimages%2Fautos%2F93%2F1753306573822.166cbb0d-a05f-43ff-9414-5506828e3257.JPG,https://api-caradvice.duckdns.org/api/image?path=%2Fopt%2Fcaradvice-media%2Fimages%2Fautos%2F93%2F1753306573886.8fc10d18-4c3f-4d89-90f8-f1e337fa9823.JPG,https://api-caradvice.duckdns.org/api/image?path=%2Fopt%2Fcaradvice-media%2Fimages%2Fautos%2F93%2F1753306573941.55bc955a-9e89-469f-ae7f-6e1dc4a6e46e.JPG,https://api-caradvice.duckdns.org/api/image?path=%2Fopt%2Fcaradvice-media%2Fimages%2Fautos%2F93%2F1753306573971.246cb738-ce0f-4061-ba7b-6603bcb834b5.JPG,https://api-caradvice.duckdns.org/api/image?path=%2Fopt%2Fcaradvice-media%2Fimages%2Fautos%2F93%2F1753306573998.467b1954-0a1f-43f1-96af-fc85537e2a17.JPG,https://api-caradvice.duckdns.org/api/image?path=%2Fopt%2Fcaradvice-media%2Fimages%2Fautos%2F93%2F1753306574029.538c703e-6763-47ae-a330-64ea395e151b.JPG,https://api-caradvice.duckdns.org/api/image?path=%2Fopt%2Fcaradvice-media%2Fimages%2Fautos%2F93%2F1753306574076.1496ff3a-5f0c-48f5-b0f8-f60de89c99f9.JPG",JEEP,COMPASS,2018,96000,KM,GASOLINE,AUTOMATIC,SUV,Octavio Pinto 3024,Cordoba,Cordoba,5000,AR,-31.4167,-64.1833
94,FORD KA 1.5 SEL 5P L18,FORD KA 1.5 SEL 5P L18,AVAILABLE,USED,OTHER,18800000 ARS,https://caradvice.com.ar/autos/94,https://api-caradvice.duckdns.org/api/image?path=%2Fopt%2Fcaradvice-media%2Fimages%2Fautos%2F94%2F1757950443443.d29dd836-ecc7-4608-83ca-17811a66c679.JPG,"https://api-caradvice.duckdns.org/api/image?path=%2Fopt%2Fcaradvice-media%2Fimages%2Fautos%2F94%2F1757950443642.a7fa06d8-2a55-4763-b432-17cabb3e813d.JPG,https://api-caradvice.duckdns.org/api/image?path=%2Fopt%2Fcaradvice-media%2Fimages%2Fautos%2F94%2F1757950443727.81c57015-b28f-43bc-b14b-ce6ba93662ba.JPG,https://api-caradvice.duckdns.org/api/image?path=%2Fopt%2Fcaradvice-media%2Fimages%2Fautos%2F94%2F1757950443816.2ec471e4-222e-47bc-8976-920936e5a819.JPG,https://api-caradvice.duckdns.org/api/image?path=%2Fopt%2Fcaradvice-media%2Fimages%2Fautos%2F94%2F1757950443854.57ea7a70-14d8-4b10-82f3-5b8cc3af690d.JPG,https://api-caradvice.duckdns.org/api/image?path=%2Fopt%2Fcaradvice-media%2Fimages%2Fautos%2F94%2F1757950443919.1f713488-b032-4774-9913-77dcd984aedb.JPG,https://api-caradvice.duckdns.org/api/image?path=%2Fopt%2Fcaradvice-media%2Fimages%2Fautos%2F94%2F1757950443958.11e5e937-9cb8-4175-8ace-ed5e83ff660e.JPG,https://api-caradvice.duckdns.org/api/image?path=%2Fopt%2Fcaradvice-media%2Fimages%2Fautos%2F94%2F1757950444005.430e4e58-0465-450d-9034-7d030a1ea7f2.JPG,https://api-caradvice.duckdns.org/api/image?path=%2Fopt%2Fcaradvice-media%2Fimages%2Fautos%2F94%2F1757950444030.3254cae1-f38b-4195-8e29-8ff563cfe4e7.JPG,https://api-caradvice.duckdns.org/api/image?path=%2Fopt%2Fcaradvice-media%2Fimages%2Fautos%2F94%2F1757950444058.5492c5ae-e9d2-42c4-b246-83d53e11fa4b.JPG,https://api-caradvice.duckdns.org/api/image?path=%2Fopt%2Fcaradvice-media%2Fimages%2Fautos%2F94%2F1757950444080.9144c9ad-53b3-4e7a-9bd7-3b22a0a08042.JPG",FORD,KA,2019,104000,KM,GASOLINE,MANUAL,HATCHBACK,Octavio Pinto 3024,Cordoba,Cordoba,5000,AR,-31.4167,-64.1833
96,FORD MAVERICK 2.0 T 4X4 LARIAT AT8 L21,FORD MAVERICK 2.0 T 4X4 LARIAT AT8 L21,AVAILABLE,USED,OTHER,45000000 ARS,https://caradvice.com.ar/autos/96,https://api-caradvice.duckdns.org/api/image?path=%2Fopt%2Fcaradvice-media%2Fimages%2Fautos%2F96%2F1763056457634.IMG-20251113-WA0020.jpg,"https://api-caradvice.duckdns.org/api/image?path=%2Fopt%2Fcaradvice-media%2Fimages%2Fautos%2F96%2F1763056457656.IMG-20251113-WA0036.jpg,https://api-caradvice.duckdns.org/api/image?path=%2Fopt%2Fcaradvice-media%2Fimages%2Fautos%2F96%2F1763056457660.IMG-20251113-WA0029.jpg,https://api-caradvice.duckdns.org/api/image?path=%2Fopt%2Fcaradvice-media%2Fimages%2Fautos%2F96%2F1763056457699.IMG-20251113-WA0023.jpg,https://api-caradvice.duckdns.org/api/image?path=%2Fopt%2Fcaradvice-media%2Fimages%2Fautos%2F96%2F1763056457767.IMG-20251113-WA0028.jpg,https://api-caradvice.duckdns.org/api/image?path=%2Fopt%2Fcaradvice-media%2Fimages%2Fautos%2F96%2F1763056457805.IMG-20251113-WA0022.jpg,https://api-caradvice.duckdns.org/api/image?path=%2Fopt%2Fcaradvice-media%2Fimages%2Fautos%2F96%2F1763056457869.IMG-20251113-WA0021.jpg,https://api-caradvice.duckdns.org/api/image?path=%2Fopt%2Fcaradvice-media%2Fimages%2Fautos%2F96%2F1763056457920.IMG-20251113-WA0025.jpg,https://api-caradvice.duckdns.org/api/image?path=%2Fopt%2Fcaradvice-media%2Fimages%2Fautos%2F96%2F1763056457946.IMG-20251113-WA0026.jpg,https://api-caradvice.duckdns.org/api/image?path=%2Fopt%2Fcaradvice-media%2Fimages%2Fautos%2F96%2F1763056457968.IMG-20251113-WA0027.jpg,https://api-caradvice.duckdns.org/api/image?path=%2Fopt%2Fcaradvice-media%2Fimages%2Fautos%2F96%2F1763056457990.IMG-20251113-WA0030.jpg",FORD,MAVERICK,2022,113000,KM,GASOLINE,AUTOMATIC,PICKUP,Octavio Pinto 3024,Cordoba,Cordoba,5000,AR,-31.4167,-64.1833
97,TOYOTA YARIS 1.5 XS CVT 5P,TOYOTA YARIS 1.5 XS CVT 5P,AVAILABLE,USED,OTHER,30500000 ARS,https://caradvice.com.ar/autos/97,https://api-caradvice.duckdns.org/api/image?path=%2Fopt%2Fcaradvice-media%2Fimages%2Fautos%2F97%2F1761764009245.IMG-20251029-WA0302.jpg,"https://api-caradvice.duckdns.org/api/image?path=%2Fopt%2Fcaradvice-media%2Fimages%2Fautos%2F97%2F1761764009309.IMG-20251029-WA0303.jpg,https://api-caradvice.duckdns.org/api/image?path=%2Fopt%2Fcaradvice-media%2Fimages%2Fautos%2F97%2F1761764009460.IMG-20251029-WA0301.jpg,https://api-caradvice.duckdns.org/api/image?path=%2Fopt%2Fcaradvice-media%2Fimages%2Fautos%2F97%2F1761764009653.IMG-20251029-WA0300.jpg,https://api-caradvice.duckdns.org/api/image?path=%2Fopt%2Fcaradvice-media%2Fimages%2Fautos%2F97%2F1761764009774.IMG-20251029-WA0304.jpg,https://api-caradvice.duckdns.org/api/image?path=%2Fopt%2Fcaradvice-media%2Fimages%2Fautos%2F97%2F1761764009911.IMG-20251029-WA0299.jpg,https://api-caradvice.duckdns.org/api/image?path=%2Fopt%2Fcaradvice-media%2Fimages%2Fautos%2F97%2F1761764010043.IMG-20251029-WA0305.jpg,https://api-caradvice.duckdns.org/api/image?path=%2Fopt%2Fcaradvice-media%2Fimages%2Fautos%2F97%2F1761764010167.IMG-20251029-WA0306.jpg,https://api-caradvice.duckdns.org/api/image?path=%2Fopt%2Fcaradvice-media%2Fimages%2Fautos%2F97%2F1761764010275.IMG-20251029-WA0307.jpg,https://api-caradvice.duckdns.org/api/image?path=%2Fopt%2Fcaradvice-media%2Fimages%2Fautos%2F97%2F1761764010417.IMG-20251029-WA0309.jpg,https://api-caradvice.duckdns.org/api/image?path=%2Fopt%2Fcaradvice-media%2Fimages%2Fautos%2F97%2F1761764010501.IMG-20251029-WA0308.jpg",TOYOTA,YARIS,2025,19400,KM,GASOLINE,AUTOMATIC,HATCHBACK,Octavio Pinto 3024,Cordoba,Cordoba,5000,AR,-31.4167,-64.1833
98,FORD RANGER 2.2 TDI 4X2 DC XL SAF. L16,FORD RANGER 2.2 TDI 4X2 DC XL SAF. L16,AVAILABLE,USED,OTHER,27500000 ARS,https://caradvice.com.ar/autos/98,https://api-caradvice.duckdns.org/api/image?path=%2Fopt%2Fcaradvice-media%2Fimages%2Fautos%2F98%2F1761246976544.IMG-20251023-WA0344.jpg,"https://api-caradvice.duckdns.org/api/image?path=%2Fopt%2Fcaradvice-media%2Fimages%2Fautos%2F98%2F1761246976629.IMG-20251023-WA0346.jpg,https://api-caradvice.duckdns.org/api/image?path=%2Fopt%2Fcaradvice-media%2Fimages%2Fautos%2F98%2F1761246976764.IMG-20251023-WA0341.jpg,https://api-caradvice.duckdns.org/api/image?path=%2Fopt%2Fcaradvice-media%2Fimages%2Fautos%2F98%2F1761246976862.IMG-20251023-WA0345.jpg,https://api-caradvice.duckdns.org/api/image?path=%2Fopt%2Fcaradvice-media%2Fimages%2Fautos%2F98%2F1761246976917.IMG-20251023-WA0342.jpg,https://api-caradvice.duckdns.org/api/image?path=%2Fopt%2Fcaradvice-media%2Fimages%2Fautos%2F98%2F1761246977004.IMG-20251023-WA0343.jpg,https://api-caradvice.duckdns.org/api/image?path=%2Fopt%2Fcaradvice-media%2Fimages%2Fautos%2F98%2F1761246977046.IMG-20251023-WA0347.jpg,https://api-caradvice.duckdns.org/api/image?path=%2Fopt%2Fcaradvice-media%2Fimages%2Fautos%2F98%2F1761246977085.IMG-20251023-WA0348.jpg,https://api-caradvice.duckdns.org/api/image?path=%2Fopt%2Fcaradvice-media%2Fimages%2Fautos%2F98%2F1761246977180.IMG-20251023-WA0349.jpg,https://api-caradvice.duckdns.org/api/image?path=%2Fopt%2Fcaradvice-media%2Fimages%2Fautos%2F98%2F1761246977241.IMG-20251023-WA0350.jpg,https://api-caradvice.duckdns.org/api/image?path=%2Fopt%2Fcaradvice-media%2Fimages%2Fautos%2F98%2F1761246977303.IMG-20251023-WA0351.jpg",FORD,RANGER,2018,109000,KM,DIESEL,MANUAL,PICKUP,Octavio Pinto 3024,Cordoba,Cordoba,5000,AR,-31.4167,-64.1833
99,JEEP COMPASS 1.3 T 270 SPORT AT6 L21,JEEP COMPASS 1.3 T 270 SPORT AT6 L21,AVAILABLE,USED,OTHER,27900 USD,https://caradvice.com.ar/autos/99,https://api-caradvice.duckdns.org/api/image?path=%2Fopt%2Fcaradvice-media%2Fimages%2Fautos%2F99%2F1763480095929.IMG-20251118-WA0184.jpg,"https://api-caradvice.duckdns.org/api/image?path=%2Fopt%2Fcaradvice-media%2Fimages%2Fautos%2F99%2F1763480096019.IMG-20251118-WA0170.jpg,https://api-caradvice.duckdns.org/api/image?path=%2Fopt%2Fcaradvice-media%2Fimages%2Fautos%2F99%2F1763480096504.IMG-20251118-WA0185.jpg,https://api-caradvice.duckdns.org/api/image?path=%2Fopt%2Fcaradvice-media%2Fimages%2Fautos%2F99%2F1763480096722.IMG-20251118-WA0172.jpg,https://api-caradvice.duckdns.org/api/image?path=%2Fopt%2Fcaradvice-media%2Fimages%2Fautos%2F99%2F1763480096850.IMG-20251118-WA0183.jpg,https://api-caradvice.duckdns.org/api/image?path=%2Fopt%2Fcaradvice-media%2Fimages%2Fautos%2F99%2F1763480097244.IMG-20251118-WA0168.jpg,https://api-caradvice.duckdns.org/api/image?path=%2Fopt%2Fcaradvice-media%2Fimages%2Fautos%2F99%2F1763480097434.IMG-20251118-WA0169.jpg,https://api-caradvice.duckdns.org/api/image?path=%2Fopt%2Fcaradvice-media%2Fimages%2Fautos%2F99%2F1763480097927.IMG-20251118-WA0174.jpg,https://api-caradvice.duckdns.org/api/image?path=%2Fopt%2Fcaradvice-media%2Fimages%2Fautos%2F99%2F1763480098073.IMG-20251118-WA0175.jpg,https://api-caradvice.duckdns.org/api/image?path=%2Fopt%2Fcaradvice-media%2Fimages%2Fautos%2F99%2F1763480098180.IMG-20251118-WA0176.jpg,https://api-caradvice.duckdns.org/api/image?path=%2Fopt%2Fcaradvice-media%2Fimages%2Fautos%2F99%2F1763480098407.IMG-20251118-WA0177.jpg",JEEP,COMPASS,2022,36600,KM,GASOLINE,AUTOMATIC,SUV,Octavio Pinto 3024,Cordoba,Cordoba,5000,AR,-31.4167,-64.1833
100,TOYOTA SW4 TDI SRV CUERO AT L12,TOYOTA SW4 TDI SRV CUERO AT L12,AVAILABLE,USED,OTHER,27500 USD,https://caradvice.com.ar/autos/100,https://api-caradvice.duckdns.org/api/image?path=%2Fopt%2Fcaradvice-media%2Fimages%2Fautos%2F100%2F1766074852955.WhatsApp%20Image%202025-12-18%20at%2012.20.24.jpeg,"https://api-caradvice.duckdns.org/api/image?path=%2Fopt%2Fcaradvice-media%2Fimages%2Fautos%2F100%2F1766074852970.WhatsApp%20Image%202025-12-18%20at%2012.20.24%20(1).jpeg,https://api-caradvice.duckdns.org/api/image?path=%2Fopt%2Fcaradvice-media%2Fimages%2Fautos%2F100%2F1766074852977.WhatsApp%20Image%202025-12-18%20at%2012.20.23.jpeg,https://api-caradvice.duckdns.org/api/image?path=%2Fopt%2Fcaradvice-media%2Fimages%2Fautos%2F100%2F1766074853061.WhatsApp%20Image%202025-12-18%20at%2012.20.25%20(1).jpeg,https://api-caradvice.duckdns.org/api/image?path=%2Fopt%2Fcaradvice-media%2Fimages%2Fautos%2F100%2F1766074853119.WhatsApp%20Image%202025-12-18%20at%2012.20.23%20(1).jpeg,https://api-caradvice.duckdns.org/api/image?path=%2Fopt%2Fcaradvice-media%2Fimages%2Fautos%2F100%2F1766074853183.WhatsApp%20Image%202025-12-18%20at%2012.20.25.jpeg,https://api-caradvice.duckdns.org/api/image?path=%2Fopt%2Fcaradvice-media%2Fimages%2Fautos%2F100%2F1766074853251.WhatsApp%20Image%202025-12-18%20at%2012.20.26%20(1).jpeg,https://api-caradvice.duckdns.org/api/image?path=%2Fopt%2Fcaradvice-media%2Fimages%2Fautos%2F100%2F1766074853412.WhatsApp%20Image%202025-12-18%20at%2012.20.26%20(2).jpeg,https://api-caradvice.duckdns.org/api/image?path=%2Fopt%2Fcaradvice-media%2Fimages%2Fautos%2F100%2F1766074853499.WhatsApp%20Image%202025-12-18%20at%2012.20.26.jpeg,https://api-caradvice.duckdns.org/api/image?path=%2Fopt%2Fcaradvice-media%2Fimages%2Fautos%2F100%2F1766074853585.WhatsApp%20Image%202025-12-18%20at%2012.20.27%20(1).jpeg,https://api-caradvice.duckdns.org/api/image?path=%2Fopt%2Fcaradvice-media%2Fimages%2Fautos%2F100%2F1766074853656.WhatsApp%20Image%202025-12-18%20at%2012.20.27.jpeg",TOYOTA,SW4,2013,201000,KM,DIESEL,AUTOMATIC,SUV,Octavio Pinto 3024,Cordoba,Cordoba,5000,AR,-31.4167,-64.1833
101,BMW 118 I SPORT 5P AT,BMW 118 I SPORT 5P AT,AVAILABLE,USED,OTHER,32500 USD,https://caradvice.com.ar/autos/101,https://api-caradvice.duckdns.org/api/image?path=%2Fopt%2Fcaradvice-media%2Fimages%2Fautos%2F101%2F1761764479097.IMG-20251029-WA0322.jpg,"https://api-caradvice.duckdns.org/api/image?path=%2Fopt%2Fcaradvice-media%2Fimages%2Fautos%2F101%2F1761764479131.IMG-20251029-WA0323.jpg,https://api-caradvice.duckdns.org/api/image?path=%2Fopt%2Fcaradvice-media%2Fimages%2Fautos%2F101%2F1761764479234.IMG-20251029-WA0319.jpg,https://api-caradvice.duckdns.org/api/image?path=%2Fopt%2Fcaradvice-media%2Fimages%2Fautos%2F101%2F1761764479302.IMG-20251029-WA0325.jpg,https://api-caradvice.duckdns.org/api/image?path=%2Fopt%2Fcaradvice-media%2Fimages%2Fautos%2F101%2F1761764479392.IMG-20251029-WA0320.jpg,https://api-caradvice.duckdns.org/api/image?path=%2Fopt%2Fcaradvice-media%2Fimages%2Fautos%2F101%2F1761764479491.IMG-20251029-WA0321.jpg,https://api-caradvice.duckdns.org/api/image?path=%2Fopt%2Fcaradvice-media%2Fimages%2Fautos%2F101%2F1761764479597.IMG-20251029-WA0328.jpg,https://api-caradvice.duckdns.org/api/image?path=%2Fopt%2Fcaradvice-media%2Fimages%2Fautos%2F101%2F1761764479666.IMG-20251029-WA0330.jpg,https://api-caradvice.duckdns.org/api/image?path=%2Fopt%2Fcaradvice-media%2Fimages%2Fautos%2F101%2F1761764479714.Imagen%20de%20WhatsApp%202025-10-29%20a%20las%2015.31.07_6347d4d.jpg,https://api-caradvice.duckdns.org/api/image?path=%2Fopt%2Fcaradvice-media%2Fimages%2Fautos%2F101%2F1761764479787.IMG-20251029-WA0333.jpg,https://api-caradvice.duckdns.org/api/image?path=%2Fopt%2Fcaradvice-media%2Fimages%2Fautos%2F101%2F1761764479848.Imagen%20de%20WhatsApp%202025-10-29%20a%20las%2015.31.07_6033737.jpg",BMW,118,2019,44000,KM,GASOLINE,AUTOMATIC,HATCHBACK,Octavio Pinto 3024,Cordoba,Cordoba,5000,AR,-31.4167,-64.1833
102,VOLKSWAGEN SURAN 1.6 CROSS HIGHLINE L15,VOLKSWAGEN SURAN 1.6 CROSS HIGHLINE L15,AVAILABLE,USED,OTHER,18400000 ARS,https://caradvice.com.ar/autos/102,https://api-caradvice.duckdns.org/api/image?path=%2Fopt%2Fcaradvice-media%2Fimages%2Fautos%2F102%2F1755540181855.ee29c75a-3358-47aa-9b3a-455224b47235.jpeg,"https://api-caradvice.duckdns.org/api/image?path=%2Fopt%2Fcaradvice-media%2Fimages%2Fautos%2F102%2F1755540182127.7df6c4ed-4b34-4907-bd73-51832a2f49f8.jpeg,https://api-caradvice.duckdns.org/api/image?path=%2Fopt%2Fcaradvice-media%2Fimages%2Fautos%2F102%2F1755540182284.0c4370ef-5236-4703-ab71-5879f02ae89c.jpeg,https://api-caradvice.duckdns.org/api/image?path=%2Fopt%2Fcaradvice-media%2Fimages%2Fautos%2F102%2F1755540182378.adfdd09b-eb47-41a9-ba2a-3c89d90ec70e.jpeg,https://api-caradvice.duckdns.org/api/image?path=%2Fopt%2Fcaradvice-media%2Fimages%2Fautos%2F102%2F1755540182462.19cde060-ef96-4628-bb96-1a0f54267786.jpeg,https://api-caradvice.duckdns.org/api/image?path=%2Fopt%2Fcaradvice-media%2Fimages%2Fautos%2F102%2F1755540182514.dd46da94-ec4b-43c1-8d24-6308c87ee918.jpeg,https://api-caradvice.duckdns.org/api/image?path=%2Fopt%2Fcaradvice-media%2Fimages%2Fautos%2F102%2F1755540182561.a96962e1-dc04-4b96-ae4a-944a554521f8.jpeg,https://api-caradvice.duckdns.org/api/image?path=%2Fopt%2Fcaradvice-media%2Fimages%2Fautos%2F102%2F1755540182616.f90de985-e745-4936-a546-12afd1c1b1fb.jpeg,https://api-caradvice.duckdns.org/api/image?path=%2Fopt%2Fcaradvice-media%2Fimages%2Fautos%2F102%2F1755540182641.33045abc-8b82-4e43-9ab1-76b007c7b24a.jpeg,https://api-caradvice.duckdns.org/api/image?path=%2Fopt%2Fcaradvice-media%2Fimages%2Fautos%2F102%2F1755540182663.90847500-7ea5-48b3-9c2b-27fe3c745bd6.jpeg,https://api-caradvice.duckdns.org/api/image?path=%2Fopt%2Fcaradvice-media%2Fimages%2Fautos%2F102%2F1755540182713.91781ce4-42d9-48f6-8f8c-ba8d24ca5acb.jpeg",VOLKSWAGEN,SURAN,2015,103000,KM,GASOLINE,MANUAL,SUV,Octavio Pinto 3024,Cordoba,Cordoba,5000,AR,-31.4167,-64.1833
103,VOLKSWAGEN T-CROSS 1.6 HIGHLINE AT6 L19,VOLKSWAGEN T-CROSS 1.6 HIGHLINE AT6 L19,AVAILABLE,USED,OTHER,32000000 ARS,https://caradvice.com.ar/autos/103,https://api-caradvice.duckdns.org/api/image?path=%2Fopt%2Fcaradvice-media%2Fimages%2Fautos%2F103%2F1766091570071.WhatsApp%20Image%202025-12-18%20at%2017.55.23.jpeg,"https://api-caradvice.duckdns.org/api/image?path=%2Fopt%2Fcaradvice-media%2Fimages%2Fautos%2F103%2F1766091570685.WhatsApp%20Image%202025-12-18%20at%2017.55.14.jpeg,https://api-caradvice.duckdns.org/api/image?path=%2Fopt%2Fcaradvice-media%2Fimages%2Fautos%2F103%2F1766091570879.WhatsApp%20Image%202025-12-18%20at%2017.55.19.jpeg,https://api-caradvice.duckdns.org/api/image?path=%2Fopt%2Fcaradvice-media%2Fimages%2Fautos%2F103%2F1766091571084.WhatsApp%20Image%202025-12-18%20at%2017.55.17.jpeg,https://api-caradvice.duckdns.org/api/image?path=%2Fopt%2Fcaradvice-media%2Fimages%2Fautos%2F103%2F1766091571392.WhatsApp%20Image%202025-12-18%20at%2017.55.22.jpeg,https://api-caradvice.duckdns.org/api/image?path=%2Fopt%2Fcaradvice-media%2Fimages%2Fautos%2F103%2F1766091572031.WhatsApp%20Image%202025-12-18%20at%2017.55.11.jpeg,https://api-caradvice.duckdns.org/api/image?path=%2Fopt%2Fcaradvice-media%2Fimages%2Fautos%2F103%2F1766091573195.WhatsApp%20Image%202025-12-18%20at%2017.55.24%20(2).jpeg,https://api-caradvice.duckdns.org/api/image?path=%2Fopt%2Fcaradvice-media%2Fimages%2Fautos%2F103%2F1766091573876.WhatsApp%20Image%202025-12-18%20at%2017.55.24%20(1).jpeg,https://api-caradvice.duckdns.org/api/image?path=%2Fopt%2Fcaradvice-media%2Fimages%2Fautos%2F103%2F1766091574098.WhatsApp%20Image%202025-12-18%20at%2017.55.25.jpeg,https://api-caradvice.duckdns.org/api/image?path=%2Fopt%2Fcaradvice-media%2Fimages%2Fautos%2F103%2F1766091574380.WhatsApp%20Image%202025-12-18%20at%2017.55.25%20(2).jpeg,https://api-caradvice.duckdns.org/api/image?path=%2Fopt%2Fcaradvice-media%2Fimages%2Fautos%2F103%2F1766091574718.WhatsApp%20Image%202025-12-18%20at%2017.55.25%20(1).jpeg",VOLKSWAGEN,T-CROSS,2019,62800,KM,GASOLINE,AUTOMATIC,SUV,Octavio Pinto 3024,Cordoba,Cordoba,5000,AR,-31.4167,-64.1833
104,VOLKSWAGEN VENTO 2.0 T SI GLI NAV DSG L16,VOLKSWAGEN VENTO 2.0 T SI GLI NAV DSG L16,AVAILABLE,USED,OTHER,29500 USD,https://caradvice.com.ar/autos/104,https://api-caradvice.duckdns.org/api/image?path=%2Fopt%2Fcaradvice-media%2Fimages%2Fautos%2F104%2F1764772564623.IMG-20251203-WA0155.jpg,"https://api-caradvice.duckdns.org/api/image?path=%2Fopt%2Fcaradvice-media%2Fimages%2Fautos%2F104%2F1764772564699.IMG-20251203-WA0156.jpg,https://api-caradvice.duckdns.org/api/image?path=%2Fopt%2Fcaradvice-media%2Fimages%2Fautos%2F104%2F1764772564887.IMG-20251203-WA0152.jpg,https://api-caradvice.duckdns.org/api/image?path=%2Fopt%2Fcaradvice-media%2Fimages%2Fautos%2F104%2F1764772565009.IMG-20251203-WA0160.jpg,https://api-caradvice.duckdns.org/api/image?path=%2Fopt%2Fcaradvice-media%2Fimages%2Fautos%2F104%2F1764772565142.IMG-20251203-WA0153.jpg,https://api-caradvice.duckdns.org/api/image?path=%2Fopt%2Fcaradvice-media%2Fimages%2Fautos%2F104%2F1764772565545.IMG-20251203-WA0154.jpg,https://api-caradvice.duckdns.org/api/image?path=%2Fopt%2Fcaradvice-media%2Fimages%2Fautos%2F104%2F1764772565706.IMG-20251203-WA0157.jpg,https://api-caradvice.duckdns.org/api/image?path=%2Fopt%2Fcaradvice-media%2Fimages%2Fautos%2F104%2F1764772565872.IMG-20251203-WA0158.jpg,https://api-caradvice.duckdns.org/api/image?path=%2Fopt%2Fcaradvice-media%2Fimages%2Fautos%2F104%2F1764772566088.IMG-20251203-WA0159.jpg,https://api-caradvice.duckdns.org/api/image?path=%2Fopt%2Fcaradvice-media%2Fimages%2Fautos%2F104%2F1764772566340.IMG-20251203-WA0161.jpg,https://api-caradvice.duckdns.org/api/image?path=%2Fopt%2Fcaradvice-media%2Fimages%2Fautos%2F104%2F1764772566607.IMG-20251203-WA0163.jpg",VOLKSWAGEN,VENTO,2017,70600,KM,GASOLINE,AUTOMATIC,SEDAN,Octavio Pinto 3024,Cordoba,Cordoba,5000,AR,-31.4167,-64.1833
105,RENAULT KANGOO 1.6 EXPRESS CONFORT 1 PLC AA L08,RENAULT KANGOO 1.6 EXPRESS CONFORT 1 PLC AA L08,AVAILABLE,USED,OTHER,13500000 ARS,https://caradvice.com.ar/autos/105,https://api-caradvice.duckdns.org/api/image?path=%2Fopt%2Fcaradvice-media%2Fimages%2Fautos%2F105%2F1758841841547.IMG-20250925-WA0330.jpg,"https://api-caradvice.duckdns.org/api/image?path=%2Fopt%2Fcaradvice-media%2Fimages%2Fautos%2F105%2F1758841841697.IMG-20250925-WA0337.jpg,https://api-caradvice.duckdns.org/api/image?path=%2Fopt%2Fcaradvice-media%2Fimages%2Fautos%2F105%2F1758841841833.IMG-20250925-WA0332.jpg,https://api-caradvice.duckdns.org/api/image?path=%2Fopt%2Fcaradvice-media%2Fimages%2Fautos%2F105%2F1758841841960.IMG-20250925-WA0336.jpg,https://api-caradvice.duckdns.org/api/image?path=%2Fopt%2Fcaradvice-media%2Fimages%2Fautos%2F105%2F1758841842009.IMG-20250925-WA0333.jpg,https://api-caradvice.duckdns.org/api/image?path=%2Fopt%2Fcaradvice-media%2Fimages%2Fautos%2F105%2F1758841842093.IMG-20250925-WA0331.jpg,https://api-caradvice.duckdns.org/api/image?path=%2Fopt%2Fcaradvice-media%2Fimages%2Fautos%2F105%2F1758841842142.IMG-20250925-WA0334.jpg,https://api-caradvice.duckdns.org/api/image?path=%2Fopt%2Fcaradvice-media%2Fimages%2Fautos%2F105%2F1758841842167.IMG-20250925-WA0335.jpg,https://api-caradvice.duckdns.org/api/image?path=%2Fopt%2Fcaradvice-media%2Fimages%2Fautos%2F105%2F1758841842192.IMG-20250925-WA0338.jpg,https://api-caradvice.duckdns.org/api/image?path=%2Fopt%2Fcaradvice-media%2Fimages%2Fautos%2F105%2F1758841842223.IMG-20250925-WA0339.jpg,https://api-caradvice.duckdns.org/api/image?path=%2Fopt%2Fcaradvice-media%2Fimages%2Fautos%2F105%2F1758841842283.IMG-20250925-WA0340.jpg",RENAULT,KANGOO,2013,173500,KM,GASOLINE,MANUAL,VAN,Octavio Pinto 3024,Cordoba,Cordoba,5000,AR,-31.4167,-64.1833
106,RENAULT STEPWAY 1.6 INTENS L19,RENAULT STEPWAY 1.6 INTENS L19,AVAILABLE,USED,OTHER,26000000 ARS,https://caradvice.com.ar/autos/106,https://api-caradvice.duckdns.org/api/image?path=%2Fopt%2Fcaradvice-media%2Fimages%2Fautos%2F106%2F1754497362723.efb06fb6-e455-41da-9bb7-dd1547baf5fb%202.JPG,"https://api-caradvice.duckdns.org/api/image?path=%2Fopt%2Fcaradvice-media%2Fimages%2Fautos%2F106%2F1754497362805.61020b3b-b67c-4cc6-81ed-8d9ee35c7798%202.JPG,https://api-caradvice.duckdns.org/api/image?path=%2Fopt%2Fcaradvice-media%2Fimages%2Fautos%2F106%2F1754497362839.1e89904f-64ab-4116-90c8-62d4ecce2ce4%202.JPG,https://api-caradvice.duckdns.org/api/image?path=%2Fopt%2Fcaradvice-media%2Fimages%2Fautos%2F106%2F1754497362877.b2be7641-94ea-4409-b959-06baeeac3078%202.JPG,https://api-caradvice.duckdns.org/api/image?path=%2Fopt%2Fcaradvice-media%2Fimages%2Fautos%2F106%2F1754497362909.30524677-565c-4a05-baa6-0aff065417cb%202.JPG,https://api-caradvice.duckdns.org/api/image?path=%2Fopt%2Fcaradvice-media%2Fimages%2Fautos%2F106%2F1754497362937.640e3242-4efd-4867-8fff-a163d846a205%202.JPG,https://api-caradvice.duckdns.org/api/image?path=%2Fopt%2Fcaradvice-media%2Fimages%2Fautos%2F106%2F1754497362981.0fd4b0f6-5c22-421a-b6c0-14e90419874f%202.JPG,https://api-caradvice.duckdns.org/api/image?path=%2Fopt%2Fcaradvice-media%2Fimages%2Fautos%2F106%2F1754497363009.7fb35ccd-f05e-47e8-bbf6-e9f6294a8812%202.JPG,https://api-caradvice.duckdns.org/api/image?path=%2Fopt%2Fcaradvice-media%2Fimages%2Fautos%2F106%2F1754497363039.9e93dd6b-0eee-4a35-8b6a-01ada212b185%202.JPG,https://api-caradvice.duckdns.org/api/image?path=%2Fopt%2Fcaradvice-media%2Fimages%2Fautos%2F106%2F1754497363059.15f3955f-4d40-447c-aee7-8c2aa3a256bc%202.JPG,https://api-caradvice.duckdns.org/api/image?path=%2Fopt%2Fcaradvice-media%2Fimages%2Fautos%2F106%2F1754497363077.292e1945-ce31-42b6-b30c-c5ede5546361%202.JPG",RENAULT,STEPWAY,2023,69500,KM,GASOLINE,MANUAL,HATCHBACK,Octavio Pinto 3024,Cordoba,Cordoba,5000,AR,-31.4167,-64.1833
108,CHEVROLET EQUINOX 1.5 T 4X4 PREMIER AT6 L18,CHEVROLET EQUINOX 1.5 T 4X4 PREMIER AT6 L18,AVAILABLE,USED,OTHER,33500000 ARS,https://caradvice.com.ar/autos/108,https://api-caradvice.duckdns.org/api/image?path=%2Fopt%2Fcaradvice-media%2Fimages%2Fautos%2F108%2F1763479759961.IMG-20251118-WA0163.jpg,"https://api-caradvice.duckdns.org/api/image?path=%2Fopt%2Fcaradvice-media%2Fimages%2Fautos%2F108%2F1763479760770.IMG-20251118-WA0150.jpg,https://api-caradvice.duckdns.org/api/image?path=%2Fopt%2Fcaradvice-media%2Fimages%2Fautos%2F108%2F1763479761243.IMG-20251118-WA0166.jpg,https://api-caradvice.duckdns.org/api/image?path=%2Fopt%2Fcaradvice-media%2Fimages%2Fautos%2F108%2F1763479761559.IMG-20251118-WA0151.jpg,https://api-caradvice.duckdns.org/api/image?path=%2Fopt%2Fcaradvice-media%2Fimages%2Fautos%2F108%2F1763479762632.IMG-20251118-WA0165.jpg,https://api-caradvice.duckdns.org/api/image?path=%2Fopt%2Fcaradvice-media%2Fimages%2Fautos%2F108%2F1763479762963.IMG-20251118-WA0152.jpg,https://api-caradvice.duckdns.org/api/image?path=%2Fopt%2Fcaradvice-media%2Fimages%2Fautos%2F108%2F1763479763350.IMG-20251118-WA0153.jpg,https://api-caradvice.duckdns.org/api/image?path=%2Fopt%2Fcaradvice-media%2Fimages%2Fautos%2F108%2F1763479763564.IMG-20251118-WA0158.jpg,https://api-caradvice.duckdns.org/api/image?path=%2Fopt%2Fcaradvice-media%2Fimages%2Fautos%2F108%2F1763479765416.IMG-20251118-WA0159.jpg,https://api-caradvice.duckdns.org/api/image?path=%2Fopt%2Fcaradvice-media%2Fimages%2Fautos%2F108%2F1763479765418.IMG-20251118-WA0156.jpg,https://api-caradvice.duckdns.org/api/image?path=%2Fopt%2Fcaradvice-media%2Fimages%2Fautos%2F108%2F1763479765581.IMG-20251118-WA0160.jpg",CHEVROLET,EQUINOX,2019,68300,KM,GASOLINE,AUTOMATIC,SUV,Octavio Pinto 3024,Cordoba,Cordoba,5000,AR,-31.4167,-64.1833
109,RENAULT KANGOO 1.6 EXPRESS CONFORT 1 PLC L14,RENAULT KANGOO 1.6 EXPRESS CONFORT 1 PLC L14,AVAILABLE,USED,OTHER,20000000 ARS,https://caradvice.com.ar/autos/109,https://api-caradvice.duckdns.org/api/image?path=%2Fopt%2Fcaradvice-media%2Fimages%2Fautos%2F109%2F1757685685791.IMG-20250911-WA0154.jpg,"https://api-caradvice.duckdns.org/api/image?path=%2Fopt%2Fcaradvice-media%2Fimages%2Fautos%2F109%2F1757685685885.IMG-20250911-WA0153.jpg,https://api-caradvice.duckdns.org/api/image?path=%2Fopt%2Fcaradvice-media%2Fimages%2Fautos%2F109%2F1757685685924.IMG-20250911-WA0161.jpg,https://api-caradvice.duckdns.org/api/image?path=%2Fopt%2Fcaradvice-media%2Fimages%2Fautos%2F109%2F1757685685949.IMG-20250911-WA0163.jpg,https://api-caradvice.duckdns.org/api/image?path=%2Fopt%2Fcaradvice-media%2Fimages%2Fautos%2F109%2F1757685686096.IMG-20250911-WA0164.jpg,https://api-caradvice.duckdns.org/api/image?path=%2Fopt%2Fcaradvice-media%2Fimages%2Fautos%2F109%2F1757685686290.IMG-20250911-WA0155.jpg,https://api-caradvice.duckdns.org/api/image?path=%2Fopt%2Fcaradvice-media%2Fimages%2Fautos%2F109%2F1757685686622.IMG-20250911-WA0159.jpg,https://api-caradvice.duckdns.org/api/image?path=%2Fopt%2Fcaradvice-media%2Fimages%2Fautos%2F109%2F1757685687335.IMG-20250911-WA0158.jpg,https://api-caradvice.duckdns.org/api/image?path=%2Fopt%2Fcaradvice-media%2Fimages%2Fautos%2F109%2F1757685687963.IMG-20250911-WA0162.jpg,https://api-caradvice.duckdns.org/api/image?path=%2Fopt%2Fcaradvice-media%2Fimages%2Fautos%2F109%2F1757685690171.IMG-20250911-WA0156.jpg,https://api-caradvice.duckdns.org/api/image?path=%2Fopt%2Fcaradvice-media%2Fimages%2Fautos%2F109%2F1757685690954.IMG-20250911-WA0165.jpg",RENAULT,KANGOO,2018,135600,KM,GASOLINE,MANUAL,VAN,Octavio Pinto 3024,Cordoba,Cordoba,5000,AR,-31.4167,-64.1833
110,JEEP COMPASS 1.3 T 270 LONGITUDE AT6 L21,JEEP COMPASS 1.3 T 270 LONGITUDE AT6 L21,AVAILABLE,USED,OTHER,44500000 ARS,https://caradvice.com.ar/autos/110,https://api-caradvice.duckdns.org/api/image?path=%2Fopt%2Fcaradvice-media%2Fimages%2Fautos%2F110%2F1767044157035.WhatsApp%20Image%202025-12-29%20at%2016.07.43%20(1).jpeg,"https://api-caradvice.duckdns.org/api/image?path=%2Fopt%2Fcaradvice-media%2Fimages%2Fautos%2F110%2F1767044157098.WhatsApp%20Image%202025-12-29%20at%2016.07.44.jpeg,https://api-caradvice.duckdns.org/api/image?path=%2Fopt%2Fcaradvice-media%2Fimages%2Fautos%2F110%2F1767044157256.WhatsApp%20Image%202025-12-29%20at%2016.07.43.jpeg,https://api-caradvice.duckdns.org/api/image?path=%2Fopt%2Fcaradvice-media%2Fimages%2Fautos%2F110%2F1767044157472.WhatsApp%20Image%202025-12-29%20at%2016.07.43%20(2).jpeg,https://api-caradvice.duckdns.org/api/image?path=%2Fopt%2Fcaradvice-media%2Fimages%2Fautos%2F110%2F1767044157571.WhatsApp%20Image%202025-12-29%20at%2016.07.42.jpeg,https://api-caradvice.duckdns.org/api/image?path=%2Fopt%2Fcaradvice-media%2Fimages%2Fautos%2F110%2F1767044157644.WhatsApp%20Image%202025-12-29%20at%2016.07.44%20(1).jpeg,https://api-caradvice.duckdns.org/api/image?path=%2Fopt%2Fcaradvice-media%2Fimages%2Fautos%2F110%2F1767044157710.WhatsApp%20Image%202025-12-29%20at%2016.07.45.jpeg,https://api-caradvice.duckdns.org/api/image?path=%2Fopt%2Fcaradvice-media%2Fimages%2Fautos%2F110%2F1767044157809.WhatsApp%20Image%202025-12-29%20at%2016.07.45%20(1).jpeg,https://api-caradvice.duckdns.org/api/image?path=%2Fopt%2Fcaradvice-media%2Fimages%2Fautos%2F110%2F1767044157879.WhatsApp%20Image%202025-12-29%20at%2016.07.47%20(2).jpeg,https://api-caradvice.duckdns.org/api/image?path=%2Fopt%2Fcaradvice-media%2Fimages%2Fautos%2F110%2F1767044157969.WhatsApp%20Image%202025-12-29%20at%2016.07.46%20(1).jpeg,https://api-caradvice.duckdns.org/api/image?path=%2Fopt%2Fcaradvice-media%2Fimages%2Fautos%2F110%2F1767044158064.WhatsApp%20Image%202025-12-29%20at%2016.07.47%20(1).jpeg",JEEP,COMPASS,2023,22200,KM,GASOLINE,AUTOMATIC,SUV,Octavio Pinto 3024,Cordoba,Cordoba,5000,AR,-31.4167,-64.1833
111,RENAULT KARDIAN 1.6 EVOLUTION L24,RENAULT KARDIAN 1.6 EVOLUTION L24,AVAILABLE,USED,OTHER,36000000 ARS,https://caradvice.com.ar/autos/111,https://api-caradvice.duckdns.org/api/image?path=%2Fopt%2Fcaradvice-media%2Fimages%2Fautos%2F111%2F1760454701953.IMG-20251014-WA0124.jpg,"https://api-caradvice.duckdns.org/api/image?path=%2Fopt%2Fcaradvice-media%2Fimages%2Fautos%2F111%2F1760454702037.IMG-20251014-WA0128.jpg,https://api-caradvice.duckdns.org/api/image?path=%2Fopt%2Fcaradvice-media%2Fimages%2Fautos%2F111%2F1760454702086.IMG-20251014-WA0125.jpg,https://api-caradvice.duckdns.org/api/image?path=%2Fopt%2Fcaradvice-media%2Fimages%2Fautos%2F111%2F1760454702115.IMG-20251014-WA0130.jpg,https://api-caradvice.duckdns.org/api/image?path=%2Fopt%2Fcaradvice-media%2Fimages%2Fautos%2F111%2F1760454702434.IMG-20251014-WA0126.jpg,https://api-caradvice.duckdns.org/api/image?path=%2Fopt%2Fcaradvice-media%2Fimages%2Fautos%2F111%2F1760454702639.IMG-20251014-WA0127.jpg,https://api-caradvice.duckdns.org/api/image?path=%2Fopt%2Fcaradvice-media%2Fimages%2Fautos%2F111%2F1760454702806.IMG-20251014-WA0139.jpg,https://api-caradvice.duckdns.org/api/image?path=%2Fopt%2Fcaradvice-media%2Fimages%2Fautos%2F111%2F1760454702928.IMG-20251014-WA0138.jpg,https://api-caradvice.duckdns.org/api/image?path=%2Fopt%2Fcaradvice-media%2Fimages%2Fautos%2F111%2F1760454703033.IMG-20251014-WA0131.jpg,https://api-caradvice.duckdns.org/api/image?path=%2Fopt%2Fcaradvice-media%2Fimages%2Fautos%2F111%2F1760454703186.IMG-20251014-WA0132.jpg,https://api-caradvice.duckdns.org/api/image?path=%2Fopt%2Fcaradvice-media%2Fimages%2Fautos%2F111%2F1760454703407.IMG-20251014-WA0135.jpg",RENAULT,KARDIAN,2024,1000,KM,GASOLINE,MANUAL,SUV,Octavio Pinto 3024,Cordoba,Cordoba,5000,AR,-31.4167,-64.1833
112,VOLKSWAGEN AMAROK 3.0 TD V6 258HP 4X4 DC EXTREME AT L20,VOLKSWAGEN AMAROK 3.0 TD V6 258HP 4X4 DC EXTREME AT L20,AVAILABLE,USED,OTHER,53500000 ARS,https://caradvice.com.ar/autos/112,https://api-caradvice.duckdns.org/api/image?path=%2Fopt%2Fcaradvice-media%2Fimages%2Fautos%2F112%2F1756336300208.4bc95f1f-dad1-4f0d-be75-06fae71cdabf.JPG,"https://api-caradvice.duckdns.org/api/image?path=%2Fopt%2Fcaradvice-media%2Fimages%2Fautos%2F112%2F1756336300482.54590b88-a90c-4201-88c5-0f4210e75805.JPG,https://api-caradvice.duckdns.org/api/image?path=%2Fopt%2Fcaradvice-media%2Fimages%2Fautos%2F112%2F1756336300538.484fa4e8-76f1-4620-bd46-87b2ed4ba493.JPG,https://api-caradvice.duckdns.org/api/image?path=%2Fopt%2Fcaradvice-media%2Fimages%2Fautos%2F112%2F1756336300574.d123f8f2-c871-475a-af0f-f66555ae4db3.JPG,https://api-caradvice.duckdns.org/api/image?path=%2Fopt%2Fcaradvice-media%2Fimages%2Fautos%2F112%2F1756336300600.909c46b9-3405-44ec-bf20-0c91a004c547.JPG,https://api-caradvice.duckdns.org/api/image?path=%2Fopt%2Fcaradvice-media%2Fimages%2Fautos%2F112%2F1756336300628.c6dbd821-d952-48de-87c9-fea4a1c0a139.JPG,https://api-caradvice.duckdns.org/api/image?path=%2Fopt%2Fcaradvice-media%2Fimages%2Fautos%2F112%2F1756336300651.b099d2e7-1701-444f-bb21-9cc2e080da82.JPG,https://api-caradvice.duckdns.org/api/image?path=%2Fopt%2Fcaradvice-media%2Fimages%2Fautos%2F112%2F1756336300673.5ddf477b-63dc-4387-9803-325569c9c78a.JPG,https://api-caradvice.duckdns.org/api/image?path=%2Fopt%2Fcaradvice-media%2Fimages%2Fautos%2F112%2F1756336300705.7d542d11-085e-4ee2-a0cc-5effc66c05e8.JPG,https://api-caradvice.duckdns.org/api/image?path=%2Fopt%2Fcaradvice-media%2Fimages%2Fautos%2F112%2F1756336300734.9d04e972-b808-490a-aab4-0303c65b453b.JPG,https://api-caradvice.duckdns.org/api/image?path=%2Fopt%2Fcaradvice-media%2Fimages%2Fautos%2F112%2F1756336300762.90d67704-4c4e-4c77-bc29-accac9a5648a.JPG",VOLKSWAGEN,AMAROK,2021,110000,KM,DIESEL,AUTOMATIC,PICKUP,Octavio Pinto 3024,Cordoba,Cordoba,5000,AR,-31.4167,-64.1833
113,VOLKSWAGEN AMAROK 2.0 TD 180HP 4X4 DC HIGHLINE L17,VOLKSWAGEN AMAROK 2.0 TD 180HP 4X4 DC HIGHLINE L17,AVAILABLE,USED,OTHER,47000000 ARS,https://caradvice.com.ar/autos/113,https://api-caradvice.duckdns.org/api/image?path=%2Fopt%2Fcaradvice-media%2Fimages%2Fautos%2F113%2F1758733791765.IMG-20250924-WA0267.jpg,"https://api-caradvice.duckdns.org/api/image?path=%2Fopt%2Fcaradvice-media%2Fimages%2Fautos%2F113%2F1758733791826.IMG-20250924-WA0266.jpg,https://api-caradvice.duckdns.org/api/image?path=%2Fopt%2Fcaradvice-media%2Fimages%2Fautos%2F113%2F1758733792013.IMG-20250924-WA0280.jpg,https://api-caradvice.duckdns.org/api/image?path=%2Fopt%2Fcaradvice-media%2Fimages%2Fautos%2F113%2F1758733792265.IMG-20250924-WA0277.jpg,https://api-caradvice.duckdns.org/api/image?path=%2Fopt%2Fcaradvice-media%2Fimages%2Fautos%2F113%2F1758733792452.IMG-20250924-WA0274.jpg,https://api-caradvice.duckdns.org/api/image?path=%2Fopt%2Fcaradvice-media%2Fimages%2Fautos%2F113%2F1758733792615.IMG-20250924-WA0279.jpg,https://api-caradvice.duckdns.org/api/image?path=%2Fopt%2Fcaradvice-media%2Fimages%2Fautos%2F113%2F1758733792769.IMG-20250924-WA0268.jpg,https://api-caradvice.duckdns.org/api/image?path=%2Fopt%2Fcaradvice-media%2Fimages%2Fautos%2F113%2F1758733792966.IMG-20250924-WA0270.jpg,https://api-caradvice.duckdns.org/api/image?path=%2Fopt%2Fcaradvice-media%2Fimages%2Fautos%2F113%2F1758733793178.IMG-20250924-WA0271.jpg,https://api-caradvice.duckdns.org/api/image?path=%2Fopt%2Fcaradvice-media%2Fimages%2Fautos%2F113%2F1758733793368.IMG-20250924-WA0272.jpg,https://api-caradvice.duckdns.org/api/image?path=%2Fopt%2Fcaradvice-media%2Fimages%2Fautos%2F113%2F1758733793515.IMG-20250924-WA0273.jpg",VOLKSWAGEN,AMAROK,2023,100000,KM,DIESEL,MANUAL,PICKUP,Octavio Pinto 3024,Cordoba,Cordoba,5000,AR,-31.4167,-64.1833
114,VOLKSWAGEN UP! 1.0 HIGHLINE 5P L17,VOLKSWAGEN UP! 1.0 HIGHLINE 5P L17,AVAILABLE,USED,OTHER,17400000 ARS,https://caradvice.com.ar/autos/114,https://api-caradvice.duckdns.org/api/image?path=%2Fopt%2Fcaradvice-media%2Fimages%2Fautos%2F114%2F1746651271184.27624318-c2c9-4dc0-862d-e1b686d3070c.JPG,"https://api-caradvice.duckdns.org/api/image?path=%2Fopt%2Fcaradvice-media%2Fimages%2Fautos%2F114%2F1746651271271.6a0e41af-0973-466c-bbc2-df9b419480c7.JPG,https://api-caradvice.duckdns.org/api/image?path=%2Fopt%2Fcaradvice-media%2Fimages%2Fautos%2F114%2F1746651271318.937b343e-cdc9-4301-8f6b-5ccba0263bd2.JPG,https://api-caradvice.duckdns.org/api/image?path=%2Fopt%2Fcaradvice-media%2Fimages%2Fautos%2F114%2F1746651271404.a323f7a7-b518-40c2-988a-b7f3c9b21538.JPG,https://api-caradvice.duckdns.org/api/image?path=%2Fopt%2Fcaradvice-media%2Fimages%2Fautos%2F114%2F1746651271460.1901485c-5795-4847-8254-3b8de5c8f392.JPG,https://api-caradvice.duckdns.org/api/image?path=%2Fopt%2Fcaradvice-media%2Fimages%2Fautos%2F114%2F1746651271491.5545d4a9-4674-4e8f-81dc-cb20c326aae9.JPG,https://api-caradvice.duckdns.org/api/image?path=%2Fopt%2Fcaradvice-media%2Fimages%2Fautos%2F114%2F1746651271514.3c46d80b-7fc7-40f8-9df5-1a52a82061c7.JPG,https://api-caradvice.duckdns.org/api/image?path=%2Fopt%2Fcaradvice-media%2Fimages%2Fautos%2F114%2F1746651271563.47bf0d3d-6b74-40d4-88c8-be4f5e708720.JPG,https://api-caradvice.duckdns.org/api/image?path=%2Fopt%2Fcaradvice-media%2Fimages%2Fautos%2F114%2F1746651271616.52de7570-ab4e-43e4-ad49-4c5e29cb1dd6.JPG,https://api-caradvice.duckdns.org/api/image?path=%2Fopt%2Fcaradvice-media%2Fimages%2Fautos%2F114%2F1746651271631.260e70ac-acd2-470c-b45e-e625fbbfa230.JPG,https://api-caradvice.duckdns.org/api/image?path=%2Fopt%2Fcaradvice-media%2Fimages%2Fautos%2F114%2F1746651271648.714d57b7-6d82-49a0-a722-b071b3a2874e.JPG",VOLKSWAGEN,UP!,2017,89000,KM,GASOLINE,MANUAL,HATCHBACK,Octavio Pinto 3024,Cordoba,Cordoba,5000,AR,-31.4167,-64.1833
115,TOYOTA COROLLA 1.8 XEI PACK CVT L14,TOYOTA COROLLA 1.8 XEI PACK CVT L14,AVAILABLE,USED,OTHER,17500 USD,https://caradvice.com.ar/autos/115,https://api-caradvice.duckdns.org/api/image?path=%2Fopt%2Fcaradvice-media%2Fimages%2Fautos%2F115%2F1766433051205.WhatsApp%20Image%202025-12-22%20at%2015.09.58%20(1).jpeg,"https://api-caradvice.duckdns.org/api/image?path=%2Fopt%2Fcaradvice-media%2Fimages%2Fautos%2F115%2F1766433051375.WhatsApp%20Image%202025-12-22%20at%2015.09.59.jpeg,https://api-caradvice.duckdns.org/api/image?path=%2Fopt%2Fcaradvice-media%2Fimages%2Fautos%2F115%2F1766433051432.WhatsApp%20Image%202025-12-22%20at%2015.09.57.jpeg,https://api-caradvice.duckdns.org/api/image?path=%2Fopt%2Fcaradvice-media%2Fimages%2Fautos%2F115%2F1766433051455.WhatsApp%20Image%202025-12-22%20at%2015.09.59%20(1).jpeg,https://api-caradvice.duckdns.org/api/image?path=%2Fopt%2Fcaradvice-media%2Fimages%2Fautos%2F115%2F1766433051461.WhatsApp%20Image%202025-12-22%20at%2015.09.58.jpeg,https://api-caradvice.duckdns.org/api/image?path=%2Fopt%2Fcaradvice-media%2Fimages%2Fautos%2F115%2F1766433051484.WhatsApp%20Image%202025-12-22%20at%2015.09.58%20(2).jpeg,https://api-caradvice.duckdns.org/api/image?path=%2Fopt%2Fcaradvice-media%2Fimages%2Fautos%2F115%2F1766433051506.WhatsApp%20Image%202025-12-22%20at%2015.09.59%20(2).jpeg,https://api-caradvice.duckdns.org/api/image?path=%2Fopt%2Fcaradvice-media%2Fimages%2Fautos%2F115%2F1766433051530.WhatsApp%20Image%202025-12-22%20at%2015.10.00%20(1).jpeg,https://api-caradvice.duckdns.org/api/image?path=%2Fopt%2Fcaradvice-media%2Fimages%2Fautos%2F115%2F1766433051576.WhatsApp%20Image%202025-12-22%20at%2015.10.02%20(1).jpeg,https://api-caradvice.duckdns.org/api/image?path=%2Fopt%2Fcaradvice-media%2Fimages%2Fautos%2F115%2F1766433051585.WhatsApp%20Image%202025-12-22%20at%2015.10.01.jpeg,https://api-caradvice.duckdns.org/api/image?path=%2Fopt%2Fcaradvice-media%2Fimages%2Fautos%2F115%2F1766433051592.WhatsApp%20Image%202025-12-22%20at%2015.10.04.jpeg",TOYOTA,COROLLA,2015,140500,KM,GASOLINE,AUTOMATIC,SEDAN,Octavio Pinto 3024,Cordoba,Cordoba,5000,AR,-31.4167,-64.1833
116,CITROEN C3 1.6 VTI FEEL AT L17,CITROEN C3 1.6 VTI FEEL AT L17,AVAILABLE,USED,OTHER,19500000 ARS,https://caradvice.com.ar/autos/116,https://api-caradvice.duckdns.org/api/image?path=%2Fopt%2Fcaradvice-media%2Fimages%2Fautos%2F116%2F1759951365976.IMG-20251008-WA0392.jpg,"https://api-caradvice.duckdns.org/api/image?path=%2Fopt%2Fcaradvice-media%2Fimages%2Fautos%2F116%2F1759951366143.IMG-20251008-WA0397.jpg,https://api-caradvice.duckdns.org/api/image?path=%2Fopt%2Fcaradvice-media%2Fimages%2Fautos%2F116%2F1759951366311.IMG-20251008-WA0391.jpg,https://api-caradvice.duckdns.org/api/image?path=%2Fopt%2Fcaradvice-media%2Fimages%2Fautos%2F116%2F1759951366384.IMG-20251008-WA0395.jpg,https://api-caradvice.duckdns.org/api/image?path=%2Fopt%2Fcaradvice-media%2Fimages%2Fautos%2F116%2F1759951366489.IMG-20251008-WA0390.jpg,https://api-caradvice.duckdns.org/api/image?path=%2Fopt%2Fcaradvice-media%2Fimages%2Fautos%2F116%2F1759951366560.IMG-20251008-WA0393.jpg,https://api-caradvice.duckdns.org/api/image?path=%2Fopt%2Fcaradvice-media%2Fimages%2Fautos%2F116%2F1759951366641.IMG-20251008-WA0400.jpg,https://api-caradvice.duckdns.org/api/image?path=%2Fopt%2Fcaradvice-media%2Fimages%2Fautos%2F116%2F1759951366707.IMG-20251008-WA0406.jpg,https://api-caradvice.duckdns.org/api/image?path=%2Fopt%2Fcaradvice-media%2Fimages%2Fautos%2F116%2F1759951366925.IMG-20251008-WA0408.jpg,https://api-caradvice.duckdns.org/api/image?path=%2Fopt%2Fcaradvice-media%2Fimages%2Fautos%2F116%2F1759951367192.IMG-20251008-WA0394.jpg,https://api-caradvice.duckdns.org/api/image?path=%2Fopt%2Fcaradvice-media%2Fimages%2Fautos%2F116%2F1759951367311.IMG-20251008-WA0398.jpg",CITROEN,C3,2018,96300,KM,GASOLINE,AUTOMATIC,HATCHBACK,Octavio Pinto 3024,Cordoba,Cordoba,5000,AR,-31.4167,-64.1833
117,VOLKSWAGEN SURAN 1.6 TRENDLINE L15,VOLKSWAGEN SURAN 1.6 TRENDLINE L15,AVAILABLE,USED,OTHER,16300000 ARS,https://caradvice.com.ar/autos/117,https://api-caradvice.duckdns.org/api/image?path=%2Fopt%2Fcaradvice-media%2Fimages%2Fautos%2F117%2F1751476850879.54eb1623-4052-490a-beb1-e56dc71a2678.JPG,"https://api-caradvice.duckdns.org/api/image?path=%2Fopt%2Fcaradvice-media%2Fimages%2Fautos%2F117%2F1751476851113.907e478f-4190-4462-88d9-e6c610f5b2b5.JPG,https://api-caradvice.duckdns.org/api/image?path=%2Fopt%2Fcaradvice-media%2Fimages%2Fautos%2F117%2F1751476851284.b3f21f3f-6fd1-4bc5-8293-3ea228243206.JPG,https://api-caradvice.duckdns.org/api/image?path=%2Fopt%2Fcaradvice-media%2Fimages%2Fautos%2F117%2F1751476851398.1b9be13f-68f2-451b-9a15-b18c68b8df2c.JPG,https://api-caradvice.duckdns.org/api/image?path=%2Fopt%2Fcaradvice-media%2Fimages%2Fautos%2F117%2F1751476851467.e38c1375-8296-4610-86b5-db49b5c8aff9.JPG,https://api-caradvice.duckdns.org/api/image?path=%2Fopt%2Fcaradvice-media%2Fimages%2Fautos%2F117%2F1751476851519.ca15a75e-6d03-478d-821a-d30a9e3bebfd.JPG,https://api-caradvice.duckdns.org/api/image?path=%2Fopt%2Fcaradvice-media%2Fimages%2Fautos%2F117%2F1751476851602.1da1d5ab-6f51-4121-9430-0407b104e392.JPG,https://api-caradvice.duckdns.org/api/image?path=%2Fopt%2Fcaradvice-media%2Fimages%2Fautos%2F117%2F1751476851641.4cc3e2ac-34d8-4fee-943e-cdac9185bee3.JPG,https://api-caradvice.duckdns.org/api/image?path=%2Fopt%2Fcaradvice-media%2Fimages%2Fautos%2F117%2F1751476851670.9a96c0ae-108f-4187-a071-955b8ab15cde.JPG,https://api-caradvice.duckdns.org/api/image?path=%2Fopt%2Fcaradvice-media%2Fimages%2Fautos%2F117%2F1751476851690.39f5691c-64bf-456f-8ba3-154c9d986d41.JPG,https://api-caradvice.duckdns.org/api/image?path=%2Fopt%2Fcaradvice-media%2Fimages%2Fautos%2F117%2F1751476851730.185a3eec-a896-45a8-8da2-887107052c25.JPG",VOLKSWAGEN,SURAN,2015,167000,KM,GASOLINE,MANUAL,SUV,Octavio Pinto 3024,Cordoba,Cordoba,5000,AR,-31.4167,-64.1833
118,BMW 125 I SPORT AT 3P,BMW 125 I SPORT AT 3P,AVAILABLE,USED,OTHER,24900 USD,https://caradvice.com.ar/autos/118,https://api-caradvice.duckdns.org/api/image?path=%2Fopt%2Fcaradvice-media%2Fimages%2Fautos%2F118%2F1764961957533.IMG-20251205-WA0346.jpg,"https://api-caradvice.duckdns.org/api/image?path=%2Fopt%2Fcaradvice-media%2Fimages%2Fautos%2F118%2F1764961957559.IMG-20251205-WA0349.jpg,https://api-caradvice.duckdns.org/api/image?path=%2Fopt%2Fcaradvice-media%2Fimages%2Fautos%2F118%2F1764961957642.IMG-20251205-WA0350.jpg,https://api-caradvice.duckdns.org/api/image?path=%2Fopt%2Fcaradvice-media%2Fimages%2Fautos%2F118%2F1764961957731.IMG-20251205-WA0347.jpg,https://api-caradvice.duckdns.org/api/image?path=%2Fopt%2Fcaradvice-media%2Fimages%2Fautos%2F118%2F1764961957831.IMG-20251205-WA0345.jpg,https://api-caradvice.duckdns.org/api/image?path=%2Fopt%2Fcaradvice-media%2Fimages%2Fautos%2F118%2F1764961957942.IMG-20251205-WA0351.jpg,https://api-caradvice.duckdns.org/api/image?path=%2Fopt%2Fcaradvice-media%2Fimages%2Fautos%2F118%2F1764961958066.IMG-20251205-WA0352.jpg,https://api-caradvice.duckdns.org/api/image?path=%2Fopt%2Fcaradvice-media%2Fimages%2Fautos%2F118%2F1764961958201.IMG-20251205-WA0354.jpg,https://api-caradvice.duckdns.org/api/image?path=%2Fopt%2Fcaradvice-media%2Fimages%2Fautos%2F118%2F1764961958348.IMG-20251205-WA0355.jpg,https://api-caradvice.duckdns.org/api/image?path=%2Fopt%2Fcaradvice-media%2Fimages%2Fautos%2F118%2F1764961958551.IMG-20251205-WA0356.jpg,https://api-caradvice.duckdns.org/api/image?path=%2Fopt%2Fcaradvice-media%2Fimages%2Fautos%2F118%2F1764961958674.IMG-20251205-WA0348.jpg",BMW,125,2013,184000,KM,GASOLINE,AUTOMATIC,HATCHBACK,Octavio Pinto 3024,Cordoba,Cordoba,5000,AR,-31.4167,-64.1833
119,RENAULT LOGAN II 1.6 16V INTENS CVT,RENAULT LOGAN II 1.6 16V INTENS CVT,AVAILABLE,USED,OTHER,21000000 ARS,https://caradvice.com.ar/autos/119,https://api-caradvice.duckdns.org/api/image?path=%2Fopt%2Fcaradvice-media%2Fimages%2Fautos%2F119%2F1763406243590.IMG-20251117-WA0470.jpg,"https://api-caradvice.duckdns.org/api/image?path=%2Fopt%2Fcaradvice-media%2Fimages%2Fautos%2F119%2F1763406243608.IMG-20251117-WA0483.jpg,https://api-caradvice.duckdns.org/api/image?path=%2Fopt%2Fcaradvice-media%2Fimages%2Fautos%2F119%2F1763406243712.IMG-20251117-WA0469.jpg,https://api-caradvice.duckdns.org/api/image?path=%2Fopt%2Fcaradvice-media%2Fimages%2Fautos%2F119%2F1763406243789.IMG-20251117-WA0482.jpg,https://api-caradvice.duckdns.org/api/image?path=%2Fopt%2Fcaradvice-media%2Fimages%2Fautos%2F119%2F1763406243886.IMG-20251117-WA0471.jpg,https://api-caradvice.duckdns.org/api/image?path=%2Fopt%2Fcaradvice-media%2Fimages%2Fautos%2F119%2F1763406244000.IMG-20251117-WA0486.jpg,https://api-caradvice.duckdns.org/api/image?path=%2Fopt%2Fcaradvice-media%2Fimages%2Fautos%2F119%2F1763406244097.IMG-20251117-WA0472.jpg,https://api-caradvice.duckdns.org/api/image?path=%2Fopt%2Fcaradvice-media%2Fimages%2Fautos%2F119%2F1763406244256.IMG-20251117-WA0475.jpg,https://api-caradvice.duckdns.org/api/image?path=%2Fopt%2Fcaradvice-media%2Fimages%2Fautos%2F119%2F1763406244406.IMG-20251117-WA0476.jpg,https://api-caradvice.duckdns.org/api/image?path=%2Fopt%2Fcaradvice-media%2Fimages%2Fautos%2F119%2F1763406244472.IMG-20251117-WA0478.jpg,https://api-caradvice.duckdns.org/api/image?path=%2Fopt%2Fcaradvice-media%2Fimages%2Fautos%2F119%2F1763406244687.IMG-20251117-WA0479.jpg",RENAULT,LOGAN,2020,107000,KM,GASOLINE,AUTOMATIC,SEDAN,Octavio Pinto 3024,Cordoba,Cordoba,5000,AR,-31.4167,-64.1833
120,VOLKSWAGEN AMAROK 2.0 TD 140HP 4X2 CS TRENDLINE L17,VOLKSWAGEN AMAROK 2.0 TD 140HP 4X2 CS TRENDLINE L17,AVAILABLE,USED,OTHER,26400000 ARS,https://caradvice.com.ar/autos/120,https://api-caradvice.duckdns.org/api/image?path=%2Fopt%2Fcaradvice-media%2Fimages%2Fautos%2F120%2F1744747645070.9d798799-d86a-447e-aced-a6db5c27464c.JPG,"https://api-caradvice.duckdns.org/api/image?path=%2Fopt%2Fcaradvice-media%2Fimages%2Fautos%2F120%2F1744747645530.85257aed-fdaf-4301-9616-92b899bffbde.JPG,https://api-caradvice.duckdns.org/api/image?path=%2Fopt%2Fcaradvice-media%2Fimages%2Fautos%2F120%2F1744747645707.7ecad7fe-5a2e-4cf9-92e4-0eeb836fbb65.JPG,https://api-caradvice.duckdns.org/api/image?path=%2Fopt%2Fcaradvice-media%2Fimages%2Fautos%2F120%2F1744747645786.526ad9d5-57a6-4fe8-bbb9-56f1dfe7a223.JPG,https://api-caradvice.duckdns.org/api/image?path=%2Fopt%2Fcaradvice-media%2Fimages%2Fautos%2F120%2F1744747645885.bfb3b773-af0a-4b79-a14f-50eac8912234.JPG,https://api-caradvice.duckdns.org/api/image?path=%2Fopt%2Fcaradvice-media%2Fimages%2Fautos%2F120%2F1744747645935.1a72b176-809a-4666-8980-074b084185d7.JPG,https://api-caradvice.duckdns.org/api/image?path=%2Fopt%2Fcaradvice-media%2Fimages%2Fautos%2F120%2F1744747645957.1f721f77-7f27-4b45-a9fb-0035b83898ae.JPG,https://api-caradvice.duckdns.org/api/image?path=%2Fopt%2Fcaradvice-media%2Fimages%2Fautos%2F120%2F1744747646043.5d66f7c1-2a9c-4109-b9ac-f68ec9ab40bf.JPG,https://api-caradvice.duckdns.org/api/image?path=%2Fopt%2Fcaradvice-media%2Fimages%2Fautos%2F120%2F1744747646067.5eda85f6-7fa6-4232-88ef-d5a6bcbf4779.JPG,https://api-caradvice.duckdns.org/api/image?path=%2Fopt%2Fcaradvice-media%2Fimages%2Fautos%2F120%2F1744747646087.9f3e7065-3f35-4eaf-af42-9f9e5957ff94.JPG,https://api-caradvice.duckdns.org/api/image?path=%2Fopt%2Fcaradvice-media%2Fimages%2Fautos%2F120%2F1744747646153.53d0d7a9-3673-46e5-9590-15a43fb19455.JPG",VOLKSWAGEN,AMAROK,2017,221300,KM,DIESEL,MANUAL,PICKUP,Octavio Pinto 3024,Cordoba,Cordoba,5000,AR,-31.4167,-64.1833
121,GWM HAVAL JOLION PRO HEV DELUXE,GWM HAVAL JOLION PRO HEV DELUXE,AVAILABLE,USED,OTHER,33500 USD,https://caradvice.com.ar/autos/121,https://api-caradvice.duckdns.org/api/image?path=%2Fopt%2Fcaradvice-media%2Fimages%2Fautos%2F121%2F1758129366167.IMG-20250917-WA0275.jpg,"https://api-caradvice.duckdns.org/api/image?path=%2Fopt%2Fcaradvice-media%2Fimages%2Fautos%2F121%2F1758129366244.IMG-20250917-WA0279.jpg,https://api-caradvice.duckdns.org/api/image?path=%2Fopt%2Fcaradvice-media%2Fimages%2Fautos%2F121%2F1758129366298.IMG-20250917-WA0276.jpg,https://api-caradvice.duckdns.org/api/image?path=%2Fopt%2Fcaradvice-media%2Fimages%2Fautos%2F121%2F1758129366353.IMG-20250917-WA0277.jpg,https://api-caradvice.duckdns.org/api/image?path=%2Fopt%2Fcaradvice-media%2Fimages%2Fautos%2F121%2F1758129366398.IMG-20250917-WA0278.jpg,https://api-caradvice.duckdns.org/api/image?path=%2Fopt%2Fcaradvice-media%2Fimages%2Fautos%2F121%2F1758129366455.IMG-20250917-WA0274.jpg,https://api-caradvice.duckdns.org/api/image?path=%2Fopt%2Fcaradvice-media%2Fimages%2Fautos%2F121%2F1758129366509.IMG-20250917-WA0231.jpg,https://api-caradvice.duckdns.org/api/image?path=%2Fopt%2Fcaradvice-media%2Fimages%2Fautos%2F121%2F1758129366537.IMG-20250917-WA0230.jpg,https://api-caradvice.duckdns.org/api/image?path=%2Fopt%2Fcaradvice-media%2Fimages%2Fautos%2F121%2F1758129366567.IMG-20250917-WA0225.jpg,https://api-caradvice.duckdns.org/api/image?path=%2Fopt%2Fcaradvice-media%2Fimages%2Fautos%2F121%2F1758129366614.IMG-20250917-WA0222.jpg,https://api-caradvice.duckdns.org/api/image?path=%2Fopt%2Fcaradvice-media%2Fimages%2Fautos%2F121%2F1758129366645.IMG-20250917-WA0224.jpg",GWM,HAVAL JOLION PRO,2025,1000,KM,HYBRID,AUTOMATIC,SUV,Octavio Pinto 3024,Cordoba,Cordoba,5000,AR,-31.4167,-64.1833
122,JEEP COMPASS 1.3 T 270 SERIE-S AT6,JEEP COMPASS 1.3 T 270 SERIE-S AT6,AVAILABLE,USED,OTHER,51500000 ARS,https://caradvice.com.ar/autos/122,https://api-caradvice.duckdns.org/api/image?path=%2Fopt%2Fcaradvice-media%2Fimages%2Fautos%2F122%2F1765480456153.IMG-20251211-WA0302.jpg,"https://api-caradvice.duckdns.org/api/image?path=%2Fopt%2Fcaradvice-media%2Fimages%2Fautos%2F122%2F1765480456261.IMG-20251211-WA0304.jpg,https://api-caradvice.duckdns.org/api/image?path=%2Fopt%2Fcaradvice-media%2Fimages%2Fautos%2F122%2F1765480456482.IMG-20251211-WA0300.jpg,https://api-caradvice.duckdns.org/api/image?path=%2Fopt%2Fcaradvice-media%2Fimages%2Fautos%2F122%2F1765480456617.IMG-20251211-WA0305.jpg,https://api-caradvice.duckdns.org/api/image?path=%2Fopt%2Fcaradvice-media%2Fimages%2Fautos%2F122%2F1765480456877.IMG-20251211-WA0301.jpg,https://api-caradvice.duckdns.org/api/image?path=%2Fopt%2Fcaradvice-media%2Fimages%2Fautos%2F122%2F1765480457071.IMG-20251211-WA0303.jpg,https://api-caradvice.duckdns.org/api/image?path=%2Fopt%2Fcaradvice-media%2Fimages%2Fautos%2F122%2F1765480457343.IMG-20251211-WA0306.jpg,https://api-caradvice.duckdns.org/api/image?path=%2Fopt%2Fcaradvice-media%2Fimages%2Fautos%2F122%2F1765480457667.IMG-20251211-WA0307.jpg,https://api-caradvice.duckdns.org/api/image?path=%2Fopt%2Fcaradvice-media%2Fimages%2Fautos%2F122%2F1765480457821.IMG-20251211-WA0308.jpg,https://api-caradvice.duckdns.org/api/image?path=%2Fopt%2Fcaradvice-media%2Fimages%2Fautos%2F122%2F1765480458051.IMG-20251211-WA0309.jpg,https://api-caradvice.duckdns.org/api/image?path=%2Fopt%2Fcaradvice-media%2Fimages%2Fautos%2F122%2F1765480458272.IMG-20251211-WA0310.jpg",JEEP,COMPASS,2024,36200,KM,GASOLINE,AUTOMATIC,SUV,Octavio Pinto 3024,Cordoba,Cordoba,5000,AR,-31.4167,-64.1833
123,FIAT SIENA 1.4 EL L09,FIAT SIENA 1.4 EL L09,AVAILABLE,USED,OTHER,15400000 ARS,https://caradvice.com.ar/autos/123,https://api-caradvice.duckdns.org/api/image?path=%2Fopt%2Fcaradvice-media%2Fimages%2Fautos%2F123%2F1757531966064.IMG-20250910-WA0168.jpg,"https://api-caradvice.duckdns.org/api/image?path=%2Fopt%2Fcaradvice-media%2Fimages%2Fautos%2F123%2F1757531966273.IMG-20250910-WA0153.jpg,https://api-caradvice.duckdns.org/api/image?path=%2Fopt%2Fcaradvice-media%2Fimages%2Fautos%2F123%2F1757531966194.IMG-20250910-WA0152.jpg,https://api-caradvice.duckdns.org/api/image?path=%2Fopt%2Fcaradvice-media%2Fimages%2Fautos%2F123%2F1757531967435.IMG-20250910-WA0166.jpg,https://api-caradvice.duckdns.org/api/image?path=%2Fopt%2Fcaradvice-media%2Fimages%2Fautos%2F123%2F1757531967737.IMG-20250910-WA0167.jpg,https://api-caradvice.duckdns.org/api/image?path=%2Fopt%2Fcaradvice-media%2Fimages%2Fautos%2F123%2F1757531967006.IMG-20250910-WA0160.jpg,https://api-caradvice.duckdns.org/api/image?path=%2Fopt%2Fcaradvice-media%2Fimages%2Fautos%2F123%2F1757531966122.IMG-20250910-WA0151.jpg,https://api-caradvice.duckdns.org/api/image?path=%2Fopt%2Fcaradvice-media%2Fimages%2Fautos%2F123%2F1757531966441.IMG-20250910-WA0155.jpg,https://api-caradvice.duckdns.org/api/image?path=%2Fopt%2Fcaradvice-media%2Fimages%2Fautos%2F123%2F1757531966652.IMG-20250910-WA0157.jpg,https://api-caradvice.duckdns.org/api/image?path=%2Fopt%2Fcaradvice-media%2Fimages%2Fautos%2F123%2F1757531966760.IMG-20250910-WA0158.jpg,https://api-caradvice.duckdns.org/api/image?path=%2Fopt%2Fcaradvice-media%2Fimages%2Fautos%2F123%2F1757531966890.IMG-20250910-WA0159.jpg",FIAT,SIENA,2014,111500,KM,OTHER,MANUAL,SEDAN,Octavio Pinto 3024,Cordoba,Cordoba,5000,AR,-31.4167,-64.1833
124,HONDA HRV 1.8 EXL CVT L19,HONDA HRV 1.8 EXL CVT L19,AVAILABLE,USED,OTHER,33500000 ARS,https://caradvice.com.ar/autos/124,https://api-caradvice.duckdns.org/api/image?path=%2Fopt%2Fcaradvice-media%2Fimages%2Fautos%2F124%2F1765987720973.IMG-20251217-WA0245.jpg,"https://api-caradvice.duckdns.org/api/image?path=%2Fopt%2Fcaradvice-media%2Fimages%2Fautos%2F124%2F1765987721035.IMG-20251217-WA0248.jpg,https://api-caradvice.duckdns.org/api/image?path=%2Fopt%2Fcaradvice-media%2Fimages%2Fautos%2F124%2F1765987721068.IMG-20251217-WA0246.jpg,https://api-caradvice.duckdns.org/api/image?path=%2Fopt%2Fcaradvice-media%2Fimages%2Fautos%2F124%2F1765987721140.IMG-20251217-WA0250.jpg,https://api-caradvice.duckdns.org/api/image?path=%2Fopt%2Fcaradvice-media%2Fimages%2Fautos%2F124%2F1765987721247.IMG-20251217-WA0244.jpg,https://api-caradvice.duckdns.org/api/image?path=%2Fopt%2Fcaradvice-media%2Fimages%2Fautos%2F124%2F1765987721287.IMG-20251217-WA0247.jpg,https://api-caradvice.duckdns.org/api/image?path=%2Fopt%2Fcaradvice-media%2Fimages%2Fautos%2F124%2F1765987721325.IMG-20251217-WA0251.jpg,https://api-caradvice.duckdns.org/api/image?path=%2Fopt%2Fcaradvice-media%2Fimages%2Fautos%2F124%2F1765987721411.IMG-20251217-WA0254.jpg,https://api-caradvice.duckdns.org/api/image?path=%2Fopt%2Fcaradvice-media%2Fimages%2Fautos%2F124%2F1765987721435.IMG-20251217-WA0252.jpg,https://api-caradvice.duckdns.org/api/image?path=%2Fopt%2Fcaradvice-media%2Fimages%2Fautos%2F124%2F1765987721482.IMG-20251217-WA0255.jpg,https://api-caradvice.duckdns.org/api/image?path=%2Fopt%2Fcaradvice-media%2Fimages%2Fautos%2F124%2F1765987721550.IMG-20251217-WA0253.jpg",HONDA,HRV,2019,113000,KM,GASOLINE,AUTOMATIC,SUV,Octavio Pinto 3024,Cordoba,Cordoba,5000,AR,-31.4167,-64.1833
125,FIAT PALIO 1.4 FIRE L09 5P L09,FIAT PALIO 1.4 FIRE L09 5P L09,AVAILABLE,USED,OTHER,12500000 ARS,https://caradvice.com.ar/autos/125,https://api-caradvice.duckdns.org/api/image?path=%2Fopt%2Fcaradvice-media%2Fimages%2Fautos%2F125%2F1752789354927.5d96a26a-264c-42fc-858b-f17e5859a859.JPG,"https://api-caradvice.duckdns.org/api/image?path=%2Fopt%2Fcaradvice-media%2Fimages%2Fautos%2F125%2F1752789354999.c4886db9-7758-4040-bc03-23e311316633.JPG,https://api-caradvice.duckdns.org/api/image?path=%2Fopt%2Fcaradvice-media%2Fimages%2Fautos%2F125%2F1752789355029.2e9b003d-0243-476e-b6a4-5ee9b70aed0b.JPG,https://api-caradvice.duckdns.org/api/image?path=%2Fopt%2Fcaradvice-media%2Fimages%2Fautos%2F125%2F1752789355053.d953efa5-90db-40e8-9361-0f34f90a9703.JPG,https://api-caradvice.duckdns.org/api/image?path=%2Fopt%2Fcaradvice-media%2Fimages%2Fautos%2F125%2F1752789355077.df281a13-1bcc-4ace-b346-dc216a1d0eee.JPG,https://api-caradvice.duckdns.org/api/image?path=%2Fopt%2Fcaradvice-media%2Fimages%2Fautos%2F125%2F1752789355154.1e0adf20-37ea-456a-a178-be0ad16232ba.JPG,https://api-caradvice.duckdns.org/api/image?path=%2Fopt%2Fcaradvice-media%2Fimages%2Fautos%2F125%2F1752789355195.aab5491b-4c4f-4e15-acab-bcec96cfea75.JPG,https://api-caradvice.duckdns.org/api/image?path=%2Fopt%2Fcaradvice-media%2Fimages%2Fautos%2F125%2F1752789355222.1c32bbdc-1df6-45d5-a574-dc055b24b0fc.JPG,https://api-caradvice.duckdns.org/api/image?path=%2Fopt%2Fcaradvice-media%2Fimages%2Fautos%2F125%2F1752789355241.5ef726e3-1b46-4a83-9e02-21df4ace4f2e.JPG,https://api-caradvice.duckdns.org/api/image?path=%2Fopt%2Fcaradvice-media%2Fimages%2Fautos%2F125%2F1752789355260.7eecdb3c-ef54-4c11-8a99-6a9b47dce9ef.JPG,https://api-caradvice.duckdns.org/api/image?path=%2Fopt%2Fcaradvice-media%2Fimages%2Fautos%2F125%2F1752789355277.192b630e-aaf9-48e7-8443-395f0e9d86cc.JPG",FIAT,PALIO,2014,153000,KM,OTHER,MANUAL,HATCHBACK,Octavio Pinto 3024,Cordoba,Cordoba,5000,AR,-31.4167,-64.1833
126,RAM RAMPAGE 2.0 GME 4X4 REBEL AT9,RAM RAMPAGE 2.0 GME 4X4 REBEL AT9,AVAILABLE,USED,OTHER,42000 USD,https://caradvice.com.ar/autos/126,https://api-caradvice.duckdns.org/api/image?path=%2Fopt%2Fcaradvice-media%2Fimages%2Fautos%2F126%2F1749675955840.fc654c93-f11f-40ee-a344-f475ed23a25d.JPG,"https://api-caradvice.duckdns.org/api/image?path=%2Fopt%2Fcaradvice-media%2Fimages%2Fautos%2F126%2F1749675956154.827b11ac-7bff-48eb-9397-e8f763dceea1.JPG,https://api-caradvice.duckdns.org/api/image?path=%2Fopt%2Fcaradvice-media%2Fimages%2Fautos%2F126%2F1749675956497.d0d49824-0627-4bf5-93ff-c97f4990774d.JPG,https://api-caradvice.duckdns.org/api/image?path=%2Fopt%2Fcaradvice-media%2Fimages%2Fautos%2F126%2F1749675956715.12afd6ff-d903-4ea7-bf79-2717777dec07.JPG,https://api-caradvice.duckdns.org/api/image?path=%2Fopt%2Fcaradvice-media%2Fimages%2Fautos%2F126%2F1749675957086.4c096425-7fd4-45a4-bcc1-9f83b4c2aeaf.JPG,https://api-caradvice.duckdns.org/api/image?path=%2Fopt%2Fcaradvice-media%2Fimages%2Fautos%2F126%2F1749675957270.5b7f7051-7723-46c6-a48e-81fd3a2345e3.JPG,https://api-caradvice.duckdns.org/api/image?path=%2Fopt%2Fcaradvice-media%2Fimages%2Fautos%2F126%2F1749675957786.bcc90238-97b1-4942-ac68-02c919f4e2c5.JPG,https://api-caradvice.duckdns.org/api/image?path=%2Fopt%2Fcaradvice-media%2Fimages%2Fautos%2F126%2F1749675957968.8d3aa9c6-7452-469d-8f38-4420b93edb0a.JPG,https://api-caradvice.duckdns.org/api/image?path=%2Fopt%2Fcaradvice-media%2Fimages%2Fautos%2F126%2F1749675958110.8f8315c8-092a-4148-b9e1-1040d1e8d5a3.JPG,https://api-caradvice.duckdns.org/api/image?path=%2Fopt%2Fcaradvice-media%2Fimages%2Fautos%2F126%2F1749675958231.77d5c455-c494-4123-bf4f-70be611faaa5.JPG,https://api-caradvice.duckdns.org/api/image?path=%2Fopt%2Fcaradvice-media%2Fimages%2Fautos%2F126%2F1749675958342.79f76971-791b-45f8-a4a5-e06b114260b4.JPG",RAM,RAMPAGE,2024,26200,KM,GASOLINE,AUTOMATIC,PICKUP,Octavio Pinto 3024,Cordoba,Cordoba,5000,AR,-31.4167,-64.1833
127,JEEP RENEGADE 1.8 4X2 LONGITUDE AT L18,JEEP RENEGADE 1.8 4X2 LONGITUDE AT L18,AVAILABLE,USED,OTHER,33000000 ARS,https://caradvice.com.ar/autos/127,https://api-caradvice.duckdns.org/api/image?path=%2Fopt%2Fcaradvice-media%2Fimages%2Fautos%2F127%2F1761060327290.IMG-20251021-WA0098.jpg,"https://api-caradvice.duckdns.org/api/image?path=%2Fopt%2Fcaradvice-media%2Fimages%2Fautos%2F127%2F1761060327350.IMG-20251021-WA0097.jpg,https://api-caradvice.duckdns.org/api/image?path=%2Fopt%2Fcaradvice-media%2Fimages%2Fautos%2F127%2F1761060327483.IMG-20251021-WA0100.jpg,https://api-caradvice.duckdns.org/api/image?path=%2Fopt%2Fcaradvice-media%2Fimages%2Fautos%2F127%2F1761060327638.IMG-20251021-WA0099.jpg,https://api-caradvice.duckdns.org/api/image?path=%2Fopt%2Fcaradvice-media%2Fimages%2Fautos%2F127%2F1761060327770.IMG-20251021-WA0102.jpg,https://api-caradvice.duckdns.org/api/image?path=%2Fopt%2Fcaradvice-media%2Fimages%2Fautos%2F127%2F1761060328008.IMG-20251021-WA0103.jpg,https://api-caradvice.duckdns.org/api/image?path=%2Fopt%2Fcaradvice-media%2Fimages%2Fautos%2F127%2F1761060328136.IMG-20251021-WA0101.jpg,https://api-caradvice.duckdns.org/api/image?path=%2Fopt%2Fcaradvice-media%2Fimages%2Fautos%2F127%2F1761060328339.IMG-20251021-WA0104.jpg,https://api-caradvice.duckdns.org/api/image?path=%2Fopt%2Fcaradvice-media%2Fimages%2Fautos%2F127%2F1761060328452.IMG-20251021-WA0105.jpg,https://api-caradvice.duckdns.org/api/image?path=%2Fopt%2Fcaradvice-media%2Fimages%2Fautos%2F127%2F1761060328618.IMG-20251021-WA0106.jpg,https://api-caradvice.duckdns.org/api/image?path=%2Fopt%2Fcaradvice-media%2Fimages%2Fautos%2F127%2F1761060328713.IMG-20251021-WA0107.jpg",JEEP,RENEGADE,2022,72600,KM,GASOLINE,AUTOMATIC,SUV,Octavio Pinto 3024,Cordoba,Cordoba,5000,AR,-31.4167,-64.1833
128,JEEP WRANGLER 3.8 SPORT 2P L07,JEEP WRANGLER 3.8 SPORT 2P L07,AVAILABLE,USED,OTHER,38000 USD,https://caradvice.com.ar/autos/128,https://api-caradvice.duckdns.org/api/image?path=%2Fopt%2Fcaradvice-media%2Fimages%2Fautos%2F128%2F1761662398794.IMG-20251028-WA0155.jpg,"https://api-caradvice.duckdns.org/api/image?path=%2Fopt%2Fcaradvice-media%2Fimages%2Fautos%2F128%2F1761662398884.IMG-20251028-WA0181.jpg,https://api-caradvice.duckdns.org/api/image?path=%2Fopt%2Fcaradvice-media%2Fimages%2Fautos%2F128%2F1761662399082.IMG-20251028-WA0153.jpg,https://api-caradvice.duckdns.org/api/image?path=%2Fopt%2Fcaradvice-media%2Fimages%2Fautos%2F128%2F1761662399316.IMG-20251028-WA0157.jpg,https://api-caradvice.duckdns.org/api/image?path=%2Fopt%2Fcaradvice-media%2Fimages%2Fautos%2F128%2F1761662399508.IMG-20251028-WA0154.jpg,https://api-caradvice.duckdns.org/api/image?path=%2Fopt%2Fcaradvice-media%2Fimages%2Fautos%2F128%2F1761662399761.IMG-20251028-WA0182.jpg,https://api-caradvice.duckdns.org/api/image?path=%2Fopt%2Fcaradvice-media%2Fimages%2Fautos%2F128%2F1761662399990.IMG-20251028-WA0156.jpg,https://api-caradvice.duckdns.org/api/image?path=%2Fopt%2Fcaradvice-media%2Fimages%2Fautos%2F128%2F1761662400242.IMG-20251028-WA0171.jpg,https://api-caradvice.duckdns.org/api/image?path=%2Fopt%2Fcaradvice-media%2Fimages%2Fautos%2F128%2F1761662400383.IMG-20251028-WA0175.jpg,https://api-caradvice.duckdns.org/api/image?path=%2Fopt%2Fcaradvice-media%2Fimages%2Fautos%2F128%2F1761662400551.IMG-20251028-WA0176.jpg,https://api-caradvice.duckdns.org/api/image?path=%2Fopt%2Fcaradvice-media%2Fimages%2Fautos%2F128%2F1761662400762.IMG-20251028-WA0177.jpg",JEEP,WRANGLER,2007,179000,KM,GASOLINE,MANUAL,SUV,Octavio Pinto 3024,Cordoba,Cordoba,5000,AR,-31.4167,-64.1833
129,TOYOTA COROLLA CROSS 2.0 XLI CVT,TOYOTA COROLLA CROSS 2.0 XLI CVT,AVAILABLE,USED,OTHER,50500000 ARS,https://caradvice.com.ar/autos/129,https://api-caradvice.duckdns.org/api/image?path=%2Fopt%2Fcaradvice-media%2Fimages%2Fautos%2F129%2F1756438070692.17cdfbe6-b2a3-498b-96f5-50fa2eadb37c.JPG,"https://api-caradvice.duckdns.org/api/image?path=%2Fopt%2Fcaradvice-media%2Fimages%2Fautos%2F129%2F1756438071082.013ce443-281d-4032-bf28-60267151c44a.JPG,https://api-caradvice.duckdns.org/api/image?path=%2Fopt%2Fcaradvice-media%2Fimages%2Fautos%2F129%2F1756438071298.d934f518-e842-4282-be35-3c5f189bff4e.JPG,https://api-caradvice.duckdns.org/api/image?path=%2Fopt%2Fcaradvice-media%2Fimages%2Fautos%2F129%2F1756438071473.523650b0-d002-408d-99a8-bff0fca159ae.JPG,https://api-caradvice.duckdns.org/api/image?path=%2Fopt%2Fcaradvice-media%2Fimages%2Fautos%2F129%2F1756438071542.6afff3b8-31dd-4120-83a9-4c4c37ba2a05.JPG,https://api-caradvice.duckdns.org/api/image?path=%2Fopt%2Fcaradvice-media%2Fimages%2Fautos%2F129%2F1756438071640.6b6ff9aa-0ead-4e59-b587-9b5db3134c55.JPG,https://api-caradvice.duckdns.org/api/image?path=%2Fopt%2Fcaradvice-media%2Fimages%2Fautos%2F129%2F1756438071724.1a7b2f65-febe-4d72-8b0b-6d3c615951cb.JPG,https://api-caradvice.duckdns.org/api/image?path=%2Fopt%2Fcaradvice-media%2Fimages%2Fautos%2F129%2F1756438071750.46e3a5bb-8a9d-4f01-b5c5-1331dbe43807.JPG,https://api-caradvice.duckdns.org/api/image?path=%2Fopt%2Fcaradvice-media%2Fimages%2Fautos%2F129%2F1756438071782.61bc37b3-938c-4c4f-9a2d-82ca6371b6d6.JPG,https://api-caradvice.duckdns.org/api/image?path=%2Fopt%2Fcaradvice-media%2Fimages%2Fautos%2F129%2F1756438071813.64a4a58c-b840-49fe-badb-ad988723b7d1.JPG,https://api-caradvice.duckdns.org/api/image?path=%2Fopt%2Fcaradvice-media%2Fimages%2Fautos%2F129%2F1756438071908.7677dac8-609f-4013-9cd4-65829edef467.JPG",TOYOTA,COROLLA CROSS,2025,0,KM,GASOLINE,AUTOMATIC,SUV,Octavio Pinto 3024,Cordoba,Cordoba,5000,AR,-31.4167,-64.1833
130,DS AUTOMOBILES DS3 1.2 T CROSSBACK RIVOLI PURETECH AT8,DS AUTOMOBILES DS3 1.2 T CROSSBACK RIVOLI PURETECH AT8,AVAILABLE,USED,OTHER,40000000 ARS,https://caradvice.com.ar/autos/130,https://api-caradvice.duckdns.org/api/image?path=%2Fopt%2Fcaradvice-media%2Fimages%2Fautos%2F130%2F1755180188915.204dacf8-ee70-405c-b934-e9dc732cadfa.jpeg,"https://api-caradvice.duckdns.org/api/image?path=%2Fopt%2Fcaradvice-media%2Fimages%2Fautos%2F130%2F1755180189313.a4e7815e-9b0e-495c-91a8-e858f238bfbd.jpeg,https://api-caradvice.duckdns.org/api/image?path=%2Fopt%2Fcaradvice-media%2Fimages%2Fautos%2F130%2F1755180189496.fd154ab7-c3fb-4336-a52b-9dc76645b906.jpeg,https://api-caradvice.duckdns.org/api/image?path=%2Fopt%2Fcaradvice-media%2Fimages%2Fautos%2F130%2F1755180189590.2dc2843c-9d3e-4a85-bf7d-1a90e6f82581.jpeg,https://api-caradvice.duckdns.org/api/image?path=%2Fopt%2Fcaradvice-media%2Fimages%2Fautos%2F130%2F1755180189686.fab84ac5-9083-4c04-b700-c9f4ac36f059.jpeg,https://api-caradvice.duckdns.org/api/image?path=%2Fopt%2Fcaradvice-media%2Fimages%2Fautos%2F130%2F1755180189744.0162a061-d82c-49b1-8c8c-aff0d3812d80.jpeg,https://api-caradvice.duckdns.org/api/image?path=%2Fopt%2Fcaradvice-media%2Fimages%2Fautos%2F130%2F1755180189785.1da27602-29a1-4094-9d7d-9b0b3949b0df.jpeg,https://api-caradvice.duckdns.org/api/image?path=%2Fopt%2Fcaradvice-media%2Fimages%2Fautos%2F130%2F1755180189858.d67ce187-6ef9-4d4d-863f-5d0560991d00.jpeg,https://api-caradvice.duckdns.org/api/image?path=%2Fopt%2Fcaradvice-media%2Fimages%2Fautos%2F130%2F1755180189885.3c2a8028-a9d0-45c9-9576-c8ab5c25af20.jpeg,https://api-caradvice.duckdns.org/api/image?path=%2Fopt%2Fcaradvice-media%2Fimages%2Fautos%2F130%2F1755180189915.907987d2-1625-4866-94c9-1cad5e690000.jpeg,https://api-caradvice.duckdns.org/api/image?path=%2Fopt%2Fcaradvice-media%2Fimages%2Fautos%2F130%2F1755180189939.16439eb5-137e-4cc8-99dc-26681607b606.jpeg",DS AUTOMOBILES,DS3,2022,52600,KM,GASOLINE,AUTOMATIC,SUV,Octavio Pinto 3024,Cordoba,Cordoba,5000,AR,-31.4167,-64.1833
131,AUDI A4 2.0 T 190HP L16,AUDI A4 2.0 T 190HP L16,AVAILABLE,USED,OTHER,32500 USD,https://caradvice.com.ar/autos/131,https://api-caradvice.duckdns.org/api/image?path=%2Fopt%2Fcaradvice-media%2Fimages%2Fautos%2F131%2F1737517658468.9e4bbfa4-8516-4931-8d7b-b30e6609d3d5.JPG,"https://api-caradvice.duckdns.org/api/image?path=%2Fopt%2Fcaradvice-media%2Fimages%2Fautos%2F131%2F1737517658749.e3d31fff-b241-4d40-bb29-2fad33ef416a.JPG,https://api-caradvice.duckdns.org/api/image?path=%2Fopt%2Fcaradvice-media%2Fimages%2Fautos%2F131%2F1737517658882.995f958a-0daf-4cdd-b2e4-2f046f537c03.JPG,https://api-caradvice.duckdns.org/api/image?path=%2Fopt%2Fcaradvice-media%2Fimages%2Fautos%2F131%2F1737517658952.b399ce41-5718-4154-b4cb-8360057951d0.JPG,https://api-caradvice.duckdns.org/api/image?path=%2Fopt%2Fcaradvice-media%2Fimages%2Fautos%2F131%2F1737517659011.9945d59d-3686-4760-af0b-a2bf3bc2b4cc.JPG,https://api-caradvice.duckdns.org/api/image?path=%2Fopt%2Fcaradvice-media%2Fimages%2Fautos%2F131%2F1737517659060.87099346-b7b5-4857-9576-92b6b9bb5061.JPG,https://api-caradvice.duckdns.org/api/image?path=%2Fopt%2Fcaradvice-media%2Fimages%2Fautos%2F131%2F1737517659101.3dddf1d5-ac51-4165-a85b-93c264e9e582.JPG,https://api-caradvice.duckdns.org/api/image?path=%2Fopt%2Fcaradvice-media%2Fimages%2Fautos%2F131%2F1737517659132.41ee6e03-c6f8-4fa9-94ef-5ac26cf131be.JPG,https://api-caradvice.duckdns.org/api/image?path=%2Fopt%2Fcaradvice-media%2Fimages%2Fautos%2F131%2F1737517659157.49c3ae79-1991-4ccb-906a-3f4bdb07d306.JPG,https://api-caradvice.duckdns.org/api/image?path=%2Fopt%2Fcaradvice-media%2Fimages%2Fautos%2F131%2F1737517659173.693f7ac8-b9e9-4e7b-bead-0b90898f56a3.JPG,https://api-caradvice.duckdns.org/api/image?path=%2Fopt%2Fcaradvice-media%2Fimages%2Fautos%2F131%2F1737517659210.759368cd-5770-4f5a-a0ed-a590741b3c74.JPG",AUDI,A4,2018,102000,KM,GASOLINE,MANUAL,SEDAN,Octavio Pinto 3024,Cordoba,Cordoba,5000,AR,-31.4167,-64.1833
132,RENAULT LOGAN II 1.6 16V ZEN,RENAULT LOGAN II 1.6 16V ZEN,AVAILABLE,USED,OTHER,20500000 ARS,https://caradvice.com.ar/autos/132,https://api-caradvice.duckdns.org/api/image?path=%2Fopt%2Fcaradvice-media%2Fimages%2Fautos%2F132%2F1742418420074.db7c4136-c862-4c6d-9f5e-3166b29cff94.JPG,"https://api-caradvice.duckdns.org/api/image?path=%2Fopt%2Fcaradvice-media%2Fimages%2Fautos%2F132%2F1742418420697.287e4669-3ba3-44d6-b125-345f3ba4ecb5.JPG,https://api-caradvice.duckdns.org/api/image?path=%2Fopt%2Fcaradvice-media%2Fimages%2Fautos%2F132%2F1742418421582.9fc04489-a2fb-4046-8e6a-d81fec951db2.JPG,https://api-caradvice.duckdns.org/api/image?path=%2Fopt%2Fcaradvice-media%2Fimages%2Fautos%2F132%2F1742418432260.e5b30348-2be1-4a8e-b639-9a005a64113c.JPG,https://api-caradvice.duckdns.org/api/image?path=%2Fopt%2Fcaradvice-media%2Fimages%2Fautos%2F132%2F1742418432693.15323f55-97d7-41e4-86df-759ef4050de5.JPG,https://api-caradvice.duckdns.org/api/image?path=%2Fopt%2Fcaradvice-media%2Fimages%2Fautos%2F132%2F1742418435198.363a8c76-ba32-4b92-8f46-1a01c3f340f7.JPG,https://api-caradvice.duckdns.org/api/image?path=%2Fopt%2Fcaradvice-media%2Fimages%2Fautos%2F132%2F1742418441434.7477ea0c-827c-4dc4-be4f-2ed7dba3618b.JPG,https://api-caradvice.duckdns.org/api/image?path=%2Fopt%2Fcaradvice-media%2Fimages%2Fautos%2F132%2F1742418442235.812066a3-e5ab-458a-a416-e8a3543e216f.JPG,https://api-caradvice.duckdns.org/api/image?path=%2Fopt%2Fcaradvice-media%2Fimages%2Fautos%2F132%2F1742418442579.5838274e-93c2-4572-a75e-20171dfd876f.JPG,https://api-caradvice.duckdns.org/api/image?path=%2Fopt%2Fcaradvice-media%2Fimages%2Fautos%2F132%2F1742418443129.58378941-93d1-4498-b4a5-c10461569a72.JPG,https://api-caradvice.duckdns.org/api/image?path=%2Fopt%2Fcaradvice-media%2Fimages%2Fautos%2F132%2F1742418443802.a1b15c6c-a951-4fd3-bb24-c3f925652c52.JPG",RENAULT,LOGAN,2022,123000,KM,GASOLINE,MANUAL,SEDAN,Octavio Pinto 3024,Cordoba,Cordoba,5000,AR,-31.4167,-64.1833
134,RENAULT KWID 1.0 ICONIC BT L25,RENAULT KWID 1.0 ICONIC BT L25,AVAILABLE,USED,OTHER,23000000 ARS,https://caradvice.com.ar/autos/134,https://api-caradvice.duckdns.org/api/image?path=%2Fopt%2Fcaradvice-media%2Fimages%2Fautos%2F134%2F1755911875972.0ae2de99-4a0d-492a-b919-e33329645c70.JPG,"https://api-caradvice.duckdns.org/api/image?path=%2Fopt%2Fcaradvice-media%2Fimages%2Fautos%2F134%2F1755911875998.70890d28-c584-4fa5-b23c-a4da765104fe.JPG,https://api-caradvice.duckdns.org/api/image?path=%2Fopt%2Fcaradvice-media%2Fimages%2Fautos%2F134%2F1755911876052.1ba6650c-1960-4c98-be55-f439f3916851.JPG,https://api-caradvice.duckdns.org/api/image?path=%2Fopt%2Fcaradvice-media%2Fimages%2Fautos%2F134%2F1755911876128.44a5acad-80f0-4535-8c9a-7f08edfb1634.JPG,https://api-caradvice.duckdns.org/api/image?path=%2Fopt%2Fcaradvice-media%2Fimages%2Fautos%2F134%2F1755911876164.aa725083-8bb3-4d55-8ecb-ff4c09780a1d.JPG,https://api-caradvice.duckdns.org/api/image?path=%2Fopt%2Fcaradvice-media%2Fimages%2Fautos%2F134%2F1755911876205.85623e01-0c89-4218-8e13-a94c1ca8e52b.JPG,https://api-caradvice.duckdns.org/api/image?path=%2Fopt%2Fcaradvice-media%2Fimages%2Fautos%2F134%2F1755911876240.2e32e23b-6cb6-4246-ae32-4fe958e3e6d7.JPG,https://api-caradvice.duckdns.org/api/image?path=%2Fopt%2Fcaradvice-media%2Fimages%2Fautos%2F134%2F1755911876307.2fd28f84-13b9-4954-ae24-9ba1829b483a.JPG,https://api-caradvice.duckdns.org/api/image?path=%2Fopt%2Fcaradvice-media%2Fimages%2Fautos%2F134%2F1755911876342.08e8296f-439f-48ed-8b0d-da68d0645650.JPG,https://api-caradvice.duckdns.org/api/image?path=%2Fopt%2Fcaradvice-media%2Fimages%2Fautos%2F134%2F1755911876365.40a53611-9fcb-4bad-aa80-970415d1b9f9.JPG,https://api-caradvice.duckdns.org/api/image?path=%2Fopt%2Fcaradvice-media%2Fimages%2Fautos%2F134%2F1755911876394.142bfc4a-9b47-4b46-a73d-547828f19849.JPG",RENAULT,KWID,2025,0,KM,GASOLINE,MANUAL,HATCHBACK,Octavio Pinto 3024,Cordoba,Cordoba,5000,AR,-31.4167,-64.1833
135,FORD ECO SPORT 1.6 TITANIUM L13,FORD ECO SPORT 1.6 TITANIUM L13,AVAILABLE,USED,OTHER,19500000 ARS,https://caradvice.com.ar/autos/135,https://api-caradvice.duckdns.org/api/image?path=%2Fopt%2Fcaradvice-media%2Fimages%2Fautos%2F135%2F1760464485962.IMG-20251014-WA0166.jpg,"https://api-caradvice.duckdns.org/api/image?path=%2Fopt%2Fcaradvice-media%2Fimages%2Fautos%2F135%2F1760464486058.IMG-20251014-WA0169.jpg,https://api-caradvice.duckdns.org/api/image?path=%2Fopt%2Fcaradvice-media%2Fimages%2Fautos%2F135%2F1760464486247.IMG-20251014-WA0165.jpg,https://api-caradvice.duckdns.org/api/image?path=%2Fopt%2Fcaradvice-media%2Fimages%2Fautos%2F135%2F1760464486473.IMG-20251014-WA0171.jpg,https://api-caradvice.duckdns.org/api/image?path=%2Fopt%2Fcaradvice-media%2Fimages%2Fautos%2F135%2F1760464486727.IMG-20251014-WA0164.jpg,https://api-caradvice.duckdns.org/api/image?path=%2Fopt%2Fcaradvice-media%2Fimages%2Fautos%2F135%2F1760464486863.IMG-20251014-WA0167.jpg,https://api-caradvice.duckdns.org/api/image?path=%2Fopt%2Fcaradvice-media%2Fimages%2Fautos%2F135%2F1760464486998.IMG-20251014-WA0174.jpg,https://api-caradvice.duckdns.org/api/image?path=%2Fopt%2Fcaradvice-media%2Fimages%2Fautos%2F135%2F1760464487084.IMG-20251014-WA0168.jpg,https://api-caradvice.duckdns.org/api/image?path=%2Fopt%2Fcaradvice-media%2Fimages%2Fautos%2F135%2F1760464487132.IMG-20251014-WA0182.jpg,https://api-caradvice.duckdns.org/api/image?path=%2Fopt%2Fcaradvice-media%2Fimages%2Fautos%2F135%2F1760464487237.IMG-20251014-WA0175.jpg,https://api-caradvice.duckdns.org/api/image?path=%2Fopt%2Fcaradvice-media%2Fimages%2Fautos%2F135%2F1760464487370.IMG-20251014-WA0177.jpg",FORD,ECO SPORT,2015,160000,KM,OTHER,MANUAL,SUV,Octavio Pinto 3024,Cordoba,Cordoba,5000,AR,-31.4167,-64.1833
136,SUBARU IMPREZA WRX 2.5 AWD 5 PTAS L08,SUBARU IMPREZA WRX 2.5 AWD 5 PTAS L08,AVAILABLE,USED,OTHER,35500 USD,https://caradvice.com.ar/autos/136,https://api-caradvice.duckdns.org/api/image?path=%2Fopt%2Fcaradvice-media%2Fimages%2Fautos%2F136%2F1760038025823.IMG-20251009-WA0335.jpg,"https://api-caradvice.duckdns.org/api/image?path=%2Fopt%2Fcaradvice-media%2Fimages%2Fautos%2F136%2F1760038025854.IMG-20251009-WA0338.jpg,https://api-caradvice.duckdns.org/api/image?path=%2Fopt%2Fcaradvice-media%2Fimages%2Fautos%2F136%2F1760038025949.IMG-20251009-WA0336.jpg,https://api-caradvice.duckdns.org/api/image?path=%2Fopt%2Fcaradvice-media%2Fimages%2Fautos%2F136%2F1760038026070.IMG-20251009-WA0339.jpg,https://api-caradvice.duckdns.org/api/image?path=%2Fopt%2Fcaradvice-media%2Fimages%2Fautos%2F136%2F1760038026108.IMG-20251009-WA0333.jpg,https://api-caradvice.duckdns.org/api/image?path=%2Fopt%2Fcaradvice-media%2Fimages%2Fautos%2F136%2F1760038026147.IMG-20251009-WA0337.jpg,https://api-caradvice.duckdns.org/api/image?path=%2Fopt%2Fcaradvice-media%2Fimages%2Fautos%2F136%2F1760038026256.IMG-20251009-WA0350.jpg,https://api-caradvice.duckdns.org/api/image?path=%2Fopt%2Fcaradvice-media%2Fimages%2Fautos%2F136%2F1760038026273.IMG-20251009-WA0349.jpg,https://api-caradvice.duckdns.org/api/image?path=%2Fopt%2Fcaradvice-media%2Fimages%2Fautos%2F136%2F1760038026299.IMG-20251009-WA0341.jpg,https://api-caradvice.duckdns.org/api/image?path=%2Fopt%2Fcaradvice-media%2Fimages%2Fautos%2F136%2F1760038026347.IMG-20251009-WA0344.jpg,https://api-caradvice.duckdns.org/api/image?path=%2Fopt%2Fcaradvice-media%2Fimages%2Fautos%2F136%2F1760038026394.IMG-20251009-WA0345.jpg",SUBARU,IMPREZA,2009,31000,KM,GASOLINE,MANUAL,SEDAN,Octavio Pinto 3024,Cordoba,Cordoba,5000,AR,-31.4167,-64.1833
137,CITROEN C4 CACTUS 1.6 VTI FEEL PACK,CITROEN C4 CACTUS 1.6 VTI FEEL PACK,AVAILABLE,USED,OTHER,23500000 ARS,https://caradvice.com.ar/autos/137,https://api-caradvice.duckdns.org/api/image?path=%2Fopt%2Fcaradvice-media%2Fimages%2Fautos%2F137%2F1759938345660.IMG-20251008-WA0247.jpg,"https://api-caradvice.duckdns.org/api/image?path=%2Fopt%2Fcaradvice-media%2Fimages%2Fautos%2F137%2F1759938345694.IMG-20251008-WA0248.jpg,https://api-caradvice.duckdns.org/api/image?path=%2Fopt%2Fcaradvice-media%2Fimages%2Fautos%2F137%2F1759938345841.IMG-20251008-WA0245.jpg,https://api-caradvice.duckdns.org/api/image?path=%2Fopt%2Fcaradvice-media%2Fimages%2Fautos%2F137%2F1759938346282.IMG-20251008-WA0252.jpg,https://api-caradvice.duckdns.org/api/image?path=%2Fopt%2Fcaradvice-media%2Fimages%2Fautos%2F137%2F1759938346440.IMG-20251008-WA0246.jpg,https://api-caradvice.duckdns.org/api/image?path=%2Fopt%2Fcaradvice-media%2Fimages%2Fautos%2F137%2F1759938346673.IMG-20251008-WA0249.jpg,https://api-caradvice.duckdns.org/api/image?path=%2Fopt%2Fcaradvice-media%2Fimages%2Fautos%2F137%2F1759938346813.IMG-20251008-WA0260.jpg,https://api-caradvice.duckdns.org/api/image?path=%2Fopt%2Fcaradvice-media%2Fimages%2Fautos%2F137%2F1759938347003.IMG-20251008-WA0258.jpg,https://api-caradvice.duckdns.org/api/image?path=%2Fopt%2Fcaradvice-media%2Fimages%2Fautos%2F137%2F1759938347249.IMG-20251008-WA0256.jpg,https://api-caradvice.duckdns.org/api/image?path=%2Fopt%2Fcaradvice-media%2Fimages%2Fautos%2F137%2F1759938347447.IMG-20251008-WA0254.jpg,https://api-caradvice.duckdns.org/api/image?path=%2Fopt%2Fcaradvice-media%2Fimages%2Fautos%2F137%2F1759938347601.IMG-20251008-WA0257.jpg",CITROEN,C4 CACTUS,2019,109500,KM,GASOLINE,MANUAL,SUV,Octavio Pinto 3024,Cordoba,Cordoba,5000,AR,-31.4167,-64.1833
138,JEEP COMPASS 2.4 LONGITUDE AT6 4X2 L18,JEEP COMPASS 2.4 LONGITUDE AT6 4X2 L18,AVAILABLE,USED,OTHER,38500000 ARS,https://caradvice.com.ar/autos/138,https://api-caradvice.duckdns.org/api/image?path=%2Fopt%2Fcaradvice-media%2Fimages%2Fautos%2F138%2F1764791187049.IMG-20251203-WA0438.jpg,"https://api-caradvice.duckdns.org/api/image?path=%2Fopt%2Fcaradvice-media%2Fimages%2Fautos%2F138%2F1764791187070.IMG-20251203-WA0425.jpg,https://api-caradvice.duckdns.org/api/image?path=%2Fopt%2Fcaradvice-media%2Fimages%2Fautos%2F138%2F1764791187128.IMG-20251203-WA0439.jpg,https://api-caradvice.duckdns.org/api/image?path=%2Fopt%2Fcaradvice-media%2Fimages%2Fautos%2F138%2F1764791187192.IMG-20251203-WA0431.jpg,https://api-caradvice.duckdns.org/api/image?path=%2Fopt%2Fcaradvice-media%2Fimages%2Fautos%2F138%2F1764791187242.IMG-20251203-WA0437.jpg,https://api-caradvice.duckdns.org/api/image?path=%2Fopt%2Fcaradvice-media%2Fimages%2Fautos%2F138%2F1764791187280.IMG-20251203-WA0426.jpg,https://api-caradvice.duckdns.org/api/image?path=%2Fopt%2Fcaradvice-media%2Fimages%2Fautos%2F138%2F1764791187322.IMG-20251203-WA0424.jpg,https://api-caradvice.duckdns.org/api/image?path=%2Fopt%2Fcaradvice-media%2Fimages%2Fautos%2F138%2F1764791187369.IMG-20251203-WA0423.jpg,https://api-caradvice.duckdns.org/api/image?path=%2Fopt%2Fcaradvice-media%2Fimages%2Fautos%2F138%2F1764791187417.IMG-20251203-WA0427.jpg,https://api-caradvice.duckdns.org/api/image?path=%2Fopt%2Fcaradvice-media%2Fimages%2Fautos%2F138%2F1764791187471.IMG-20251203-WA0430.jpg,https://api-caradvice.duckdns.org/api/image?path=%2Fopt%2Fcaradvice-media%2Fimages%2Fautos%2F138%2F1764791187517.IMG-20251203-WA0432.jpg",JEEP,COMPASS,2021,89000,KM,GASOLINE,AUTOMATIC,SUV,Octavio Pinto 3024,Cordoba,Cordoba,5000,AR,-31.4167,-64.1833
139,VOLKSWAGEN GOL 1.6 TREND 5P L16,VOLKSWAGEN GOL 1.6 TREND 5P L16,AVAILABLE,USED,OTHER,17500000 ARS,https://caradvice.com.ar/autos/139,https://api-caradvice.duckdns.org/api/image?path=%2Fopt%2Fcaradvice-media%2Fimages%2Fautos%2F139%2F1758841381189.IMG-20250925-WA0314.jpg,"https://api-caradvice.duckdns.org/api/image?path=%2Fopt%2Fcaradvice-media%2Fimages%2Fautos%2F139%2F1758841381212.IMG-20250925-WA0312.jpg,https://api-caradvice.duckdns.org/api/image?path=%2Fopt%2Fcaradvice-media%2Fimages%2Fautos%2F139%2F1758841381215.IMG-20250925-WA0310.jpg,https://api-caradvice.duckdns.org/api/image?path=%2Fopt%2Fcaradvice-media%2Fimages%2Fautos%2F139%2F1758841381245.IMG-20250925-WA0320.jpg,https://api-caradvice.duckdns.org/api/image?path=%2Fopt%2Fcaradvice-media%2Fimages%2Fautos%2F139%2F1758841381291.IMG-20250925-WA0313.jpg,https://api-caradvice.duckdns.org/api/image?path=%2Fopt%2Fcaradvice-media%2Fimages%2Fautos%2F139%2F1758841381341.IMG-20250925-WA0315.jpg,https://api-caradvice.duckdns.org/api/image?path=%2Fopt%2Fcaradvice-media%2Fimages%2Fautos%2F139%2F1758841381384.IMG-20250925-WA0319.jpg,https://api-caradvice.duckdns.org/api/image?path=%2Fopt%2Fcaradvice-media%2Fimages%2Fautos%2F139%2F1758841381397.IMG-20250925-WA0316.jpg,https://api-caradvice.duckdns.org/api/image?path=%2Fopt%2Fcaradvice-media%2Fimages%2Fautos%2F139%2F1758841381418.IMG-20250925-WA0326.jpg,https://api-caradvice.duckdns.org/api/image?path=%2Fopt%2Fcaradvice-media%2Fimages%2Fautos%2F139%2F1758841381440.IMG-20250925-WA0325.jpg,https://api-caradvice.duckdns.org/api/image?path=%2Fopt%2Fcaradvice-media%2Fimages%2Fautos%2F139%2F1758841381457.IMG-20250925-WA0329.jpg",VOLKSWAGEN,GOL,2017,115700,KM,GASOLINE,MANUAL,HATCHBACK,Octavio Pinto 3024,Cordoba,Cordoba,5000,AR,-31.4167,-64.1833
140,JEEP COMPASS 1.3 T 270 SERIE-S AT6,JEEP COMPASS 1.3 T 270 SERIE-S AT6,AVAILABLE,USED,OTHER,55400000 ARS,https://caradvice.com.ar/autos/140,https://api-caradvice.duckdns.org/api/image?path=%2Fopt%2Fcaradvice-media%2Fimages%2Fautos%2F140%2F1756864578879.bf7b08d6-284e-44f6-aa91-08c3654aba7d.jpeg,"https://api-caradvice.duckdns.org/api/image?path=%2Fopt%2Fcaradvice-media%2Fimages%2Fautos%2F140%2F1756864579622.3921e3fe-9561-4e1d-a2e4-262824226443.jpeg,https://api-caradvice.duckdns.org/api/image?path=%2Fopt%2Fcaradvice-media%2Fimages%2Fautos%2F140%2F1756864580333.a5e9a203-203f-47a6-9387-0f66e65b18de.jpeg,https://api-caradvice.duckdns.org/api/image?path=%2Fopt%2Fcaradvice-media%2Fimages%2Fautos%2F140%2F1756864580917.5287c740-5f10-4e20-9ad8-5adb95f498d8.jpeg,https://api-caradvice.duckdns.org/api/image?path=%2Fopt%2Fcaradvice-media%2Fimages%2Fautos%2F140%2F1756864581396.499103ef-1c99-4e9a-a8b1-d222ae0fb19d.jpeg,https://api-caradvice.duckdns.org/api/image?path=%2Fopt%2Fcaradvice-media%2Fimages%2Fautos%2F140%2F1756864581826.167fa7c2-26cc-4718-8a3d-12c0093df06d.jpeg,https://api-caradvice.duckdns.org/api/image?path=%2Fopt%2Fcaradvice-media%2Fimages%2Fautos%2F140%2F1756864582260.fa576483-cc31-4856-a264-54c8d84a7c1d.jpeg,https://api-caradvice.duckdns.org/api/image?path=%2Fopt%2Fcaradvice-media%2Fimages%2Fautos%2F140%2F1756864582502.0bf01db2-042d-4859-a45b-646b23f11ea5.jpeg,https://api-caradvice.duckdns.org/api/image?path=%2Fopt%2Fcaradvice-media%2Fimages%2Fautos%2F140%2F1756864582770.363ec11c-4977-4b28-8b23-a8cda66ab268.jpeg,https://api-caradvice.duckdns.org/api/image?path=%2Fopt%2Fcaradvice-media%2Fimages%2Fautos%2F140%2F1756864583104.20f60355-8d6a-46b2-8adc-cd323b2b6639.jpeg,https://api-caradvice.duckdns.org/api/image?path=%2Fopt%2Fcaradvice-media%2Fimages%2Fautos%2F140%2F1756864583418.77526eaf-6f32-4235-990e-ced885c3f363.jpeg",JEEP,COMPASS,2025,0,KM,GASOLINE,AUTOMATIC,SUV,Octavio Pinto 3024,Cordoba,Cordoba,5000,AR,-31.4167,-64.1833
141,CITROEN C3 1.6 VTI LIVE L17,CITROEN C3 1.6 VTI LIVE L17,AVAILABLE,USED,OTHER,18400000 ARS,https://caradvice.com.ar/autos/141,https://api-caradvice.duckdns.org/api/image?path=%2Fopt%2Fcaradvice-media%2Fimages%2Fautos%2F141%2F1764184884083.IMG-20251126-WA0331.jpg,"https://api-caradvice.duckdns.org/api/image?path=%2Fopt%2Fcaradvice-media%2Fimages%2Fautos%2F141%2F1764184885360.IMG-20251126-WA0335.jpg,https://api-caradvice.duckdns.org/api/image?path=%2Fopt%2Fcaradvice-media%2Fimages%2Fautos%2F141%2F1764184886032.IMG-20251126-WA0329.jpg,https://api-caradvice.duckdns.org/api/image?path=%2Fopt%2Fcaradvice-media%2Fimages%2Fautos%2F141%2F1764184888735.IMG-20251126-WA0334.jpg,https://api-caradvice.duckdns.org/api/image?path=%2Fopt%2Fcaradvice-media%2Fimages%2Fautos%2F141%2F1764184889996.IMG-20251126-WA0330.jpg,https://api-caradvice.duckdns.org/api/image?path=%2Fopt%2Fcaradvice-media%2Fimages%2Fautos%2F141%2F1764184890892.IMG-20251126-WA0332.jpg,https://api-caradvice.duckdns.org/api/image?path=%2Fopt%2Fcaradvice-media%2Fimages%2Fautos%2F141%2F1764184891580.IMG-20251126-WA0333.jpg,https://api-caradvice.duckdns.org/api/image?path=%2Fopt%2Fcaradvice-media%2Fimages%2Fautos%2F141%2F1764184891846.IMG-20251126-WA0336.jpg,https://api-caradvice.duckdns.org/api/image?path=%2Fopt%2Fcaradvice-media%2Fimages%2Fautos%2F141%2F1764184892602.IMG-20251126-WA0337.jpg,https://api-caradvice.duckdns.org/api/image?path=%2Fopt%2Fcaradvice-media%2Fimages%2Fautos%2F141%2F1764184892862.IMG-20251126-WA0338.jpg,https://api-caradvice.duckdns.org/api/image?path=%2Fopt%2Fcaradvice-media%2Fimages%2Fautos%2F141%2F1764184893248.IMG-20251126-WA0339.jpg",CITROEN,C3,2019,47000,KM,GASOLINE,MANUAL,HATCHBACK,Octavio Pinto 3024,Cordoba,Cordoba,5000,AR,-31.4167,-64.1833
142,RENAULT LOGAN II 1.6 16V LIFE L19,RENAULT LOGAN II 1.6 16V LIFE L19,AVAILABLE,USED,OTHER,20100000 ARS,https://caradvice.com.ar/autos/142,https://api-caradvice.duckdns.org/api/image?path=%2Fopt%2Fcaradvice-media%2Fimages%2Fautos%2F142%2F1758811760439.IMG-20250925-WA0077.jpg,"https://api-caradvice.duckdns.org/api/image?path=%2Fopt%2Fcaradvice-media%2Fimages%2Fautos%2F142%2F1758811760478.IMG-20250925-WA0080.jpg,https://api-caradvice.duckdns.org/api/image?path=%2Fopt%2Fcaradvice-media%2Fimages%2Fautos%2F142%2F1758811760619.IMG-20250925-WA0078.jpg,https://api-caradvice.duckdns.org/api/image?path=%2Fopt%2Fcaradvice-media%2Fimages%2Fautos%2F142%2F1758811760781.IMG-20250925-WA0082.jpg,https://api-caradvice.duckdns.org/api/image?path=%2Fopt%2Fcaradvice-media%2Fimages%2Fautos%2F142%2F1758811760900.IMG-20250925-WA0076.jpg,https://api-caradvice.duckdns.org/api/image?path=%2Fopt%2Fcaradvice-media%2Fimages%2Fautos%2F142%2F1758811760996.IMG-20250925-WA0079.jpg,https://api-caradvice.duckdns.org/api/image?path=%2Fopt%2Fcaradvice-media%2Fimages%2Fautos%2F142%2F1758811761076.IMG-20250925-WA0081.jpg,https://api-caradvice.duckdns.org/api/image?path=%2Fopt%2Fcaradvice-media%2Fimages%2Fautos%2F142%2F1758811761174.IMG-20250925-WA0083.jpg,https://api-caradvice.duckdns.org/api/image?path=%2Fopt%2Fcaradvice-media%2Fimages%2Fautos%2F142%2F1758811761273.IMG-20250925-WA0084.jpg,https://api-caradvice.duckdns.org/api/image?path=%2Fopt%2Fcaradvice-media%2Fimages%2Fautos%2F142%2F1758811761535.IMG-20250925-WA0085.jpg,https://api-caradvice.duckdns.org/api/image?path=%2Fopt%2Fcaradvice-media%2Fimages%2Fautos%2F142%2F1758811761570.IMG-20250925-WA0086.jpg",RENAULT,LOGAN,2022,62900,KM,GASOLINE,MANUAL,SEDAN,Octavio Pinto 3024,Cordoba,Cordoba,5000,AR,-31.4167,-64.1833
143,FIAT IDEA 1.6 ADVENTURE L10,FIAT IDEA 1.6 ADVENTURE L10,AVAILABLE,USED,OTHER,12500000 ARS,https://caradvice.com.ar/autos/143,https://api-caradvice.duckdns.org/api/image?path=%2Fopt%2Fcaradvice-media%2Fimages%2Fautos%2F143%2F1751413291501.df33d9c1-a165-41fa-97ab-86602eb14b17.JPG,"https://api-caradvice.duckdns.org/api/image?path=%2Fopt%2Fcaradvice-media%2Fimages%2Fautos%2F143%2F1751413291932.ba5aa7fd-b4dc-4990-b874-c3ba271e3422.JPG,https://api-caradvice.duckdns.org/api/image?path=%2Fopt%2Fcaradvice-media%2Fimages%2Fautos%2F143%2F1751413292126.0a01908d-dc84-48db-8a56-41e1dd34ae4b.JPG,https://api-caradvice.duckdns.org/api/image?path=%2Fopt%2Fcaradvice-media%2Fimages%2Fautos%2F143%2F1751413292226.30309dde-b754-42c6-9ab9-566de4a8677e.JPG,https://api-caradvice.duckdns.org/api/image?path=%2Fopt%2Fcaradvice-media%2Fimages%2Fautos%2F143%2F1751413292291.dc1e39f9-db6e-47fe-ad4a-9bd2ddbc49c1.JPG,https://api-caradvice.duckdns.org/api/image?path=%2Fopt%2Fcaradvice-media%2Fimages%2Fautos%2F143%2F1751413292385.2d380fb8-2d50-414c-80dd-b365b536545c.JPG,https://api-caradvice.duckdns.org/api/image?path=%2Fopt%2Fcaradvice-media%2Fimages%2Fautos%2F143%2F1751413292427.1f99744d-9e49-4cb1-aab8-45ff3391a964.JPG,https://api-caradvice.duckdns.org/api/image?path=%2Fopt%2Fcaradvice-media%2Fimages%2Fautos%2F143%2F1751413292455.9d4abb50-111b-46da-bbdd-a2190bf89426.JPG,https://api-caradvice.duckdns.org/api/image?path=%2Fopt%2Fcaradvice-media%2Fimages%2Fautos%2F143%2F1751413292503.27a84978-932e-4701-9424-05202d55abc6.JPG,https://api-caradvice.duckdns.org/api/image?path=%2Fopt%2Fcaradvice-media%2Fimages%2Fautos%2F143%2F1751413292536.57da067c-fe24-4ea2-bd50-b2f38661feb4.JPG,https://api-caradvice.duckdns.org/api/image?path=%2Fopt%2Fcaradvice-media%2Fimages%2Fautos%2F143%2F1751413292571.63c47e8b-ab9a-4fa7-b8a8-22cfe64d41f0.JPG",FIAT,IDEA,2011,200500,KM,GASOLINE,MANUAL,WAGON,Octavio Pinto 3024,Cordoba,Cordoba,5000,AR,-31.4167,-64.1833
144,HYUNDAI GRAND SANTA FE 2.2 CRDI GLS AT6 7P L18,HYUNDAI GRAND SANTA FE 2.2 CRDI GLS AT6 7P L18,AVAILABLE,USED,OTHER,31000 USD,https://caradvice.com.ar/autos/144,https://api-caradvice.duckdns.org/api/image?path=%2Fopt%2Fcaradvice-media%2Fimages%2Fautos%2F144%2F1756772116384.5e183b3d-9940-4e3d-b064-79b38a5a2624.JPG,"https://api-caradvice.duckdns.org/api/image?path=%2Fopt%2Fcaradvice-media%2Fimages%2Fautos%2F144%2F1756772116736.93b0bf6c-d7ea-4849-a8fe-9248a1c2f2ce.JPG,https://api-caradvice.duckdns.org/api/image?path=%2Fopt%2Fcaradvice-media%2Fimages%2Fautos%2F144%2F1756772116907.c88c6066-c01b-4782-9135-7ca7ff12599e.JPG,https://api-caradvice.duckdns.org/api/image?path=%2Fopt%2Fcaradvice-media%2Fimages%2Fautos%2F144%2F1756772117025.04e0ef87-4d58-4a71-9eb9-f65dbf6e2084.JPG,https://api-caradvice.duckdns.org/api/image?path=%2Fopt%2Fcaradvice-media%2Fimages%2Fautos%2F144%2F1756772117096.8b29cada-7ee0-48eb-b0e6-be22c97d8ef2.JPG,https://api-caradvice.duckdns.org/api/image?path=%2Fopt%2Fcaradvice-media%2Fimages%2Fautos%2F144%2F1756772117144.ebaca83b-2999-4200-b0a8-fa88e5d00ce9.JPG,https://api-caradvice.duckdns.org/api/image?path=%2Fopt%2Fcaradvice-media%2Fimages%2Fautos%2F144%2F1756772117225.1caaff3a-4715-4de4-9eca-4d75e84f8d2d.JPG,https://api-caradvice.duckdns.org/api/image?path=%2Fopt%2Fcaradvice-media%2Fimages%2Fautos%2F144%2F1756772117272.8c8fac19-deb8-42a3-b8a3-b4591b8e3501.JPG,https://api-caradvice.duckdns.org/api/image?path=%2Fopt%2Fcaradvice-media%2Fimages%2Fautos%2F144%2F1756772117306.46c72cc3-4481-4358-86bd-c948bc218397.JPG,https://api-caradvice.duckdns.org/api/image?path=%2Fopt%2Fcaradvice-media%2Fimages%2Fautos%2F144%2F1756772117336.129c01fc-9e0f-48ac-8b8d-d817ab846fd3.JPG,https://api-caradvice.duckdns.org/api/image?path=%2Fopt%2Fcaradvice-media%2Fimages%2Fautos%2F144%2F1756772117395.6869b3b9-2183-4a5a-9354-1ec1e8b30195.JPG",HYUNDAI,GRAND SANTA FE,2018,119300,KM,DIESEL,AUTOMATIC,SUV,Octavio Pinto 3024,Cordoba,Cordoba,5000,AR,-31.4167,-64.1833
145,RENAULT DUSTER 1.6 4X2 PRIVILEGE L15,RENAULT DUSTER 1.6 4X2 PRIVILEGE L15,AVAILABLE,USED,OTHER,19500000 ARS,https://caradvice.com.ar/autos/145,https://api-caradvice.duckdns.org/api/image?path=%2Fopt%2Fcaradvice-media%2Fimages%2Fautos%2F145%2F1766163918553.WhatsApp%20Image%202025-12-19%20at%2012.08.45%20(2).jpeg,"https://api-caradvice.duckdns.org/api/image?path=%2Fopt%2Fcaradvice-media%2Fimages%2Fautos%2F145%2F1766163918693.WhatsApp%20Image%202025-12-19%20at%2012.08.46.jpeg,https://api-caradvice.duckdns.org/api/image?path=%2Fopt%2Fcaradvice-media%2Fimages%2Fautos%2F145%2F1766163918941.WhatsApp%20Image%202025-12-19%20at%2012.08.44.jpeg,https://api-caradvice.duckdns.org/api/image?path=%2Fopt%2Fcaradvice-media%2Fimages%2Fautos%2F145%2F1766163919097.WhatsApp%20Image%202025-12-19%20at%2012.08.44%20(1).jpeg,https://api-caradvice.duckdns.org/api/image?path=%2Fopt%2Fcaradvice-media%2Fimages%2Fautos%2F145%2F1766163919253.WhatsApp%20Image%202025-12-19%20at%2012.08.43.jpeg,https://api-caradvice.duckdns.org/api/image?path=%2Fopt%2Fcaradvice-media%2Fimages%2Fautos%2F145%2F1766163919399.WhatsApp%20Image%202025-12-19%20at%2012.08.43%20(1).jpeg,https://api-caradvice.duckdns.org/api/image?path=%2Fopt%2Fcaradvice-media%2Fimages%2Fautos%2F145%2F1766163919552.WhatsApp%20Image%202025-12-19%20at%2012.08.45%20(1).jpeg,https://api-caradvice.duckdns.org/api/image?path=%2Fopt%2Fcaradvice-media%2Fimages%2Fautos%2F145%2F1766163919683.WhatsApp%20Image%202025-12-19%20at%2012.08.45.jpeg,https://api-caradvice.duckdns.org/api/image?path=%2Fopt%2Fcaradvice-media%2Fimages%2Fautos%2F145%2F1766163919869.WhatsApp%20Image%202025-12-19%20at%2012.08.46%20(1).jpeg,https://api-caradvice.duckdns.org/api/image?path=%2Fopt%2Fcaradvice-media%2Fimages%2Fautos%2F145%2F1766163920024.WhatsApp%20Image%202025-12-19%20at%2012.08.48%20(1).jpeg,https://api-caradvice.duckdns.org/api/image?path=%2Fopt%2Fcaradvice-media%2Fimages%2Fautos%2F145%2F1766163920137.WhatsApp%20Image%202025-12-19%20at%2012.08.51%20(1).jpeg",RENAULT,DUSTER,2016,152200,KM,OTHER,MANUAL,SUV,Octavio Pinto 3024,Cordoba,Cordoba,5000,AR,-31.4167,-64.1833
146,TOYOTA HILUX 2.8 TDI 4X2 DC SRX AT6 L16,TOYOTA HILUX 2.8 TDI 4X2 DC SRX AT6 L16,AVAILABLE,USED,OTHER,36500 USD,https://caradvice.com.ar/autos/146,https://api-caradvice.duckdns.org/api/image?path=%2Fopt%2Fcaradvice-media%2Fimages%2Fautos%2F146%2F1751489094190.55fb88fd-f361-4caf-bcd9-369d81ae794a.jpeg,"https://api-caradvice.duckdns.org/api/image?path=%2Fopt%2Fcaradvice-media%2Fimages%2Fautos%2F146%2F1751489095044.cfdae514-8aa9-40b1-a6e5-e3cfede1e830.jpeg,https://api-caradvice.duckdns.org/api/image?path=%2Fopt%2Fcaradvice-media%2Fimages%2Fautos%2F146%2F1751489095592.5223dc3f-ab2e-4c1e-8d8c-4eaf7b9f8247.jpeg,https://api-caradvice.duckdns.org/api/image?path=%2Fopt%2Fcaradvice-media%2Fimages%2Fautos%2F146%2F1751489096214.04f87aac-5581-4595-ad3b-dcec897993a6.jpeg,https://api-caradvice.duckdns.org/api/image?path=%2Fopt%2Fcaradvice-media%2Fimages%2Fautos%2F146%2F1751489096881.8d9345f9-833c-40f3-9d85-fdfc3a7a01d3.jpeg,https://api-caradvice.duckdns.org/api/image?path=%2Fopt%2Fcaradvice-media%2Fimages%2Fautos%2F146%2F1751489097684.abcfb482-5cde-4e91-b200-6526b2865b7d.jpeg,https://api-caradvice.duckdns.org/api/image?path=%2Fopt%2Fcaradvice-media%2Fimages%2Fautos%2F146%2F1751489098537.114250c2-40a8-4ff2-9753-fccf43634fc0.jpeg,https://api-caradvice.duckdns.org/api/image?path=%2Fopt%2Fcaradvice-media%2Fimages%2Fautos%2F146%2F1751489098946.431e579a-5a7d-43dd-bf0a-6a96adf4e16c.jpeg,https://api-caradvice.duckdns.org/api/image?path=%2Fopt%2Fcaradvice-media%2Fimages%2Fautos%2F146%2F1751489099693.b1d5cba6-d0eb-468f-9b49-9b51c417d4aa.jpeg,https://api-caradvice.duckdns.org/api/image?path=%2Fopt%2Fcaradvice-media%2Fimages%2Fautos%2F146%2F1751489100459.aa7b7ea8-ba1d-433c-bc7d-0f9bce4d0bbc.jpeg,https://api-caradvice.duckdns.org/api/image?path=%2Fopt%2Fcaradvice-media%2Fimages%2Fautos%2F146%2F1751489101321.cc003d52-2916-4b8e-8ef3-1ed7351eab04.jpeg",TOYOTA,HILUX,2019,78500,KM,DIESEL,AUTOMATIC,PICKUP,Octavio Pinto 3024,Cordoba,Cordoba,5000,AR,-31.4167,-64.1833
147,BMW 118 I SPORT 5P AT,BMW 118 I SPORT 5P AT,AVAILABLE,USED,OTHER,40500000 ARS,https://caradvice.com.ar/autos/147,https://api-caradvice.duckdns.org/api/image?path=%2Fopt%2Fcaradvice-media%2Fimages%2Fautos%2F147%2F1763759296434.IMG-20251121-WA0349.jpg,"https://api-caradvice.duckdns.org/api/image?path=%2Fopt%2Fcaradvice-media%2Fimages%2Fautos%2F147%2F1763759296554.IMG-20251121-WA0336.jpg,https://api-caradvice.duckdns.org/api/image?path=%2Fopt%2Fcaradvice-media%2Fimages%2Fautos%2F147%2F1763759296574.IMG-20251121-WA0350.jpg,https://api-caradvice.duckdns.org/api/image?path=%2Fopt%2Fcaradvice-media%2Fimages%2Fautos%2F147%2F1763759296619.IMG-20251121-WA0337.jpg,https://api-caradvice.duckdns.org/api/image?path=%2Fopt%2Fcaradvice-media%2Fimages%2Fautos%2F147%2F1763759296668.IMG-20251121-WA0343.jpg,https://api-caradvice.duckdns.org/api/image?path=%2Fopt%2Fcaradvice-media%2Fimages%2Fautos%2F147%2F1763759296671.IMG-20251121-WA0334.jpg,https://api-caradvice.duckdns.org/api/image?path=%2Fopt%2Fcaradvice-media%2Fimages%2Fautos%2F147%2F1763759296682.IMG-20251121-WA0342.jpg,https://api-caradvice.duckdns.org/api/image?path=%2Fopt%2Fcaradvice-media%2Fimages%2Fautos%2F147%2F1763759296705.IMG-20251121-WA0341.jpg,https://api-caradvice.duckdns.org/api/image?path=%2Fopt%2Fcaradvice-media%2Fimages%2Fautos%2F147%2F1763759296822.IMG-20251121-WA0344.jpg,https://api-caradvice.duckdns.org/api/image?path=%2Fopt%2Fcaradvice-media%2Fimages%2Fautos%2F147%2F1763759296908.IMG-20251121-WA0339.jpg,https://api-caradvice.duckdns.org/api/image?path=%2Fopt%2Fcaradvice-media%2Fimages%2Fautos%2F147%2F1763759297210.IMG-20251121-WA0340.jpg",BMW,118,2018,76000,KM,GASOLINE,AUTOMATIC,HATCHBACK,Octavio Pinto 3024,Cordoba,Cordoba,5000,AR,-31.4167,-64.1833
148,VOLKSWAGEN GOL 1.6 TREND TRENDLINE 5P L16,VOLKSWAGEN GOL 1.6 TREND TRENDLINE 5P L16,AVAILABLE,USED,OTHER,20500000 ARS,https://caradvice.com.ar/autos/148,https://api-caradvice.duckdns.org/api/image?path=%2Fopt%2Fcaradvice-media%2Fimages%2Fautos%2F148%2F1759938068683.IMG-20251008-WA0143.jpg,"https://api-caradvice.duckdns.org/api/image?path=%2Fopt%2Fcaradvice-media%2Fimages%2Fautos%2F148%2F1759938068716.IMG-20251008-WA0145.jpg,https://api-caradvice.duckdns.org/api/image?path=%2Fopt%2Fcaradvice-media%2Fimages%2Fautos%2F148%2F1759938068720.IMG-20251008-WA0141.jpg,https://api-caradvice.duckdns.org/api/image?path=%2Fopt%2Fcaradvice-media%2Fimages%2Fautos%2F148%2F1759938068796.IMG-20251008-WA0146.jpg,https://api-caradvice.duckdns.org/api/image?path=%2Fopt%2Fcaradvice-media%2Fimages%2Fautos%2F148%2F1759938068848.IMG-20251008-WA0142.jpg,https://api-caradvice.duckdns.org/api/image?path=%2Fopt%2Fcaradvice-media%2Fimages%2Fautos%2F148%2F1759938068877.IMG-20251008-WA0144.jpg,https://api-caradvice.duckdns.org/api/image?path=%2Fopt%2Fcaradvice-media%2Fimages%2Fautos%2F148%2F1759938068936.IMG-20251008-WA0150.jpg,https://api-caradvice.duckdns.org/api/image?path=%2Fopt%2Fcaradvice-media%2Fimages%2Fautos%2F148%2F1759938068969.IMG-20251008-WA0147.jpg,https://api-caradvice.duckdns.org/api/image?path=%2Fopt%2Fcaradvice-media%2Fimages%2Fautos%2F148%2F1759938069036.IMG-20251008-WA0148.jpg,https://api-caradvice.duckdns.org/api/image?path=%2Fopt%2Fcaradvice-media%2Fimages%2Fautos%2F148%2F1759938069084.IMG-20251008-WA0152.jpg,https://api-caradvice.duckdns.org/api/image?path=%2Fopt%2Fcaradvice-media%2Fimages%2Fautos%2F148%2F1759938069145.IMG-20251008-WA0149.jpg",VOLKSWAGEN,GOL,2020,56700,KM,GASOLINE,MANUAL,HATCHBACK,Octavio Pinto 3024,Cordoba,Cordoba,5000,AR,-31.4167,-64.1833
149,RENAULT DUSTER 1.3 T 4X2 ICONIC CVT,RENAULT DUSTER 1.3 T 4X2 ICONIC CVT,AVAILABLE,USED,OTHER,34500000 ARS,https://caradvice.com.ar/autos/149,https://api-caradvice.duckdns.org/api/image?path=%2Fopt%2Fcaradvice-media%2Fimages%2Fautos%2F149%2F1751845592637.b29e5d5e-6f7a-4a85-8a2c-b9ee9358b197.JPG,"https://api-caradvice.duckdns.org/api/image?path=%2Fopt%2Fcaradvice-media%2Fimages%2Fautos%2F149%2F1751845593417.eb97d7c3-f053-4819-b2f8-1a831d8d848f.JPG,https://api-caradvice.duckdns.org/api/image?path=%2Fopt%2Fcaradvice-media%2Fimages%2Fautos%2F149%2F1751845593605.a936ea06-bbfc-44bf-800f-53a48add1dd2.JPG,https://api-caradvice.duckdns.org/api/image?path=%2Fopt%2Fcaradvice-media%2Fimages%2Fautos%2F149%2F1751845593751.e68b504d-ace4-4e27-b806-5b62ba099519.JPG,https://api-caradvice.duckdns.org/api/image?path=%2Fopt%2Fcaradvice-media%2Fimages%2Fautos%2F149%2F1751845593987.346df06e-29dc-49a4-a20f-3cd1f6828f4f.JPG,https://api-caradvice.duckdns.org/api/image?path=%2Fopt%2Fcaradvice-media%2Fimages%2Fautos%2F149%2F1751845594094.99a725ef-564b-4586-84c9-b74b49d60df3.JPG,https://api-caradvice.duckdns.org/api/image?path=%2Fopt%2Fcaradvice-media%2Fimages%2Fautos%2F149%2F1751845594194.6d0ab3fc-3f4b-4cb8-8ea7-08b7a547dbf8.JPG,https://api-caradvice.duckdns.org/api/image?path=%2Fopt%2Fcaradvice-media%2Fimages%2Fautos%2F149%2F1751845594298.cca69273-de1a-44e1-ad29-2536dd07ac4b.JPG,https://api-caradvice.duckdns.org/api/image?path=%2Fopt%2Fcaradvice-media%2Fimages%2Fautos%2F149%2F1751845594590.3f2a42d2-72a2-425e-87b2-c5c27c3d9b42.JPG,https://api-caradvice.duckdns.org/api/image?path=%2Fopt%2Fcaradvice-media%2Fimages%2Fautos%2F149%2F1751845594620.99c10c60-9c89-449a-9e71-37d192fadf33.JPG,https://api-caradvice.duckdns.org/api/image?path=%2Fopt%2Fcaradvice-media%2Fimages%2Fautos%2F149%2F1751845594745.ac0aa5b5-7a84-4312-8da7-cfecf1ae711e.JPG",RENAULT,DUSTER,2024,15000,KM,GASOLINE,AUTOMATIC,SUV,Octavio Pinto 3024,Cordoba,Cordoba,5000,AR,-31.4167,-64.1833
150,PEUGEOT 2008 1.0 T 200 GT CVT L24,PEUGEOT 2008 1.0 T 200 GT CVT L24,AVAILABLE,USED,OTHER,41900000 ARS,https://caradvice.com.ar/autos/150,https://api-caradvice.duckdns.org/api/image?path=%2Fopt%2Fcaradvice-media%2Fimages%2Fautos%2F150%2F1755539736341.00099a3f-f79c-42bf-934f-fe50da3163ed.jpeg,"https://api-caradvice.duckdns.org/api/image?path=%2Fopt%2Fcaradvice-media%2Fimages%2Fautos%2F150%2F1755539736429.d0da2f48-273c-426b-b0fa-653f961bbec2.jpeg,https://api-caradvice.duckdns.org/api/image?path=%2Fopt%2Fcaradvice-media%2Fimages%2Fautos%2F150%2F1755539736582.698a9eec-3979-442a-b097-2431f15fc16e.jpeg,https://api-caradvice.duckdns.org/api/image?path=%2Fopt%2Fcaradvice-media%2Fimages%2Fautos%2F150%2F1755539736687.a2ad331b-247f-4e61-9d19-d6feff3fd577.jpeg,https://api-caradvice.duckdns.org/api/image?path=%2Fopt%2Fcaradvice-media%2Fimages%2Fautos%2F150%2F1755539736750.e382b2a4-baa1-4eeb-8307-4318f56604fd.jpeg,https://api-caradvice.duckdns.org/api/image?path=%2Fopt%2Fcaradvice-media%2Fimages%2Fautos%2F150%2F1755539736843.8a72325e-8129-4f13-84a2-3b9d59a887d6.jpeg,https://api-caradvice.duckdns.org/api/image?path=%2Fopt%2Fcaradvice-media%2Fimages%2Fautos%2F150%2F1755539736877.5c1e500d-3c20-4b57-8201-b06cfda6ded5.jpeg,https://api-caradvice.duckdns.org/api/image?path=%2Fopt%2Fcaradvice-media%2Fimages%2Fautos%2F150%2F1755539736915.4291b7e5-d4db-41df-a64e-45b765027d8a.jpeg,https://api-caradvice.duckdns.org/api/image?path=%2Fopt%2Fcaradvice-media%2Fimages%2Fautos%2F150%2F1755539736955.d56b7d89-4be9-4a79-8049-0bdaf9cfa122.jpeg,https://api-caradvice.duckdns.org/api/image?path=%2Fopt%2Fcaradvice-media%2Fimages%2Fautos%2F150%2F1755539736968.acf3a37f-e9cf-426f-86c0-5c7e81400f55.jpeg,https://api-caradvice.duckdns.org/api/image?path=%2Fopt%2Fcaradvice-media%2Fimages%2Fautos%2F150%2F1755539737029.81fcc335-060f-4e0b-928b-7cda758e3322.jpeg",PEUGEOT,2008,2025,0,KM,GASOLINE,AUTOMATIC,SUV,Octavio Pinto 3024,Cordoba,Cordoba,5000,AR,-31.4167,-64.1833
151,VOLKSWAGEN GOL 1.6 TREND SPORTLINE 5P L15,VOLKSWAGEN GOL 1.6 TREND SPORTLINE 5P L15,AVAILABLE,USED,OTHER,16400000 ARS,https://caradvice.com.ar/autos/151,https://api-caradvice.duckdns.org/api/image?path=%2Fopt%2Fcaradvice-media%2Fimages%2Fautos%2F151%2F1749594972217.051658c2-f326-4bbe-8e28-328f387f3266.JPG,"https://api-caradvice.duckdns.org/api/image?path=%2Fopt%2Fcaradvice-media%2Fimages%2Fautos%2F151%2F1749594972541.641cb82a-f8f5-4b0a-a848-94ed4f1e0052.JPG,https://api-caradvice.duckdns.org/api/image?path=%2Fopt%2Fcaradvice-media%2Fimages%2Fautos%2F151%2F1749594972709.d27380f4-2711-44f6-9169-42dca52cd8a5.JPG,https://api-caradvice.duckdns.org/api/image?path=%2Fopt%2Fcaradvice-media%2Fimages%2Fautos%2F151%2F1749594972782.1f6b114f-74cc-490d-9706-79f1913231cd.JPG,https://api-caradvice.duckdns.org/api/image?path=%2Fopt%2Fcaradvice-media%2Fimages%2Fautos%2F151%2F1749594972889.9f4faff9-21d9-4b38-b837-12645236c71d.JPG,https://api-caradvice.duckdns.org/api/image?path=%2Fopt%2Fcaradvice-media%2Fimages%2Fautos%2F151%2F1749594972937.ddf00df8-4d40-4beb-81d1-165dcafd08cd.JPG,https://api-caradvice.duckdns.org/api/image?path=%2Fopt%2Fcaradvice-media%2Fimages%2Fautos%2F151%2F1749594972974.3da732ea-f2aa-413a-9112-1c85b058b6c5.JPG,https://api-caradvice.duckdns.org/api/image?path=%2Fopt%2Fcaradvice-media%2Fimages%2Fautos%2F151%2F1749594973053.569e21c8-9329-421b-9887-cf39504071ca.JPG,https://api-caradvice.duckdns.org/api/image?path=%2Fopt%2Fcaradvice-media%2Fimages%2Fautos%2F151%2F1749594973081.747c571c-d87b-4899-827a-4b4f03b2173e.JPG,https://api-caradvice.duckdns.org/api/image?path=%2Fopt%2Fcaradvice-media%2Fimages%2Fautos%2F151%2F1749594973101.4784f18f-ea12-43eb-86b9-f168f25ed068.JPG,https://api-caradvice.duckdns.org/api/image?path=%2Fopt%2Fcaradvice-media%2Fimages%2Fautos%2F151%2F1749594973125.7479b33f-e1e7-4bfd-87bb-16113c51a4ba.JPG",VOLKSWAGEN,GOL,2016,142500,KM,GASOLINE,MANUAL,HATCHBACK,Octavio Pinto 3024,Cordoba,Cordoba,5000,AR,-31.4167,-64.1833
152,FORD FOCUS 1.6 S 5P L16,FORD FOCUS 1.6 S 5P L16,AVAILABLE,USED,OTHER,19900000 ARS,https://caradvice.com.ar/autos/152,https://api-caradvice.duckdns.org/api/image?path=%2Fopt%2Fcaradvice-media%2Fimages%2Fautos%2F152%2F1765480670299.IMG-20251211-WA0322.jpg,"https://api-caradvice.duckdns.org/api/image?path=%2Fopt%2Fcaradvice-media%2Fimages%2Fautos%2F152%2F1765480670591.IMG-20251211-WA0324.jpg,https://api-caradvice.duckdns.org/api/image?path=%2Fopt%2Fcaradvice-media%2Fimages%2Fautos%2F152%2F1765480671438.IMG-20251211-WA0321.jpg,https://api-caradvice.duckdns.org/api/image?path=%2Fopt%2Fcaradvice-media%2Fimages%2Fautos%2F152%2F1765480673133.IMG-20251211-WA0326.jpg,https://api-caradvice.duckdns.org/api/image?path=%2Fopt%2Fcaradvice-media%2Fimages%2Fautos%2F152%2F1765480673498.IMG-20251211-WA0320.jpg,https://api-caradvice.duckdns.org/api/image?path=%2Fopt%2Fcaradvice-media%2Fimages%2Fautos%2F152%2F1765480673799.IMG-20251211-WA0323.jpg,https://api-caradvice.duckdns.org/api/image?path=%2Fopt%2Fcaradvice-media%2Fimages%2Fautos%2F152%2F1765480674158.IMG-20251211-WA0325.jpg,https://api-caradvice.duckdns.org/api/image?path=%2Fopt%2Fcaradvice-media%2Fimages%2Fautos%2F152%2F1765480674558.IMG-20251211-WA0327.jpg,https://api-caradvice.duckdns.org/api/image?path=%2Fopt%2Fcaradvice-media%2Fimages%2Fautos%2F152%2F1765480674940.IMG-20251211-WA0328.jpg,https://api-caradvice.duckdns.org/api/image?path=%2Fopt%2Fcaradvice-media%2Fimages%2Fautos%2F152%2F1765480675422.IMG-20251211-WA0330.jpg,https://api-caradvice.duckdns.org/api/image?path=%2Fopt%2Fcaradvice-media%2Fimages%2Fautos%2F152%2F1765480676156.IMG-20251211-WA0331.jpg",FORD,FOCUS,2017,86600,KM,GASOLINE,MANUAL,HATCHBACK,Octavio Pinto 3024,Cordoba,Cordoba,5000,AR,-31.4167,-64.1833
153,FIAT TORO 1.3 T 4X2 FREEDOM AT6,FIAT TORO 1.3 T 4X2 FREEDOM AT6,AVAILABLE,USED,OTHER,43500000 ARS,https://caradvice.com.ar/autos/153,https://api-caradvice.duckdns.org/api/image?path=%2Fopt%2Fcaradvice-media%2Fimages%2Fautos%2F153%2F1758038498213.IMG-20250915-WA0734.jpg,"https://api-caradvice.duckdns.org/api/image?path=%2Fopt%2Fcaradvice-media%2Fimages%2Fautos%2F153%2F1758038498400.IMG-20250915-WA0715.jpg,https://api-caradvice.duckdns.org/api/image?path=%2Fopt%2Fcaradvice-media%2Fimages%2Fautos%2F153%2F1758038498844.IMG-20250915-WA0719.jpg,https://api-caradvice.duckdns.org/api/image?path=%2Fopt%2Fcaradvice-media%2Fimages%2Fautos%2F153%2F1758038499092.IMG-20250915-WA0710.jpg,https://api-caradvice.duckdns.org/api/image?path=%2Fopt%2Fcaradvice-media%2Fimages%2Fautos%2F153%2F1758038499554.IMG-20250915-WA0720.jpg,https://api-caradvice.duckdns.org/api/image?path=%2Fopt%2Fcaradvice-media%2Fimages%2Fautos%2F153%2F1758038501908.IMG-20250915-WA0716.jpg,https://api-caradvice.duckdns.org/api/image?path=%2Fopt%2Fcaradvice-media%2Fimages%2Fautos%2F153%2F1758038503521.IMG-20250915-WA0725.jpg,https://api-caradvice.duckdns.org/api/image?path=%2Fopt%2Fcaradvice-media%2Fimages%2Fautos%2F153%2F1758038503931.IMG-20250915-WA0726.jpg,https://api-caradvice.duckdns.org/api/image?path=%2Fopt%2Fcaradvice-media%2Fimages%2Fautos%2F153%2F1758038505050.IMG-20250915-WA0717.jpg,https://api-caradvice.duckdns.org/api/image?path=%2Fopt%2Fcaradvice-media%2Fimages%2Fautos%2F153%2F1758038506543.IMG-20250915-WA0727.jpg,https://api-caradvice.duckdns.org/api/image?path=%2Fopt%2Fcaradvice-media%2Fimages%2Fautos%2F153%2F1758038507972.IMG-20250915-WA0712.jpg",FIAT,TORO,2025,0,KM,GASOLINE,AUTOMATIC,PICKUP,Octavio Pinto 3024,Cordoba,Cordoba,5000,AR,-31.4167,-64.1833
154,MERCEDES BENZ A 200 PROGRESSIVE L18,MERCEDES BENZ A 200 PROGRESSIVE L18,AVAILABLE,USED,OTHER,40000 USD,https://caradvice.com.ar/autos/154,https://api-caradvice.duckdns.org/api/image?path=%2Fopt%2Fcaradvice-media%2Fimages%2Fautos%2F154%2F1760718764357.IMG-20251017-WA0332.jpg,"https://api-caradvice.duckdns.org/api/image?path=%2Fopt%2Fcaradvice-media%2Fimages%2Fautos%2F154%2F1760718764723.IMG-20251017-WA0331.jpg,https://api-caradvice.duckdns.org/api/image?path=%2Fopt%2Fcaradvice-media%2Fimages%2Fautos%2F154%2F1760718764896.IMG-20251017-WA0325.jpg,https://api-caradvice.duckdns.org/api/image?path=%2Fopt%2Fcaradvice-media%2Fimages%2Fautos%2F154%2F1760718765290.IMG-20251017-WA0328.jpg,https://api-caradvice.duckdns.org/api/image?path=%2Fopt%2Fcaradvice-media%2Fimages%2Fautos%2F154%2F1760718765915.IMG-20251017-WA0329.jpg,https://api-caradvice.duckdns.org/api/image?path=%2Fopt%2Fcaradvice-media%2Fimages%2Fautos%2F154%2F1760718766124.IMG-20251017-WA0330.jpg,https://api-caradvice.duckdns.org/api/image?path=%2Fopt%2Fcaradvice-media%2Fimages%2Fautos%2F154%2F1760718766425.IMG-20251017-WA0327.jpg,https://api-caradvice.duckdns.org/api/image?path=%2Fopt%2Fcaradvice-media%2Fimages%2Fautos%2F154%2F1760718766610.IMG-20251017-WA0326.jpg,https://api-caradvice.duckdns.org/api/image?path=%2Fopt%2Fcaradvice-media%2Fimages%2Fautos%2F154%2F1760718766763.IMG-20251017-WA0345.jpg,https://api-caradvice.duckdns.org/api/image?path=%2Fopt%2Fcaradvice-media%2Fimages%2Fautos%2F154%2F1760718766974.IMG-20251017-WA0336.jpg,https://api-caradvice.duckdns.org/api/image?path=%2Fopt%2Fcaradvice-media%2Fimages%2Fautos%2F154%2F1760718767187.IMG-20251017-WA0337.jpg",MERCEDES BENZ,A,2019,88500,KM,GASOLINE,AUTOMATIC,HATCHBACK,Octavio Pinto 3024,Cordoba,Cordoba,5000,AR,-31.4167,-64.1833
155,PEUGEOT 208 1.6 FELINE TIPTRONIC L24,PEUGEOT 208 1.6 FELINE TIPTRONIC L24,AVAILABLE,USED,OTHER,30000000 ARS,https://caradvice.com.ar/autos/155,https://api-caradvice.duckdns.org/api/image?path=%2Fopt%2Fcaradvice-media%2Fimages%2Fautos%2F155%2F1764688284392.IMG-20251202-WA0072.jpg,"https://api-caradvice.duckdns.org/api/image?path=%2Fopt%2Fcaradvice-media%2Fimages%2Fautos%2F155%2F1764688285787.IMG-20251202-WA0076.jpg,https://api-caradvice.duckdns.org/api/image?path=%2Fopt%2Fcaradvice-media%2Fimages%2Fautos%2F155%2F1764688286270.IMG-20251202-WA0074.jpg,https://api-caradvice.duckdns.org/api/image?path=%2Fopt%2Fcaradvice-media%2Fimages%2Fautos%2F155%2F1764688286684.IMG-20251202-WA0077.jpg,https://api-caradvice.duckdns.org/api/image?path=%2Fopt%2Fcaradvice-media%2Fimages%2Fautos%2F155%2F1764688286928.IMG-20251202-WA0075.jpg,https://api-caradvice.duckdns.org/api/image?path=%2Fopt%2Fcaradvice-media%2Fimages%2Fautos%2F155%2F1764688287158.IMG-20251202-WA0073.jpg,https://api-caradvice.duckdns.org/api/image?path=%2Fopt%2Fcaradvice-media%2Fimages%2Fautos%2F155%2F1764688287396.IMG-20251202-WA0078.jpg,https://api-caradvice.duckdns.org/api/image?path=%2Fopt%2Fcaradvice-media%2Fimages%2Fautos%2F155%2F1764688287520.IMG-20251202-WA0079.jpg,https://api-caradvice.duckdns.org/api/image?path=%2Fopt%2Fcaradvice-media%2Fimages%2Fautos%2F155%2F1764688287720.IMG-20251202-WA0080.jpg,https://api-caradvice.duckdns.org/api/image?path=%2Fopt%2Fcaradvice-media%2Fimages%2Fautos%2F155%2F1764688287877.IMG-20251202-WA0081.jpg,https://api-caradvice.duckdns.org/api/image?path=%2Fopt%2Fcaradvice-media%2Fimages%2Fautos%2F155%2F1764688288061.IMG-20251202-WA0082.jpg",PEUGEOT,208,2024,14600,KM,GASOLINE,AUTOMATIC,HATCHBACK,Octavio Pinto 3024,Cordoba,Cordoba,5000,AR,-31.4167,-64.1833
156,FIAT TORO 2.0 TDI 4X4 VOLCANO AT L16,FIAT TORO 2.0 TDI 4X4 VOLCANO AT L16,AVAILABLE,USED,OTHER,28000000 ARS,https://caradvice.com.ar/autos/156,https://api-caradvice.duckdns.org/api/image?path=%2Fopt%2Fcaradvice-media%2Fimages%2Fautos%2F156%2F1766165948922.WhatsApp%20Image%202025-12-19%20at%2014.22.34%20(1).jpeg,"https://api-caradvice.duckdns.org/api/image?path=%2Fopt%2Fcaradvice-media%2Fimages%2Fautos%2F156%2F1766165949139.WhatsApp%20Image%202025-12-19%20at%2014.22.34%20(2).jpeg,https://api-caradvice.duckdns.org/api/image?path=%2Fopt%2Fcaradvice-media%2Fimages%2Fautos%2F156%2F1766165949354.WhatsApp%20Image%202025-12-19%20at%2014.22.33.jpeg,https://api-caradvice.duckdns.org/api/image?path=%2Fopt%2Fcaradvice-media%2Fimages%2Fautos%2F156%2F1766165949733.WhatsApp%20Image%202025-12-19%20at%2014.22.35%20(1).jpeg,https://api-caradvice.duckdns.org/api/image?path=%2Fopt%2Fcaradvice-media%2Fimages%2Fautos%2F156%2F1766165950029.WhatsApp%20Image%202025-12-19%20at%2014.22.34.jpeg,https://api-caradvice.duckdns.org/api/image?path=%2Fopt%2Fcaradvice-media%2Fimages%2Fautos%2F156%2F1766165950291.WhatsApp%20Image%202025-12-19%20at%2014.22.35.jpeg,https://api-caradvice.duckdns.org/api/image?path=%2Fopt%2Fcaradvice-media%2Fimages%2Fautos%2F156%2F1766165950482.WhatsApp%20Image%202025-12-19%20at%2014.22.36%20(1).jpeg,https://api-caradvice.duckdns.org/api/image?path=%2Fopt%2Fcaradvice-media%2Fimages%2Fautos%2F156%2F1766165950652.WhatsApp%20Image%202025-12-19%20at%2014.22.35%20(2).jpeg,https://api-caradvice.duckdns.org/api/image?path=%2Fopt%2Fcaradvice-media%2Fimages%2Fautos%2F156%2F1766165950810.WhatsApp%20Image%202025-12-19%20at%2014.22.37%20(1).jpeg,https://api-caradvice.duckdns.org/api/image?path=%2Fopt%2Fcaradvice-media%2Fimages%2Fautos%2F156%2F1766165951000.WhatsApp%20Image%202025-12-19%20at%2014.22.36%20(2).jpeg,https://api-caradvice.duckdns.org/api/image?path=%2Fopt%2Fcaradvice-media%2Fimages%2Fautos%2F156%2F1766165951572.WhatsApp%20Image%202025-12-19%20at%2014.22.36.jpeg",FIAT,TORO,2017,89000,KM,DIESEL,AUTOMATIC,PICKUP,Octavio Pinto 3024,Cordoba,Cordoba,5000,AR,-31.4167,-64.1833
157,DS AUTOMOBILES DS3 1.2 T PURE TECH SO CHIC CABRIO L17,DS AUTOMOBILES DS3 1.2 T PURE TECH SO CHIC CABRIO L17,AVAILABLE,USED,OTHER,18900 USD,https://caradvice.com.ar/autos/157,https://api-caradvice.duckdns.org/api/image?path=%2Fopt%2Fcaradvice-media%2Fimages%2Fautos%2F157%2F1761681282179.IMG-20251028-WA0363.jpg,"https://api-caradvice.duckdns.org/api/image?path=%2Fopt%2Fcaradvice-media%2Fimages%2Fautos%2F157%2F1761681282210.IMG-20251028-WA0364.jpg,https://api-caradvice.duckdns.org/api/image?path=%2Fopt%2Fcaradvice-media%2Fimages%2Fautos%2F157%2F1761681282216.IMG-20251028-WA0362.jpg,https://api-caradvice.duckdns.org/api/image?path=%2Fopt%2Fcaradvice-media%2Fimages%2Fautos%2F157%2F1761681282228.IMG-20251028-WA0367.jpg,https://api-caradvice.duckdns.org/api/image?path=%2Fopt%2Fcaradvice-media%2Fimages%2Fautos%2F157%2F1761681282277.IMG-20251028-WA0361.jpg,https://api-caradvice.duckdns.org/api/image?path=%2Fopt%2Fcaradvice-media%2Fimages%2Fautos%2F157%2F1761681282331.IMG-20251028-WA0365.jpg,https://api-caradvice.duckdns.org/api/image?path=%2Fopt%2Fcaradvice-media%2Fimages%2Fautos%2F157%2F1761681282451.IMG-20251028-WA0366.jpg,https://api-caradvice.duckdns.org/api/image?path=%2Fopt%2Fcaradvice-media%2Fimages%2Fautos%2F157%2F1761681282540.IMG-20251028-WA0368.jpg,https://api-caradvice.duckdns.org/api/image?path=%2Fopt%2Fcaradvice-media%2Fimages%2Fautos%2F157%2F1761681282630.IMG-20251028-WA0370.jpg,https://api-caradvice.duckdns.org/api/image?path=%2Fopt%2Fcaradvice-media%2Fimages%2Fautos%2F157%2F1761681282707.IMG-20251028-WA0369.jpg,https://api-caradvice.duckdns.org/api/image?path=%2Fopt%2Fcaradvice-media%2Fimages%2Fautos%2F157%2F1761681282775.IMG-20251028-WA0371.jpg",DS AUTOMOBILES,DS3,2018,115000,KM,GASOLINE,AUTOMATIC,SPORTSCAR,Octavio Pinto 3024,Cordoba,Cordoba,5000,AR,-31.4167,-64.1833
159,VOLKSWAGEN UP! 1.0 PEPPER TSI 5P L17,VOLKSWAGEN UP! 1.0 PEPPER TSI 5P L17,AVAILABLE,USED,OTHER,21500000 ARS,https://caradvice.com.ar/autos/159,https://api-caradvice.duckdns.org/api/image?path=%2Fopt%2Fcaradvice-media%2Fimages%2Fautos%2F159%2F1764260122894.IMG-20251127-WA0136.jpg,"https://api-caradvice.duckdns.org/api/image?path=%2Fopt%2Fcaradvice-media%2Fimages%2Fautos%2F159%2F1764260122920.IMG-20251127-WA0140.jpg,https://api-caradvice.duckdns.org/api/image?path=%2Fopt%2Fcaradvice-media%2Fimages%2Fautos%2F159%2F1764260122989.IMG-20251127-WA0135.jpg,https://api-caradvice.duckdns.org/api/image?path=%2Fopt%2Fcaradvice-media%2Fimages%2Fautos%2F159%2F1764260123057.IMG-20251127-WA0139.jpg,https://api-caradvice.duckdns.org/api/image?path=%2Fopt%2Fcaradvice-media%2Fimages%2Fautos%2F159%2F1764260123106.IMG-20251127-WA0137.jpg,https://api-caradvice.duckdns.org/api/image?path=%2Fopt%2Fcaradvice-media%2Fimages%2Fautos%2F159%2F1764260123179.IMG-20251127-WA0138.jpg,https://api-caradvice.duckdns.org/api/image?path=%2Fopt%2Fcaradvice-media%2Fimages%2Fautos%2F159%2F1764260123254.IMG-20251127-WA0141.jpg,https://api-caradvice.duckdns.org/api/image?path=%2Fopt%2Fcaradvice-media%2Fimages%2Fautos%2F159%2F1764260123318.IMG-20251127-WA0142.jpg,https://api-caradvice.duckdns.org/api/image?path=%2Fopt%2Fcaradvice-media%2Fimages%2Fautos%2F159%2F1764260123425.IMG-20251127-WA0143.jpg,https://api-caradvice.duckdns.org/api/image?path=%2Fopt%2Fcaradvice-media%2Fimages%2Fautos%2F159%2F1764260123565.IMG-20251127-WA0144.jpg,https://api-caradvice.duckdns.org/api/image?path=%2Fopt%2Fcaradvice-media%2Fimages%2Fautos%2F159%2F1764260123621.IMG-20251127-WA0146.jpg",VOLKSWAGEN,UP!,2017,135000,KM,GASOLINE,MANUAL,HATCHBACK,Octavio Pinto 3024,Cordoba,Cordoba,5000,AR,-31.4167,-64.1833
160,KIA SPORTAGE 2.0 4X2 EX AT L17,KIA SPORTAGE 2.0 4X2 EX AT L17,AVAILABLE,USED,OTHER,28500000 ARS,https://caradvice.com.ar/autos/160,https://api-caradvice.duckdns.org/api/image?path=%2Fopt%2Fcaradvice-media%2Fimages%2Fautos%2F160%2F1739909294534.61e26f1d-c6ee-47cd-b882-8c0f4d290262%203.JPG,"https://api-caradvice.duckdns.org/api/image?path=%2Fopt%2Fcaradvice-media%2Fimages%2Fautos%2F160%2F1739909294975.a8a60747-ed35-4824-b9b6-4d0640967f63%203.JPG,https://api-caradvice.duckdns.org/api/image?path=%2Fopt%2Fcaradvice-media%2Fimages%2Fautos%2F160%2F1739909295153.05e7f018-9acd-4f3e-9b01-83b42f81ae0a%203.JPG,https://api-caradvice.duckdns.org/api/image?path=%2Fopt%2Fcaradvice-media%2Fimages%2Fautos%2F160%2F1739909295280.82e4bb92-58d0-437c-b5f3-23a857453238%203.JPG,https://api-caradvice.duckdns.org/api/image?path=%2Fopt%2Fcaradvice-media%2Fimages%2Fautos%2F160%2F1739909295345.da2c5c05-8d7a-49e4-83b5-a5adaa72eecc%203.JPG,https://api-caradvice.duckdns.org/api/image?path=%2Fopt%2Fcaradvice-media%2Fimages%2Fautos%2F160%2F1739909295435.a877605f-e319-4292-afa7-3da3b24ddc77%203.JPG,https://api-caradvice.duckdns.org/api/image?path=%2Fopt%2Fcaradvice-media%2Fimages%2Fautos%2F160%2F1739909295486.8ebfc157-2d16-4c59-9ac2-30acec0365de%203.JPG,https://api-caradvice.duckdns.org/api/image?path=%2Fopt%2Fcaradvice-media%2Fimages%2Fautos%2F160%2F1739909295508.78b663cf-de90-46d4-bbd6-fecf16901e0b%203.JPG,https://api-caradvice.duckdns.org/api/image?path=%2Fopt%2Fcaradvice-media%2Fimages%2Fautos%2F160%2F1739909295528.82c577b2-4db0-4072-9a4a-70b693a021b6%203.JPG,https://api-caradvice.duckdns.org/api/image?path=%2Fopt%2Fcaradvice-media%2Fimages%2Fautos%2F160%2F1739909295554.18645a90-f8f0-4ad1-b986-947814967b3c%203.JPG,https://api-caradvice.duckdns.org/api/image?path=%2Fopt%2Fcaradvice-media%2Fimages%2Fautos%2F160%2F1739909295609.894055b2-fd2a-4222-a818-5bb59f4d457e%203.JPG",KIA,SPORTAGE,2017,157000,KM,GASOLINE,AUTOMATIC,SUV,Octavio Pinto 3024,Cordoba,Cordoba,5000,AR,-31.4167,-64.1833
161,PEUGEOT 408 2.0 ALLURE L11,PEUGEOT 408 2.0 ALLURE L11,AVAILABLE,USED,OTHER,16400000 ARS,https://caradvice.com.ar/autos/161,https://api-caradvice.duckdns.org/api/image?path=%2Fopt%2Fcaradvice-media%2Fimages%2Fautos%2F161%2F1747254256962.fcc8e4f4-0e35-4d06-a296-170c7f6ff9ef.JPG,"https://api-caradvice.duckdns.org/api/image?path=%2Fopt%2Fcaradvice-media%2Fimages%2Fautos%2F161%2F1747254257015.65543937-f8e6-4c1e-a6e3-cb738360a638.JPG,https://api-caradvice.duckdns.org/api/image?path=%2Fopt%2Fcaradvice-media%2Fimages%2Fautos%2F161%2F1747254257068.4b25a71c-21bd-4557-ac97-c90633e58c5b.JPG,https://api-caradvice.duckdns.org/api/image?path=%2Fopt%2Fcaradvice-media%2Fimages%2Fautos%2F161%2F1747254257107.845d5c98-b9f2-4a68-b264-490689716af7.JPG,https://api-caradvice.duckdns.org/api/image?path=%2Fopt%2Fcaradvice-media%2Fimages%2Fautos%2F161%2F1747254257147.f7a7c282-7297-4235-9dd9-5d8cb2cd497b.JPG,https://api-caradvice.duckdns.org/api/image?path=%2Fopt%2Fcaradvice-media%2Fimages%2Fautos%2F161%2F1747254257188.b79fa723-15c1-4264-904f-05b45628b996.JPG,https://api-caradvice.duckdns.org/api/image?path=%2Fopt%2Fcaradvice-media%2Fimages%2Fautos%2F161%2F1747254257226.c5e42845-9bb3-44b5-9510-5c8bc339f919.JPG,https://api-caradvice.duckdns.org/api/image?path=%2Fopt%2Fcaradvice-media%2Fimages%2Fautos%2F161%2F1747254257272.4fcfd667-775b-4165-836c-0f34d1642ea4.JPG,https://api-caradvice.duckdns.org/api/image?path=%2Fopt%2Fcaradvice-media%2Fimages%2Fautos%2F161%2F1747254257327.73878e05-82e4-4361-baee-0ce303973833.JPG,https://api-caradvice.duckdns.org/api/image?path=%2Fopt%2Fcaradvice-media%2Fimages%2Fautos%2F161%2F1747254257366.40963471-9666-48fa-a289-10d2900332a8.JPG,https://api-caradvice.duckdns.org/api/image?path=%2Fopt%2Fcaradvice-media%2Fimages%2Fautos%2F161%2F1747254257395.ac8fcc3c-cfb6-402a-b5a3-492f0cbaf852.JPG",PEUGEOT,408,2013,214000,KM,OTHER,MANUAL,SEDAN,Octavio Pinto 3024,Cordoba,Cordoba,5000,AR,-31.4167,-64.1833
163,VOLKSWAGEN UP! 1.0 MOVE 5P L14,VOLKSWAGEN UP! 1.0 MOVE 5P L14,AVAILABLE,USED,OTHER,17500000 ARS,https://caradvice.com.ar/autos/163,https://api-caradvice.duckdns.org/api/image?path=%2Fopt%2Fcaradvice-media%2Fimages%2Fautos%2F163%2F1759952900039.IMG-20251008-WA0528.jpg,"https://api-caradvice.duckdns.org/api/image?path=%2Fopt%2Fcaradvice-media%2Fimages%2Fautos%2F163%2F1759952900177.IMG-20251008-WA0532.jpg,https://api-caradvice.duckdns.org/api/image?path=%2Fopt%2Fcaradvice-media%2Fimages%2Fautos%2F163%2F1759952900361.IMG-20251008-WA0530.jpg,https://api-caradvice.duckdns.org/api/image?path=%2Fopt%2Fcaradvice-media%2Fimages%2Fautos%2F163%2F1759952900551.IMG-20251008-WA0535.jpg,https://api-caradvice.duckdns.org/api/image?path=%2Fopt%2Fcaradvice-media%2Fimages%2Fautos%2F163%2F1759952900755.IMG-20251008-WA0529.jpg,https://api-caradvice.duckdns.org/api/image?path=%2Fopt%2Fcaradvice-media%2Fimages%2Fautos%2F163%2F1759952900963.IMG-20251008-WA0531.jpg,https://api-caradvice.duckdns.org/api/image?path=%2Fopt%2Fcaradvice-media%2Fimages%2Fautos%2F163%2F1759952901146.IMG-20251008-WA0533.jpg,https://api-caradvice.duckdns.org/api/image?path=%2Fopt%2Fcaradvice-media%2Fimages%2Fautos%2F163%2F1759952901302.IMG-20251008-WA0538.jpg,https://api-caradvice.duckdns.org/api/image?path=%2Fopt%2Fcaradvice-media%2Fimages%2Fautos%2F163%2F1759952901478.IMG-20251008-WA0537.jpg,https://api-caradvice.duckdns.org/api/image?path=%2Fopt%2Fcaradvice-media%2Fimages%2Fautos%2F163%2F1759952901642.IMG-20251008-WA0539.jpg,https://api-caradvice.duckdns.org/api/image?path=%2Fopt%2Fcaradvice-media%2Fimages%2Fautos%2F163%2F1759952901819.IMG-20251008-WA0540.jpg",VOLKSWAGEN,UP!,2018,63000,KM,GASOLINE,MANUAL,HATCHBACK,Octavio Pinto 3024,Cordoba,Cordoba,5000,AR,-31.4167,-64.1833
164,FORD RANGER 3.0 TD V6 DC 4X4 LTD+ PLUS AT,FORD RANGER 3.0 TD V6 DC 4X4 LTD+ PLUS AT,AVAILABLE,USED,OTHER,46500 USD,https://caradvice.com.ar/autos/164,https://api-caradvice.duckdns.org/api/image?path=%2Fopt%2Fcaradvice-media%2Fimages%2Fautos%2F164%2F1752760883611.3f330996-40e6-4ef6-8e9a-e58fa72642a0.JPG,"https://api-caradvice.duckdns.org/api/image?path=%2Fopt%2Fcaradvice-media%2Fimages%2Fautos%2F164%2F1752760883717.3311506c-a8a9-4858-bc15-91e7c11fc080.JPG,https://api-caradvice.duckdns.org/api/image?path=%2Fopt%2Fcaradvice-media%2Fimages%2Fautos%2F164%2F1752760883822.938e10e4-0c34-4de8-b406-5fd50775f57d.JPG,https://api-caradvice.duckdns.org/api/image?path=%2Fopt%2Fcaradvice-media%2Fimages%2Fautos%2F164%2F1752760883931.33310dee-ce2e-40a1-a3e2-2542994fcf8c.JPG,https://api-caradvice.duckdns.org/api/image?path=%2Fopt%2Fcaradvice-media%2Fimages%2Fautos%2F164%2F1752760884013.a0cd6ff7-c055-4db4-87fa-1de2ac4a04f6.JPG,https://api-caradvice.duckdns.org/api/image?path=%2Fopt%2Fcaradvice-media%2Fimages%2Fautos%2F164%2F1752760884173.e4f83905-3dac-48d0-bf0c-84f4d28245e7.JPG,https://api-caradvice.duckdns.org/api/image?path=%2Fopt%2Fcaradvice-media%2Fimages%2Fautos%2F164%2F1752760884259.53353fd1-2faa-4aa8-b713-7449817fb838.JPG,https://api-caradvice.duckdns.org/api/image?path=%2Fopt%2Fcaradvice-media%2Fimages%2Fautos%2F164%2F1752760884345.5f81a18e-9c8e-4a80-a267-78229ca3343d.JPG,https://api-caradvice.duckdns.org/api/image?path=%2Fopt%2Fcaradvice-media%2Fimages%2Fautos%2F164%2F1752760884411.8b635628-14c6-4595-82d0-fdf80dd5ab98.JPG,https://api-caradvice.duckdns.org/api/image?path=%2Fopt%2Fcaradvice-media%2Fimages%2Fautos%2F164%2F1752760884503.24d2806f-6f17-4573-9c2f-55156425587c.JPG,https://api-caradvice.duckdns.org/api/image?path=%2Fopt%2Fcaradvice-media%2Fimages%2Fautos%2F164%2F1752760884656.027e3b9b-16e9-4fd3-bcc0-d18f75ae8a23.JPG",FORD,RANGER,2023,67500,KM,DIESEL,AUTOMATIC,PICKUP,Octavio Pinto 3024,Cordoba,Cordoba,5000,AR,-31.4167,-64.1833
167,FIAT PUNTO 1.4 ELX L07,FIAT PUNTO 1.4 ELX L07,AVAILABLE,USED,OTHER,12500000 ARS,https://caradvice.com.ar/autos/167,https://api-caradvice.duckdns.org/api/image?path=%2Fopt%2Fcaradvice-media%2Fimages%2Fautos%2F167%2F1760643520166.IMG-20251016-WA0131.jpg,"https://api-caradvice.duckdns.org/api/image?path=%2Fopt%2Fcaradvice-media%2Fimages%2Fautos%2F167%2F1760643520179.IMG-20251016-WA0129.jpg,https://api-caradvice.duckdns.org/api/image?path=%2Fopt%2Fcaradvice-media%2Fimages%2Fautos%2F167%2F1760643520193.IMG-20251016-WA0122.jpg,https://api-caradvice.duckdns.org/api/image?path=%2Fopt%2Fcaradvice-media%2Fimages%2Fautos%2F167%2F1760643520204.IMG-20251016-WA0125.jpg,https://api-caradvice.duckdns.org/api/image?path=%2Fopt%2Fcaradvice-media%2Fimages%2Fautos%2F167%2F1760643520229.IMG-20251016-WA0124.jpg,https://api-caradvice.duckdns.org/api/image?path=%2Fopt%2Fcaradvice-media%2Fimages%2Fautos%2F167%2F1760643520301.IMG-20251016-WA0126.jpg,https://api-caradvice.duckdns.org/api/image?path=%2Fopt%2Fcaradvice-media%2Fimages%2Fautos%2F167%2F1760643520349.IMG-20251016-WA0123.jpg,https://api-caradvice.duckdns.org/api/image?path=%2Fopt%2Fcaradvice-media%2Fimages%2Fautos%2F167%2F1760643520377.IMG-20251016-WA0128.jpg,https://api-caradvice.duckdns.org/api/image?path=%2Fopt%2Fcaradvice-media%2Fimages%2Fautos%2F167%2F1760643520414.IMG-20251016-WA0127.jpg,https://api-caradvice.duckdns.org/api/image?path=%2Fopt%2Fcaradvice-media%2Fimages%2Fautos%2F167%2F1760643520430.IMG-20251016-WA0130.jpg,https://api-caradvice.duckdns.org/api/image?path=%2Fopt%2Fcaradvice-media%2Fimages%2Fautos%2F167%2F1760643520439.IMG-20251016-WA0132.jpg",FIAT,PUNTO,2010,142500,KM,GASOLINE,MANUAL,HATCHBACK,Octavio Pinto 3024,Cordoba,Cordoba,5000,AR,-31.4167,-64.1833
168,RENAULT CLIO MIO 1.2 3 P CONFORT,RENAULT CLIO MIO 1.2 3 P CONFORT,AVAILABLE,USED,OTHER,12900000 ARS,https://caradvice.com.ar/autos/168,https://api-caradvice.duckdns.org/api/image?path=%2Fopt%2Fcaradvice-media%2Fimages%2Fautos%2F168%2F1752777656348.6dba8c92-bda4-46b4-8ae1-f1048c803ce5.JPG,"https://api-caradvice.duckdns.org/api/image?path=%2Fopt%2Fcaradvice-media%2Fimages%2Fautos%2F168%2F1752777656596.35a80e14-9437-4c2e-ba9b-1fa252cca572.JPG,https://api-caradvice.duckdns.org/api/image?path=%2Fopt%2Fcaradvice-media%2Fimages%2Fautos%2F168%2F1752777656765.3426bb73-eace-48bf-b3f7-1da1761f2243.JPG,https://api-caradvice.duckdns.org/api/image?path=%2Fopt%2Fcaradvice-media%2Fimages%2Fautos%2F168%2F1752777656881.bced04fd-0a27-4a9d-ae96-aee7dcb45dc0.JPG,https://api-caradvice.duckdns.org/api/image?path=%2Fopt%2Fcaradvice-media%2Fimages%2Fautos%2F168%2F1752777656952.e730a25b-ea2b-4a15-9401-4873b6fdd6b6.JPG,https://api-caradvice.duckdns.org/api/image?path=%2Fopt%2Fcaradvice-media%2Fimages%2Fautos%2F168%2F1752777657041.4fe58b74-2e5e-47ac-a8f2-56dd5170e4bc.JPG,https://api-caradvice.duckdns.org/api/image?path=%2Fopt%2Fcaradvice-media%2Fimages%2Fautos%2F168%2F1752777657081.1cddfdeb-303d-411d-87c8-2cd5e83c364b.JPG,https://api-caradvice.duckdns.org/api/image?path=%2Fopt%2Fcaradvice-media%2Fimages%2Fautos%2F168%2F1752777657102.6a7279ea-54cf-4fda-ada8-10eb8921de87.JPG,https://api-caradvice.duckdns.org/api/image?path=%2Fopt%2Fcaradvice-media%2Fimages%2Fautos%2F168%2F1752777657115.8b35b602-a951-42cb-94d3-58b12e5fabac.JPG,https://api-caradvice.duckdns.org/api/image?path=%2Fopt%2Fcaradvice-media%2Fimages%2Fautos%2F168%2F1752777657193.9c61df22-cc19-4ce8-840a-9681b35b6ae2.JPG,https://api-caradvice.duckdns.org/api/image?path=%2Fopt%2Fcaradvice-media%2Fimages%2Fautos%2F168%2F1752777657224.10f1ce9b-2b7f-469b-a562-1bb98add8cba.JPG",RENAULT,CLIO,2013,130250,KM,OTHER,MANUAL,HATCHBACK,Octavio Pinto 3024,Cordoba,Cordoba,5000,AR,-31.4167,-64.1833
170,FORD FOCUS 1.6 S 5P L14,FORD FOCUS 1.6 S 5P L14,AVAILABLE,USED,OTHER,18000000 ARS,https://caradvice.com.ar/autos/170,https://api-caradvice.duckdns.org/api/image?path=%2Fopt%2Fcaradvice-media%2Fimages%2Fautos%2F170%2F1760389629486.IMG-20251013-WA0257.jpg,"https://api-caradvice.duckdns.org/api/image?path=%2Fopt%2Fcaradvice-media%2Fimages%2Fautos%2F170%2F1760389629525.IMG-20251013-WA0261.jpg,https://api-caradvice.duckdns.org/api/image?path=%2Fopt%2Fcaradvice-media%2Fimages%2Fautos%2F170%2F1760389629528.IMG-20251013-WA0258.jpg,https://api-caradvice.duckdns.org/api/image?path=%2Fopt%2Fcaradvice-media%2Fimages%2Fautos%2F170%2F1760389629532.IMG-20251013-WA0241.jpg,https://api-caradvice.duckdns.org/api/image?path=%2Fopt%2Fcaradvice-media%2Fimages%2Fautos%2F170%2F1760389629535.IMG-20251013-WA0256.jpg,https://api-caradvice.duckdns.org/api/image?path=%2Fopt%2Fcaradvice-media%2Fimages%2Fautos%2F170%2F1760389629567.IMG-20251013-WA0247.jpg,https://api-caradvice.duckdns.org/api/image?path=%2Fopt%2Fcaradvice-media%2Fimages%2Fautos%2F170%2F1760389629596.IMG-20251013-WA0251.jpg,https://api-caradvice.duckdns.org/api/image?path=%2Fopt%2Fcaradvice-media%2Fimages%2Fautos%2F170%2F1760389629622.IMG-20251013-WA0245.jpg,https://api-caradvice.duckdns.org/api/image?path=%2Fopt%2Fcaradvice-media%2Fimages%2Fautos%2F170%2F1760389629643.IMG-20251013-WA0246.jpg,https://api-caradvice.duckdns.org/api/image?path=%2Fopt%2Fcaradvice-media%2Fimages%2Fautos%2F170%2F1760389629714.IMG-20251013-WA0252.jpg,https://api-caradvice.duckdns.org/api/image?path=%2Fopt%2Fcaradvice-media%2Fimages%2Fautos%2F170%2F1760389629741.IMG-20251013-WA0250.jpg",FORD,FOCUS,2015,101000,KM,GASOLINE,MANUAL,HATCHBACK,Octavio Pinto 3024,Cordoba,Cordoba,5000,AR,-31.4167,-64.1833
171,FIAT STRADA 1.4 WORKING L14,FIAT STRADA 1.4 WORKING L14,AVAILABLE,USED,OTHER,16900000 ARS,https://caradvice.com.ar/autos/171,https://api-caradvice.duckdns.org/api/image?path=%2Fopt%2Fcaradvice-media%2Fimages%2Fautos%2F171%2F1765987474039.IMG-20251217-WA0229.jpg,"https://api-caradvice.duckdns.org/api/image?path=%2Fopt%2Fcaradvice-media%2Fimages%2Fautos%2F171%2F1765987474152.IMG-20251217-WA0228.jpg,https://api-caradvice.duckdns.org/api/image?path=%2Fopt%2Fcaradvice-media%2Fimages%2Fautos%2F171%2F1765987474201.IMG-20251217-WA0231.jpg,https://api-caradvice.duckdns.org/api/image?path=%2Fopt%2Fcaradvice-media%2Fimages%2Fautos%2F171%2F1765987474296.IMG-20251217-WA0233.jpg,https://api-caradvice.duckdns.org/api/image?path=%2Fopt%2Fcaradvice-media%2Fimages%2Fautos%2F171%2F1765987474415.IMG-20251217-WA0232.jpg,https://api-caradvice.duckdns.org/api/image?path=%2Fopt%2Fcaradvice-media%2Fimages%2Fautos%2F171%2F1765987474570.IMG-20251217-WA0230.jpg,https://api-caradvice.duckdns.org/api/image?path=%2Fopt%2Fcaradvice-media%2Fimages%2Fautos%2F171%2F1765987474672.IMG-20251217-WA0238.jpg,https://api-caradvice.duckdns.org/api/image?path=%2Fopt%2Fcaradvice-media%2Fimages%2Fautos%2F171%2F1765987474782.IMG-20251217-WA0240.jpg,https://api-caradvice.duckdns.org/api/image?path=%2Fopt%2Fcaradvice-media%2Fimages%2Fautos%2F171%2F1765987474862.IMG-20251217-WA0234.jpg,https://api-caradvice.duckdns.org/api/image?path=%2Fopt%2Fcaradvice-media%2Fimages%2Fautos%2F171%2F1765987475016.IMG-20251217-WA0236.jpg,https://api-caradvice.duckdns.org/api/image?path=%2Fopt%2Fcaradvice-media%2Fimages%2Fautos%2F171%2F1765987475158.IMG-20251217-WA0242.jpg",FIAT,STRADA,2016,164000,KM,OTHER,MANUAL,PICKUP,Octavio Pinto 3024,Cordoba,Cordoba,5000,AR,-31.4167,-64.1833
172,VOLKSWAGEN NIVUS 200 TSI COMFORTLINE AT L22,VOLKSWAGEN NIVUS 200 TSI COMFORTLINE AT L22,AVAILABLE,USED,OTHER,29600000 ARS,https://caradvice.com.ar/autos/172,https://api-caradvice.duckdns.org/api/image?path=%2Fopt%2Fcaradvice-media%2Fimages%2Fautos%2F172%2F1743719619760.eebcd6aa-4f74-426a-99eb-6d5134c563ad.JPG,"https://api-caradvice.duckdns.org/api/image?path=%2Fopt%2Fcaradvice-media%2Fimages%2Fautos%2F172%2F1743719619964.b2cf7b98-3b47-466a-b583-3d7da38e08c2.JPG,https://api-caradvice.duckdns.org/api/image?path=%2Fopt%2Fcaradvice-media%2Fimages%2Fautos%2F172%2F1743719620115.7d6ff341-1dde-4e5b-a649-e73808239ae6.JPG,https://api-caradvice.duckdns.org/api/image?path=%2Fopt%2Fcaradvice-media%2Fimages%2Fautos%2F172%2F1743719620209.829e4cee-efb2-4cd3-8056-1e8cb94d770d.JPG,https://api-caradvice.duckdns.org/api/image?path=%2Fopt%2Fcaradvice-media%2Fimages%2Fautos%2F172%2F1743719620297.4aa53714-1acb-46d0-ade6-c14b44e0e616.JPG,https://api-caradvice.duckdns.org/api/image?path=%2Fopt%2Fcaradvice-media%2Fimages%2Fautos%2F172%2F1743719620389.6362855f-0ae5-4426-8937-efcd7e51786f.JPG,https://api-caradvice.duckdns.org/api/image?path=%2Fopt%2Fcaradvice-media%2Fimages%2Fautos%2F172%2F1743719620427.2cb7ab50-5bbe-40ea-a9b6-c736d06324b6.JPG,https://api-caradvice.duckdns.org/api/image?path=%2Fopt%2Fcaradvice-media%2Fimages%2Fautos%2F172%2F1743719620460.7d6a1085-74c1-49d0-88c9-c91e87487bf3.JPG,https://api-caradvice.duckdns.org/api/image?path=%2Fopt%2Fcaradvice-media%2Fimages%2Fautos%2F172%2F1743719620486.57e525ab-cc12-47dd-837f-12a2306c93aa.JPG,https://api-caradvice.duckdns.org/api/image?path=%2Fopt%2Fcaradvice-media%2Fimages%2Fautos%2F172%2F1743719620567.68cf3faa-ce52-411a-8aab-5d3d184b0ebc.JPG,https://api-caradvice.duckdns.org/api/image?path=%2Fopt%2Fcaradvice-media%2Fimages%2Fautos%2F172%2F1743719620588.79c20a9a-92e1-4205-9b79-22eac51ecc67.JPG",VOLKSWAGEN,NIVUS,2022,76500,KM,GASOLINE,AUTOMATIC,SUV,Octavio Pinto 3024,Cordoba,Cordoba,5000,AR,-31.4167,-64.1833
173,RENAULT SANDERO 2.0 16V RS RACING SPIRIT L17,RENAULT SANDERO 2.0 16V RS RACING SPIRIT L17,AVAILABLE,USED,OTHER,24000000 ARS,https://caradvice.com.ar/autos/173,https://api-caradvice.duckdns.org/api/image?path=%2Fopt%2Fcaradvice-media%2Fimages%2Fautos%2F173%2F1765914260783.IMG-20251216-WA0266.jpg,"https://api-caradvice.duckdns.org/api/image?path=%2Fopt%2Fcaradvice-media%2Fimages%2Fautos%2F173%2F1765914260950.IMG-20251216-WA0252.jpg,https://api-caradvice.duckdns.org/api/image?path=%2Fopt%2Fcaradvice-media%2Fimages%2Fautos%2F173%2F1765914261002.IMG-20251216-WA0267.jpg,https://api-caradvice.duckdns.org/api/image?path=%2Fopt%2Fcaradvice-media%2Fimages%2Fautos%2F173%2F1765914261068.IMG-20251216-WA0265.jpg,https://api-caradvice.duckdns.org/api/image?path=%2Fopt%2Fcaradvice-media%2Fimages%2Fautos%2F173%2F1765914261150.IMG-20251216-WA0251.jpg,https://api-caradvice.duckdns.org/api/image?path=%2Fopt%2Fcaradvice-media%2Fimages%2Fautos%2F173%2F1765914261169.IMG-20251216-WA0253.jpg,https://api-caradvice.duckdns.org/api/image?path=%2Fopt%2Fcaradvice-media%2Fimages%2Fautos%2F173%2F1765914261185.IMG-20251216-WA0254.jpg,https://api-caradvice.duckdns.org/api/image?path=%2Fopt%2Fcaradvice-media%2Fimages%2Fautos%2F173%2F1765914261223.IMG-20251216-WA0257.jpg,https://api-caradvice.duckdns.org/api/image?path=%2Fopt%2Fcaradvice-media%2Fimages%2Fautos%2F173%2F1765914261238.IMG-20251216-WA0258.jpg,https://api-caradvice.duckdns.org/api/image?path=%2Fopt%2Fcaradvice-media%2Fimages%2Fautos%2F173%2F1765914261306.IMG-20251216-WA0259.jpg,https://api-caradvice.duckdns.org/api/image?path=%2Fopt%2Fcaradvice-media%2Fimages%2Fautos%2F173%2F1765914261491.IMG-20251216-WA0261.jpg",RENAULT,SANDERO,2017,65000,KM,GASOLINE,MANUAL,HATCHBACK,Octavio Pinto 3024,Cordoba,Cordoba,5000,AR,-31.4167,-64.1833
175,HONDA ZR-V 2.0 157 CV LX CVT,HONDA ZR-V 2.0 157 CV LX CVT,AVAILABLE,USED,OTHER,43000 USD,https://caradvice.com.ar/autos/175,https://api-caradvice.duckdns.org/api/image?path=%2Fopt%2Fcaradvice-media%2Fimages%2Fautos%2F175%2F1756922460995.b0f96dee-abae-44bb-8051-a06ed2dad104.JPG,"https://api-caradvice.duckdns.org/api/image?path=%2Fopt%2Fcaradvice-media%2Fimages%2Fautos%2F175%2F1756922461222.c262dce7-6ab4-4106-a84d-a4a7c66a60af.JPG,https://api-caradvice.duckdns.org/api/image?path=%2Fopt%2Fcaradvice-media%2Fimages%2Fautos%2F175%2F1756922461286.221db056-cc2d-4f70-860d-55edb015d00e.JPG,https://api-caradvice.duckdns.org/api/image?path=%2Fopt%2Fcaradvice-media%2Fimages%2Fautos%2F175%2F1756922461389.55119e3f-89ff-4929-b42a-dfa1b232d536.JPG,https://api-caradvice.duckdns.org/api/image?path=%2Fopt%2Fcaradvice-media%2Fimages%2Fautos%2F175%2F1756922461530.d08dfd07-b7a4-4f57-8d12-a01912482fbc.JPG,https://api-caradvice.duckdns.org/api/image?path=%2Fopt%2Fcaradvice-media%2Fimages%2Fautos%2F175%2F1756922461569.15da9bf3-1e9e-4147-9391-44f38efc9327.JPG,https://api-caradvice.duckdns.org/api/image?path=%2Fopt%2Fcaradvice-media%2Fimages%2Fautos%2F175%2F1756922461597.71e97530-ad84-41b9-947a-f18c3a1389df.JPG,https://api-caradvice.duckdns.org/api/image?path=%2Fopt%2Fcaradvice-media%2Fimages%2Fautos%2F175%2F1756922461623.9c3b5dd0-b7ed-456b-bb3e-cf335ba20d36.JPG,https://api-caradvice.duckdns.org/api/image?path=%2Fopt%2Fcaradvice-media%2Fimages%2Fautos%2F175%2F1756922461641.16b92255-71f1-4984-b606-7a539664c3d8.JPG,https://api-caradvice.duckdns.org/api/image?path=%2Fopt%2Fcaradvice-media%2Fimages%2Fautos%2F175%2F1756922461714.37c1f309-6f96-4d4f-907a-386871f83430.JPG,https://api-caradvice.duckdns.org/api/image?path=%2Fopt%2Fcaradvice-media%2Fimages%2Fautos%2F175%2F1756922461749.297bbc13-73cb-418d-a75b-193fb615bb9c.JPG",HONDA,ZR-V,2024,17200,KM,GASOLINE,AUTOMATIC,SUV,Octavio Pinto 3024,Cordoba,Cordoba,5000,AR,-31.4167,-64.1833
176,FIAT TORO 2.0 TDI 4X4 VOLCANO AT L19,FIAT TORO 2.0 TDI 4X4 VOLCANO AT L19,AVAILABLE,USED,OTHER,32500000 ARS,https://caradvice.com.ar/autos/176,https://api-caradvice.duckdns.org/api/image?path=%2Fopt%2Fcaradvice-media%2Fimages%2Fautos%2F176%2F1764105884221.IMG-20251125-WA0553.jpg,"https://api-caradvice.duckdns.org/api/image?path=%2Fopt%2Fcaradvice-media%2Fimages%2Fautos%2F176%2F1764105884258.IMG-20251125-WA0551.jpg,https://api-caradvice.duckdns.org/api/image?path=%2Fopt%2Fcaradvice-media%2Fimages%2Fautos%2F176%2F1764105884426.IMG-20251125-WA0548.jpg,https://api-caradvice.duckdns.org/api/image?path=%2Fopt%2Fcaradvice-media%2Fimages%2Fautos%2F176%2F1764105884566.IMG-20251125-WA0552.jpg,https://api-caradvice.duckdns.org/api/image?path=%2Fopt%2Fcaradvice-media%2Fimages%2Fautos%2F176%2F1764105884711.IMG-20251125-WA0549.jpg,https://api-caradvice.duckdns.org/api/image?path=%2Fopt%2Fcaradvice-media%2Fimages%2Fautos%2F176%2F1764105884834.IMG-20251125-WA0550.jpg,https://api-caradvice.duckdns.org/api/image?path=%2Fopt%2Fcaradvice-media%2Fimages%2Fautos%2F176%2F1764105885296.IMG-20251125-WA0554.jpg,https://api-caradvice.duckdns.org/api/image?path=%2Fopt%2Fcaradvice-media%2Fimages%2Fautos%2F176%2F1764105885407.IMG-20251125-WA0555.jpg,https://api-caradvice.duckdns.org/api/image?path=%2Fopt%2Fcaradvice-media%2Fimages%2Fautos%2F176%2F1764105885520.IMG-20251125-WA0556.jpg,https://api-caradvice.duckdns.org/api/image?path=%2Fopt%2Fcaradvice-media%2Fimages%2Fautos%2F176%2F1764105885612.IMG-20251125-WA0557.jpg,https://api-caradvice.duckdns.org/api/image?path=%2Fopt%2Fcaradvice-media%2Fimages%2Fautos%2F176%2F1764105885735.IMG-20251125-WA0558.jpg",FIAT,TORO,2020,122500,KM,DIESEL,AUTOMATIC,PICKUP,Octavio Pinto 3024,Cordoba,Cordoba,5000,AR,-31.4167,-64.1833
177,PEUGEOT 208 1.6 ALLURE NAV TIPTRONIC 5P L15,PEUGEOT 208 1.6 ALLURE NAV TIPTRONIC 5P L15,AVAILABLE,USED,OTHER,18900000 ARS,https://caradvice.com.ar/autos/177,https://api-caradvice.duckdns.org/api/image?path=%2Fopt%2Fcaradvice-media%2Fimages%2Fautos%2F177%2F1761937504622.IMG-20251031-WA0240.jpg,"https://api-caradvice.duckdns.org/api/image?path=%2Fopt%2Fcaradvice-media%2Fimages%2Fautos%2F177%2F1761937504660.IMG-20251031-WA0242.jpg,https://api-caradvice.duckdns.org/api/image?path=%2Fopt%2Fcaradvice-media%2Fimages%2Fautos%2F177%2F1761937504842.IMG-20251031-WA0238.jpg,https://api-caradvice.duckdns.org/api/image?path=%2Fopt%2Fcaradvice-media%2Fimages%2Fautos%2F177%2F1761937504946.IMG-20251031-WA0243.jpg,https://api-caradvice.duckdns.org/api/image?path=%2Fopt%2Fcaradvice-media%2Fimages%2Fautos%2F177%2F1761937505036.IMG-20251031-WA0239.jpg,https://api-caradvice.duckdns.org/api/image?path=%2Fopt%2Fcaradvice-media%2Fimages%2Fautos%2F177%2F1761937505126.IMG-20251031-WA0241.jpg,https://api-caradvice.duckdns.org/api/image?path=%2Fopt%2Fcaradvice-media%2Fimages%2Fautos%2F177%2F1761937505334.IMG-20251031-WA0244.jpg,https://api-caradvice.duckdns.org/api/image?path=%2Fopt%2Fcaradvice-media%2Fimages%2Fautos%2F177%2F1761937505446.IMG-20251031-WA0247.jpg,https://api-caradvice.duckdns.org/api/image?path=%2Fopt%2Fcaradvice-media%2Fimages%2Fautos%2F177%2F1761937505582.IMG-20251031-WA0245.jpg,https://api-caradvice.duckdns.org/api/image?path=%2Fopt%2Fcaradvice-media%2Fimages%2Fautos%2F177%2F1761937505733.IMG-20251031-WA0248.jpg,https://api-caradvice.duckdns.org/api/image?path=%2Fopt%2Fcaradvice-media%2Fimages%2Fautos%2F177%2F1761937505863.IMG-20251031-WA0246.jpg",PEUGEOT,208,2017,85200,KM,GASOLINE,AUTOMATIC,HATCHBACK,Octavio Pinto 3024,Cordoba,Cordoba,5000,AR,-31.4167,-64.1833
179,HYUNDAI TUCSON 2.0 4X2 AT L16,HYUNDAI TUCSON 2.0 4X2 AT L16,AVAILABLE,USED,OTHER,32000000 ARS,https://caradvice.com.ar/autos/179,https://api-caradvice.duckdns.org/api/image?path=%2Fopt%2Fcaradvice-media%2Fimages%2Fautos%2F179%2F1764947447280.IMG-20251205-WA0096.jpg,"https://api-caradvice.duckdns.org/api/image?path=%2Fopt%2Fcaradvice-media%2Fimages%2Fautos%2F179%2F1764947447789.IMG-20251205-WA0098.jpg,https://api-caradvice.duckdns.org/api/image?path=%2Fopt%2Fcaradvice-media%2Fimages%2Fautos%2F179%2F1764947448204.IMG-20251205-WA0095.jpg,https://api-caradvice.duckdns.org/api/image?path=%2Fopt%2Fcaradvice-media%2Fimages%2Fautos%2F179%2F1764947448567.IMG-20251205-WA0099.jpg,https://api-caradvice.duckdns.org/api/image?path=%2Fopt%2Fcaradvice-media%2Fimages%2Fautos%2F179%2F1764947448868.IMG-20251205-WA0094.jpg,https://api-caradvice.duckdns.org/api/image?path=%2Fopt%2Fcaradvice-media%2Fimages%2Fautos%2F179%2F1764947449200.IMG-20251205-WA0097.jpg,https://api-caradvice.duckdns.org/api/image?path=%2Fopt%2Fcaradvice-media%2Fimages%2Fautos%2F179%2F1764947449495.IMG-20251205-WA0100.jpg,https://api-caradvice.duckdns.org/api/image?path=%2Fopt%2Fcaradvice-media%2Fimages%2Fautos%2F179%2F1764947449821.IMG-20251205-WA0101.jpg,https://api-caradvice.duckdns.org/api/image?path=%2Fopt%2Fcaradvice-media%2Fimages%2Fautos%2F179%2F1764947450526.IMG-20251205-WA0102.jpg,https://api-caradvice.duckdns.org/api/image?path=%2Fopt%2Fcaradvice-media%2Fimages%2Fautos%2F179%2F1764947451135.IMG-20251205-WA0103.jpg,https://api-caradvice.duckdns.org/api/image?path=%2Fopt%2Fcaradvice-media%2Fimages%2Fautos%2F179%2F1764947451694.IMG-20251205-WA0104.jpg",HYUNDAI,TUCSON,2017,142000,KM,GASOLINE,AUTOMATIC,SUV,Octavio Pinto 3024,Cordoba,Cordoba,5000,AR,-31.4167,-64.1833
181,CITROEN C4 CACTUS 1.2 PURE TECH SHINE AT6,CITROEN C4 CACTUS 1.2 PURE TECH SHINE AT6,AVAILABLE,USED,OTHER,21900000 ARS,https://caradvice.com.ar/autos/181,https://api-caradvice.duckdns.org/api/image?path=%2Fopt%2Fcaradvice-media%2Fimages%2Fautos%2F181%2F1763406510432.IMG-20251117-WA0487.jpg,"https://api-caradvice.duckdns.org/api/image?path=%2Fopt%2Fcaradvice-media%2Fimages%2Fautos%2F181%2F1763406510472.IMG-20251117-WA0502.jpg,https://api-caradvice.duckdns.org/api/image?path=%2Fopt%2Fcaradvice-media%2Fimages%2Fautos%2F181%2F1763406510473.IMG-20251117-WA0488.jpg,https://api-caradvice.duckdns.org/api/image?path=%2Fopt%2Fcaradvice-media%2Fimages%2Fautos%2F181%2F1763406510506.IMG-20251117-WA0505.jpg,https://api-caradvice.duckdns.org/api/image?path=%2Fopt%2Fcaradvice-media%2Fimages%2Fautos%2F181%2F1763406510555.IMG-20251117-WA0489.jpg,https://api-caradvice.duckdns.org/api/image?path=%2Fopt%2Fcaradvice-media%2Fimages%2Fautos%2F181%2F1763406510596.IMG-20251117-WA0504.jpg,https://api-caradvice.duckdns.org/api/image?path=%2Fopt%2Fcaradvice-media%2Fimages%2Fautos%2F181%2F1763406510659.IMG-20251117-WA0490.jpg,https://api-caradvice.duckdns.org/api/image?path=%2Fopt%2Fcaradvice-media%2Fimages%2Fautos%2F181%2F1763406510687.IMG-20251117-WA0494.jpg,https://api-caradvice.duckdns.org/api/image?path=%2Fopt%2Fcaradvice-media%2Fimages%2Fautos%2F181%2F1763406510719.IMG-20251117-WA0495.jpg,https://api-caradvice.duckdns.org/api/image?path=%2Fopt%2Fcaradvice-media%2Fimages%2Fautos%2F181%2F1763406510745.IMG-20251117-WA0496.jpg,https://api-caradvice.duckdns.org/api/image?path=%2Fopt%2Fcaradvice-media%2Fimages%2Fautos%2F181%2F1763406510761.IMG-20251117-WA0497.jpg",CITROEN,C4 CACTUS,2018,46500,KM,GASOLINE,AUTOMATIC,SUV,Octavio Pinto 3024,Cordoba,Cordoba,5000,AR,-31.4167,-64.1833
182,TOYOTA HILUX 2.8 TDI 4X4 DC SRX AT6 L20,TOYOTA HILUX 2.8 TDI 4X4 DC SRX AT6 L20,AVAILABLE,USED,OTHER,36000 USD,https://caradvice.com.ar/autos/182,https://api-caradvice.duckdns.org/api/image?path=%2Fopt%2Fcaradvice-media%2Fimages%2Fautos%2F182%2F1765311796908.IMG-20251209-WA0564.jpg,"https://api-caradvice.duckdns.org/api/image?path=%2Fopt%2Fcaradvice-media%2Fimages%2Fautos%2F182%2F1765311797003.IMG-20251209-WA0567.jpg,https://api-caradvice.duckdns.org/api/image?path=%2Fopt%2Fcaradvice-media%2Fimages%2Fautos%2F182%2F1765311797101.IMG-20251209-WA0565.jpg,https://api-caradvice.duckdns.org/api/image?path=%2Fopt%2Fcaradvice-media%2Fimages%2Fautos%2F182%2F1765311797225.IMG-20251209-WA0568.jpg,https://api-caradvice.duckdns.org/api/image?path=%2Fopt%2Fcaradvice-media%2Fimages%2Fautos%2F182%2F1765311797305.IMG-20251209-WA0563.jpg,https://api-caradvice.duckdns.org/api/image?path=%2Fopt%2Fcaradvice-media%2Fimages%2Fautos%2F182%2F1765311797447.IMG-20251209-WA0566.jpg,https://api-caradvice.duckdns.org/api/image?path=%2Fopt%2Fcaradvice-media%2Fimages%2Fautos%2F182%2F1765311797672.IMG-20251209-WA0569.jpg,https://api-caradvice.duckdns.org/api/image?path=%2Fopt%2Fcaradvice-media%2Fimages%2Fautos%2F182%2F1765311797810.IMG-20251209-WA0570.jpg,https://api-caradvice.duckdns.org/api/image?path=%2Fopt%2Fcaradvice-media%2Fimages%2Fautos%2F182%2F1765311797975.IMG-20251209-WA0571.jpg,https://api-caradvice.duckdns.org/api/image?path=%2Fopt%2Fcaradvice-media%2Fimages%2Fautos%2F182%2F1765311798212.IMG-20251209-WA0572.jpg,https://api-caradvice.duckdns.org/api/image?path=%2Fopt%2Fcaradvice-media%2Fimages%2Fautos%2F182%2F1765311798430.IMG-20251209-WA0573.jpg",TOYOTA,HILUX,2019,115500,KM,DIESEL,AUTOMATIC,PICKUP,Octavio Pinto 3024,Cordoba,Cordoba,5000,AR,-31.4167,-64.1833
183,TOYOTA YARIS 1.5 S CVT 5P L20,TOYOTA YARIS 1.5 S CVT 5P L20,AVAILABLE,USED,OTHER,22500 USD,https://caradvice.com.ar/autos/183,https://api-caradvice.duckdns.org/api/image?path=%2Fopt%2Fcaradvice-media%2Fimages%2Fautos%2F183%2F1765981427595.IMG-20251217-WA0078.jpg,"https://api-caradvice.duckdns.org/api/image?path=%2Fopt%2Fcaradvice-media%2Fimages%2Fautos%2F183%2F1765981427773.IMG-20251217-WA0081.jpg,https://api-caradvice.duckdns.org/api/image?path=%2Fopt%2Fcaradvice-media%2Fimages%2Fautos%2F183%2F1765981427854.IMG-20251217-WA0075.jpg,https://api-caradvice.duckdns.org/api/image?path=%2Fopt%2Fcaradvice-media%2Fimages%2Fautos%2F183%2F1765981427924.IMG-20251217-WA0079.jpg,https://api-caradvice.duckdns.org/api/image?path=%2Fopt%2Fcaradvice-media%2Fimages%2Fautos%2F183%2F1765981428001.IMG-20251217-WA0077.jpg,https://api-caradvice.duckdns.org/api/image?path=%2Fopt%2Fcaradvice-media%2Fimages%2Fautos%2F183%2F1765981428113.IMG-20251217-WA0076.jpg,https://api-caradvice.duckdns.org/api/image?path=%2Fopt%2Fcaradvice-media%2Fimages%2Fautos%2F183%2F1765981428191.IMG-20251217-WA0080.jpg,https://api-caradvice.duckdns.org/api/image?path=%2Fopt%2Fcaradvice-media%2Fimages%2Fautos%2F183%2F1765981428285.IMG-20251217-WA0082.jpg,https://api-caradvice.duckdns.org/api/image?path=%2Fopt%2Fcaradvice-media%2Fimages%2Fautos%2F183%2F1765981428389.IMG-20251217-WA0083.jpg,https://api-caradvice.duckdns.org/api/image?path=%2Fopt%2Fcaradvice-media%2Fimages%2Fautos%2F183%2F1765981428476.IMG-20251217-WA0084.jpg,https://api-caradvice.duckdns.org/api/image?path=%2Fopt%2Fcaradvice-media%2Fimages%2Fautos%2F183%2F1765981428509.IMG-20251217-WA0085.jpg",TOYOTA,YARIS,2022,70000,KM,GASOLINE,AUTOMATIC,HATCHBACK,Octavio Pinto 3024,Cordoba,Cordoba,5000,AR,-31.4167,-64.1833
185,DS AUTOMOBILES DS7 1.6 THP E-TENSE 4X4 BASTILLE+,DS AUTOMOBILES DS7 1.6 THP E-TENSE 4X4 BASTILLE+,AVAILABLE,USED,OTHER,50500 USD,https://caradvice.com.ar/autos/185,https://api-caradvice.duckdns.org/api/image?path=%2Fopt%2Fcaradvice-media%2Fimages%2Fautos%2F185%2F1744121364552.e6f9e5f6-a9bb-4b24-827d-ed7d8484c48c.jpeg,"https://api-caradvice.duckdns.org/api/image?path=%2Fopt%2Fcaradvice-media%2Fimages%2Fautos%2F185%2F1744121364815.b00e4d05-8a1c-444f-ab68-6e4bf3703adb.jpeg,https://api-caradvice.duckdns.org/api/image?path=%2Fopt%2Fcaradvice-media%2Fimages%2Fautos%2F185%2F1744121364908.6200068f-ab73-4f96-a89e-951782675840.jpeg,https://api-caradvice.duckdns.org/api/image?path=%2Fopt%2Fcaradvice-media%2Fimages%2Fautos%2F185%2F1744121364954.3cfc7219-8a29-4d93-9f52-7edea3e06f2f.jpeg,https://api-caradvice.duckdns.org/api/image?path=%2Fopt%2Fcaradvice-media%2Fimages%2Fautos%2F185%2F1744121365062.eb1cef0b-869c-4590-a847-71169c06fb83.jpeg,https://api-caradvice.duckdns.org/api/image?path=%2Fopt%2Fcaradvice-media%2Fimages%2Fautos%2F185%2F1744121365104.2d14e7b1-99cd-4c2b-b437-41b637a74b0c.jpeg,https://api-caradvice.duckdns.org/api/image?path=%2Fopt%2Fcaradvice-media%2Fimages%2Fautos%2F185%2F1744121365131.25e767ea-6cd5-48b7-b2ba-4a5edb51674f.jpeg,https://api-caradvice.duckdns.org/api/image?path=%2Fopt%2Fcaradvice-media%2Fimages%2Fautos%2F185%2F1744121365213.31f5632c-36d6-4ca8-a2a2-b34179876ffe.jpeg,https://api-caradvice.duckdns.org/api/image?path=%2Fopt%2Fcaradvice-media%2Fimages%2Fautos%2F185%2F1744121365242.f76dff4f-f316-4b2f-ae75-8520075f283d.jpeg,https://api-caradvice.duckdns.org/api/image?path=%2Fopt%2Fcaradvice-media%2Fimages%2Fautos%2F185%2F1744121365258.dfd79e7c-8078-456b-9ad7-bae40222a0c5.jpeg,https://api-caradvice.duckdns.org/api/image?path=%2Fopt%2Fcaradvice-media%2Fimages%2Fautos%2F185%2F1744121365283.98b7fb3c-a6ef-43fb-bdfe-71180853d122.jpeg",DS AUTOMOBILES,DS7,2022,49000,KM,HYBRID,AUTOMATIC,SUV,Octavio Pinto 3024,Cordoba,Cordoba,5000,AR,-31.4167,-64.1833
186,RENAULT ALASKAN 2.3 TDI 4X2 INTENS L20,RENAULT ALASKAN 2.3 TDI 4X2 INTENS L20,AVAILABLE,USED,OTHER,34000000 ARS,https://caradvice.com.ar/autos/186,https://api-caradvice.duckdns.org/api/image?path=%2Fopt%2Fcaradvice-media%2Fimages%2Fautos%2F186%2F1764605857851.IMG-20251201-WA0217.jpg,"https://api-caradvice.duckdns.org/api/image?path=%2Fopt%2Fcaradvice-media%2Fimages%2Fautos%2F186%2F1764605857985.IMG-20251201-WA0219.jpg,https://api-caradvice.duckdns.org/api/image?path=%2Fopt%2Fcaradvice-media%2Fimages%2Fautos%2F186%2F1764605858188.IMG-20251201-WA0216.jpg,https://api-caradvice.duckdns.org/api/image?path=%2Fopt%2Fcaradvice-media%2Fimages%2Fautos%2F186%2F1764605858367.IMG-20251201-WA0224.jpg,https://api-caradvice.duckdns.org/api/image?path=%2Fopt%2Fcaradvice-media%2Fimages%2Fautos%2F186%2F1764605858548.IMG-20251201-WA0215.jpg,https://api-caradvice.duckdns.org/api/image?path=%2Fopt%2Fcaradvice-media%2Fimages%2Fautos%2F186%2F1764605858732.IMG-20251201-WA0218.jpg,https://api-caradvice.duckdns.org/api/image?path=%2Fopt%2Fcaradvice-media%2Fimages%2Fautos%2F186%2F1764605858982.IMG-20251201-WA0220.jpg,https://api-caradvice.duckdns.org/api/image?path=%2Fopt%2Fcaradvice-media%2Fimages%2Fautos%2F186%2F1764605859089.IMG-20251201-WA0222.jpg,https://api-caradvice.duckdns.org/api/image?path=%2Fopt%2Fcaradvice-media%2Fimages%2Fautos%2F186%2F1764605859229.IMG-20251201-WA0229.jpg,https://api-caradvice.duckdns.org/api/image?path=%2Fopt%2Fcaradvice-media%2Fimages%2Fautos%2F186%2F1764605859316.IMG-20251201-WA0231.jpg,https://api-caradvice.duckdns.org/api/image?path=%2Fopt%2Fcaradvice-media%2Fimages%2Fautos%2F186%2F1764605859408.IMG-20251201-WA0225.jpg",RENAULT,ALASKAN,2022,65000,KM,DIESEL,MANUAL,PICKUP,Octavio Pinto 3024,Cordoba,Cordoba,5000,AR,-31.4167,-64.1833
187,PEUGEOT 208 1.6 ALLURE NAV TIPTRONIC 5P L15,PEUGEOT 208 1.6 ALLURE NAV TIPTRONIC 5P L15,AVAILABLE,USED,OTHER,13000 USD,https://caradvice.com.ar/autos/187,https://api-caradvice.duckdns.org/api/image?path=%2Fopt%2Fcaradvice-media%2Fimages%2Fautos%2F187%2F1764352919672.IMG-20251128-WA0095.jpg,"https://api-caradvice.duckdns.org/api/image?path=%2Fopt%2Fcaradvice-media%2Fimages%2Fautos%2F187%2F1764352919947.IMG-20251128-WA0092.jpg,https://api-caradvice.duckdns.org/api/image?path=%2Fopt%2Fcaradvice-media%2Fimages%2Fautos%2F187%2F1764352920259.IMG-20251128-WA0094.jpg,https://api-caradvice.duckdns.org/api/image?path=%2Fopt%2Fcaradvice-media%2Fimages%2Fautos%2F187%2F1764352920538.IMG-20251128-WA0097.jpg,https://api-caradvice.duckdns.org/api/image?path=%2Fopt%2Fcaradvice-media%2Fimages%2Fautos%2F187%2F1764352920821.IMG-20251128-WA0093.jpg,https://api-caradvice.duckdns.org/api/image?path=%2Fopt%2Fcaradvice-media%2Fimages%2Fautos%2F187%2F1764352921146.IMG-20251128-WA0096.jpg,https://api-caradvice.duckdns.org/api/image?path=%2Fopt%2Fcaradvice-media%2Fimages%2Fautos%2F187%2F1764352921401.IMG-20251128-WA0098.jpg,https://api-caradvice.duckdns.org/api/image?path=%2Fopt%2Fcaradvice-media%2Fimages%2Fautos%2F187%2F1764352921662.IMG-20251128-WA0099.jpg,https://api-caradvice.duckdns.org/api/image?path=%2Fopt%2Fcaradvice-media%2Fimages%2Fautos%2F187%2F1764352921939.IMG-20251128-WA0100.jpg,https://api-caradvice.duckdns.org/api/image?path=%2Fopt%2Fcaradvice-media%2Fimages%2Fautos%2F187%2F1764352922159.IMG-20251128-WA0101.jpg,https://api-caradvice.duckdns.org/api/image?path=%2Fopt%2Fcaradvice-media%2Fimages%2Fautos%2F187%2F1764352922638.IMG-20251128-WA0102.jpg",PEUGEOT,208,2017,86500,KM,GASOLINE,AUTOMATIC,HATCHBACK,Octavio Pinto 3024,Cordoba,Cordoba,5000,AR,-31.4167,-64.1833
188,TOYOTA COROLLA 2.0 XEI CVT,TOYOTA COROLLA 2.0 XEI CVT,AVAILABLE,USED,OTHER,46900000 ARS,https://caradvice.com.ar/autos/188,https://api-caradvice.duckdns.org/api/image?path=%2Fopt%2Fcaradvice-media%2Fimages%2Fautos%2F188%2F1763664504311.IMG-20251120-WA0299.jpg,"https://api-caradvice.duckdns.org/api/image?path=%2Fopt%2Fcaradvice-media%2Fimages%2Fautos%2F188%2F1763664504477.IMG-20251120-WA0302.jpg,https://api-caradvice.duckdns.org/api/image?path=%2Fopt%2Fcaradvice-media%2Fimages%2Fautos%2F188%2F1763664504605.IMG-20251120-WA0300.jpg,https://api-caradvice.duckdns.org/api/image?path=%2Fopt%2Fcaradvice-media%2Fimages%2Fautos%2F188%2F1763664504686.IMG-20251120-WA0303.jpg,https://api-caradvice.duckdns.org/api/image?path=%2Fopt%2Fcaradvice-media%2Fimages%2Fautos%2F188%2F1763664504785.IMG-20251120-WA0298.jpg,https://api-caradvice.duckdns.org/api/image?path=%2Fopt%2Fcaradvice-media%2Fimages%2Fautos%2F188%2F1763664504847.IMG-20251120-WA0301.jpg,https://api-caradvice.duckdns.org/api/image?path=%2Fopt%2Fcaradvice-media%2Fimages%2Fautos%2F188%2F1763664504955.IMG-20251120-WA0304.jpg,https://api-caradvice.duckdns.org/api/image?path=%2Fopt%2Fcaradvice-media%2Fimages%2Fautos%2F188%2F1763664505113.IMG-20251120-WA0306.jpg,https://api-caradvice.duckdns.org/api/image?path=%2Fopt%2Fcaradvice-media%2Fimages%2Fautos%2F188%2F1763664505184.IMG-20251120-WA0305.jpg,https://api-caradvice.duckdns.org/api/image?path=%2Fopt%2Fcaradvice-media%2Fimages%2Fautos%2F188%2F1763664505292.IMG-20251120-WA0307.jpg,https://api-caradvice.duckdns.org/api/image?path=%2Fopt%2Fcaradvice-media%2Fimages%2Fautos%2F188%2F1763664505465.IMG-20251120-WA0308.jpg",TOYOTA,COROLLA,2024,1000,KM,GASOLINE,AUTOMATIC,SEDAN,Octavio Pinto 3024,Cordoba,Cordoba,5000,AR,-31.4167,-64.1833
189,FIAT SIENA 1.4 EL L09,FIAT SIENA 1.4 EL L09,AVAILABLE,USED,OTHER,14400000 ARS,https://caradvice.com.ar/autos/189,https://api-caradvice.duckdns.org/api/image?path=%2Fopt%2Fcaradvice-media%2Fimages%2Fautos%2F189%2F1754059782911.8b70fc61-e12e-4fa3-a35c-97055f8dbbd3.JPG,"https://api-caradvice.duckdns.org/api/image?path=%2Fopt%2Fcaradvice-media%2Fimages%2Fautos%2F189%2F1754059783283.a4195046-67bc-43a3-8bb7-e5f60d659b25.JPG,https://api-caradvice.duckdns.org/api/image?path=%2Fopt%2Fcaradvice-media%2Fimages%2Fautos%2F189%2F1754059783463.dcb7862f-900a-49a3-bfdf-1523cbbedff7.JPG,https://api-caradvice.duckdns.org/api/image?path=%2Fopt%2Fcaradvice-media%2Fimages%2Fautos%2F189%2F1754059783592.a4433b60-65aa-44ab-bb83-82f7a46d7cef.JPG,https://api-caradvice.duckdns.org/api/image?path=%2Fopt%2Fcaradvice-media%2Fimages%2Fautos%2F189%2F1754059783655.d6adfab4-3b89-4ef2-9a9c-81bd2895b299.JPG,https://api-caradvice.duckdns.org/api/image?path=%2Fopt%2Fcaradvice-media%2Fimages%2Fautos%2F189%2F1754059783752.76637beb-01a7-4f13-8e1d-6f3df02975ad.JPG,https://api-caradvice.duckdns.org/api/image?path=%2Fopt%2Fcaradvice-media%2Fimages%2Fautos%2F189%2F1754059783789.0bf29de6-a6f6-4670-aac5-d7e945ee47d7.JPG,https://api-caradvice.duckdns.org/api/image?path=%2Fopt%2Fcaradvice-media%2Fimages%2Fautos%2F189%2F1754059783836.8bc9abed-aadf-4c35-9997-0132bce295a9.JPG,https://api-caradvice.duckdns.org/api/image?path=%2Fopt%2Fcaradvice-media%2Fimages%2Fautos%2F189%2F1754059783865.035dcc55-eca4-4e70-8604-d1cae901be03.JPG,https://api-caradvice.duckdns.org/api/image?path=%2Fopt%2Fcaradvice-media%2Fimages%2Fautos%2F189%2F1754059783928.49b2d5f4-bfb5-4396-b807-9c446c442282.JPG,https://api-caradvice.duckdns.org/api/image?path=%2Fopt%2Fcaradvice-media%2Fimages%2Fautos%2F189%2F1754059783966.99a78143-c061-4d37-84f5-5df2f19834ca.JPG",FIAT,SIENA,2014,138500,KM,OTHER,MANUAL,SEDAN,Octavio Pinto 3024,Cordoba,Cordoba,5000,AR,-31.4167,-64.1833
190,VOLKSWAGEN AMAROK 2.0 TD 180HP 4X2 DC COMFORTLINE AT L16,VOLKSWAGEN AMAROK 2.0 TD 180HP 4X2 DC COMFORTLINE AT L16,AVAILABLE,USED,OTHER,41000000 ARS,https://caradvice.com.ar/autos/190,https://api-caradvice.duckdns.org/api/image?path=%2Fopt%2Fcaradvice-media%2Fimages%2Fautos%2F190%2F1765382900037.IMG-20251210-WA0223.jpg,"https://api-caradvice.duckdns.org/api/image?path=%2Fopt%2Fcaradvice-media%2Fimages%2Fautos%2F190%2F1765382900053.IMG-20251210-WA0222.jpg,https://api-caradvice.duckdns.org/api/image?path=%2Fopt%2Fcaradvice-media%2Fimages%2Fautos%2F190%2F1765382900122.IMG-20251210-WA0220.jpg,https://api-caradvice.duckdns.org/api/image?path=%2Fopt%2Fcaradvice-media%2Fimages%2Fautos%2F190%2F1765382900232.IMG-20251210-WA0227.jpg,https://api-caradvice.duckdns.org/api/image?path=%2Fopt%2Fcaradvice-media%2Fimages%2Fautos%2F190%2F1765382900337.IMG-20251210-WA0219.jpg,https://api-caradvice.duckdns.org/api/image?path=%2Fopt%2Fcaradvice-media%2Fimages%2Fautos%2F190%2F1765382900422.IMG-20251210-WA0221.jpg,https://api-caradvice.duckdns.org/api/image?path=%2Fopt%2Fcaradvice-media%2Fimages%2Fautos%2F190%2F1765382900518.IMG-20251210-WA0224.jpg,https://api-caradvice.duckdns.org/api/image?path=%2Fopt%2Fcaradvice-media%2Fimages%2Fautos%2F190%2F1765382900588.IMG-20251210-WA0225.jpg,https://api-caradvice.duckdns.org/api/image?path=%2Fopt%2Fcaradvice-media%2Fimages%2Fautos%2F190%2F1765382900726.IMG-20251210-WA0226.jpg,https://api-caradvice.duckdns.org/api/image?path=%2Fopt%2Fcaradvice-media%2Fimages%2Fautos%2F190%2F1765382900873.IMG-20251210-WA0228.jpg,https://api-caradvice.duckdns.org/api/image?path=%2Fopt%2Fcaradvice-media%2Fimages%2Fautos%2F190%2F1765382900943.IMG-20251210-WA0229.jpg",VOLKSWAGEN,AMAROK,2020,142300,KM,DIESEL,AUTOMATIC,PICKUP,Octavio Pinto 3024,Cordoba,Cordoba,5000,AR,-31.4167,-64.1833
191,TOYOTA ETIOS 1.5 XLS AT4 5P L16,TOYOTA ETIOS 1.5 XLS AT4 5P L16,AVAILABLE,USED,OTHER,21000000 ARS,https://caradvice.com.ar/autos/191,https://api-caradvice.duckdns.org/api/image?path=%2Fopt%2Fcaradvice-media%2Fimages%2Fautos%2F191%2F1753852608354.67f2c6ba-30d9-4e3a-a7b0-2ea4edc56e15.jpeg,"https://api-caradvice.duckdns.org/api/image?path=%2Fopt%2Fcaradvice-media%2Fimages%2Fautos%2F191%2F1753852608651.7ea3babd-0a05-43b4-a703-15a0d85d173b.jpeg,https://api-caradvice.duckdns.org/api/image?path=%2Fopt%2Fcaradvice-media%2Fimages%2Fautos%2F191%2F1753852609153.2a490ff5-54cd-4999-9924-f70c1cf76eaa.jpeg,https://api-caradvice.duckdns.org/api/image?path=%2Fopt%2Fcaradvice-media%2Fimages%2Fautos%2F191%2F1753852609184.074fe393-8aaf-4c1e-a695-751fbedcabaf.jpeg,https://api-caradvice.duckdns.org/api/image?path=%2Fopt%2Fcaradvice-media%2Fimages%2Fautos%2F191%2F1753852609325.0adf05fa-309c-4a08-be62-0f840ff31ba3.jpeg,https://api-caradvice.duckdns.org/api/image?path=%2Fopt%2Fcaradvice-media%2Fimages%2Fautos%2F191%2F1753852609461.bfe66ff9-a24e-4387-9c04-cdf758e82e15.jpeg,https://api-caradvice.duckdns.org/api/image?path=%2Fopt%2Fcaradvice-media%2Fimages%2Fautos%2F191%2F1753852609592.18f39909-f7b3-4667-a2a6-ebc318bae29a.jpeg,https://api-caradvice.duckdns.org/api/image?path=%2Fopt%2Fcaradvice-media%2Fimages%2Fautos%2F191%2F1753852609713.a73dc693-ded0-42b3-8dc1-b3fd2ab83794.jpeg,https://api-caradvice.duckdns.org/api/image?path=%2Fopt%2Fcaradvice-media%2Fimages%2Fautos%2F191%2F1753852609839.212416c6-1441-4c28-ab4c-47358d4c9ffb.jpeg,https://api-caradvice.duckdns.org/api/image?path=%2Fopt%2Fcaradvice-media%2Fimages%2Fautos%2F191%2F1753852609961.0ff6d672-6c69-4171-94f5-32111cafe146.jpeg,https://api-caradvice.duckdns.org/api/image?path=%2Fopt%2Fcaradvice-media%2Fimages%2Fautos%2F191%2F1753852610103.44918514-d47c-4813-a575-e0d0c6e0a7b0.jpeg",TOYOTA,ETIOS,2017,121200,KM,GASOLINE,AUTOMATIC,HATCHBACK,Octavio Pinto 3024,Cordoba,Cordoba,5000,AR,-31.4167,-64.1833
192,RENAULT SANDERO STEPWAY 1.6 EXPRESSION L17,RENAULT SANDERO STEPWAY 1.6 EXPRESSION L17,AVAILABLE,USED,OTHER,18500000 ARS,https://caradvice.com.ar/autos/192,https://api-caradvice.duckdns.org/api/image?path=%2Fopt%2Fcaradvice-media%2Fimages%2Fautos%2F192%2F1763576501013.IMG-20251119-WA0223.jpg,"https://api-caradvice.duckdns.org/api/image?path=%2Fopt%2Fcaradvice-media%2Fimages%2Fautos%2F192%2F1763576501293.IMG-20251119-WA0225.jpg,https://api-caradvice.duckdns.org/api/image?path=%2Fopt%2Fcaradvice-media%2Fimages%2Fautos%2F192%2F1763576501672.IMG-20251119-WA0224.jpg,https://api-caradvice.duckdns.org/api/image?path=%2Fopt%2Fcaradvice-media%2Fimages%2Fautos%2F192%2F1763576501845.IMG-20251119-WA0227.jpg,https://api-caradvice.duckdns.org/api/image?path=%2Fopt%2Fcaradvice-media%2Fimages%2Fautos%2F192%2F1763576501993.IMG-20251119-WA0222.jpg,https://api-caradvice.duckdns.org/api/image?path=%2Fopt%2Fcaradvice-media%2Fimages%2Fautos%2F192%2F1763576502145.IMG-20251119-WA0228.jpg,https://api-caradvice.duckdns.org/api/image?path=%2Fopt%2Fcaradvice-media%2Fimages%2Fautos%2F192%2F1763576502297.IMG-20251119-WA0226.jpg,https://api-caradvice.duckdns.org/api/image?path=%2Fopt%2Fcaradvice-media%2Fimages%2Fautos%2F192%2F1763576502716.IMG-20251119-WA0229.jpg,https://api-caradvice.duckdns.org/api/image?path=%2Fopt%2Fcaradvice-media%2Fimages%2Fautos%2F192%2F1763576502894.IMG-20251119-WA0230.jpg,https://api-caradvice.duckdns.org/api/image?path=%2Fopt%2Fcaradvice-media%2Fimages%2Fautos%2F192%2F1763576502953.IMG-20251119-WA0231.jpg,https://api-caradvice.duckdns.org/api/image?path=%2Fopt%2Fcaradvice-media%2Fimages%2Fautos%2F192%2F1763576503365.IMG-20251119-WA0232.jpg",RENAULT,SANDERO STEPWAY,2018,119000,KM,GASOLINE,MANUAL,HATCHBACK,Octavio Pinto 3024,Cordoba,Cordoba,5000,AR,-31.4167,-64.1833
193,FIAT 600 1.2 HYBRID EDCT,FIAT 600 1.2 HYBRID EDCT,AVAILABLE,USED,OTHER,50000000 ARS,https://caradvice.com.ar/autos/193,https://api-caradvice.duckdns.org/api/image?path=%2Fopt%2Fcaradvice-media%2Fimages%2Fautos%2F193%2F1762966648326.IMG-20251112-WA0117.jpg,"https://api-caradvice.duckdns.org/api/image?path=%2Fopt%2Fcaradvice-media%2Fimages%2Fautos%2F193%2F1762966648341.IMG-20251112-WA0135.jpg,https://api-caradvice.duckdns.org/api/image?path=%2Fopt%2Fcaradvice-media%2Fimages%2Fautos%2F193%2F1762966648343.IMG-20251112-WA0116.jpg,https://api-caradvice.duckdns.org/api/image?path=%2Fopt%2Fcaradvice-media%2Fimages%2Fautos%2F193%2F1762966648345.IMG-20251112-WA0134.jpg,https://api-caradvice.duckdns.org/api/image?path=%2Fopt%2Fcaradvice-media%2Fimages%2Fautos%2F193%2F1762966648356.IMG-20251112-WA0118.jpg,https://api-caradvice.duckdns.org/api/image?path=%2Fopt%2Fcaradvice-media%2Fimages%2Fautos%2F193%2F1762966648386.Imagen%20de%20WhatsApp%202025-11-12%20a%20las%2013.24.32_676fcf0.jpg,https://api-caradvice.duckdns.org/api/image?path=%2Fopt%2Fcaradvice-media%2Fimages%2Fautos%2F193%2F1762966648408.IMG-20251112-WA0124.jpg,https://api-caradvice.duckdns.org/api/image?path=%2Fopt%2Fcaradvice-media%2Fimages%2Fautos%2F193%2F1762966648424.IMG-20251112-WA0129.jpg,https://api-caradvice.duckdns.org/api/image?path=%2Fopt%2Fcaradvice-media%2Fimages%2Fautos%2F193%2F1762966648439.IMG-20251112-WA0121.jpg,https://api-caradvice.duckdns.org/api/image?path=%2Fopt%2Fcaradvice-media%2Fimages%2Fautos%2F193%2F1762966648497.IMG-20251112-WA0125.jpg,https://api-caradvice.duckdns.org/api/image?path=%2Fopt%2Fcaradvice-media%2Fimages%2Fautos%2F193%2F1762966648533.IMG-20251112-WA0122.jpg",FIAT,600,2025,1000,KM,HYBRID,AUTOMATIC,SUV,Octavio Pinto 3024,Cordoba,Cordoba,5000,AR,-31.4167,-64.1833
194,FORD RANGER 2.0 TD DC 4X4 LTD AT,FORD RANGER 2.0 TD DC 4X4 LTD AT,AVAILABLE,USED,OTHER,46000 USD,https://caradvice.com.ar/autos/194,https://api-caradvice.duckdns.org/api/image?path=%2Fopt%2Fcaradvice-media%2Fimages%2Fautos%2F194%2F1755880193698.f11ba515-c97b-41c5-afd8-f0e566e258e6.JPG,"https://api-caradvice.duckdns.org/api/image?path=%2Fopt%2Fcaradvice-media%2Fimages%2Fautos%2F194%2F1755880193801.e6d58e44-bed5-4378-93e6-56b87c416037.JPG,https://api-caradvice.duckdns.org/api/image?path=%2Fopt%2Fcaradvice-media%2Fimages%2Fautos%2F194%2F1755880193947.7827e064-710f-432a-99d5-e2c652206cc5.JPG,https://api-caradvice.duckdns.org/api/image?path=%2Fopt%2Fcaradvice-media%2Fimages%2Fautos%2F194%2F1755880194047.2bc4b047-be79-47d3-8390-e616a7680cce.JPG,https://api-caradvice.duckdns.org/api/image?path=%2Fopt%2Fcaradvice-media%2Fimages%2Fautos%2F194%2F1755880194101.c3ded605-e31a-46e4-bc4e-e08be6fc6abc.JPG,https://api-caradvice.duckdns.org/api/image?path=%2Fopt%2Fcaradvice-media%2Fimages%2Fautos%2F194%2F1755880194171.6649fc17-473d-4aeb-a218-5f41da2f4df2.JPG,https://api-caradvice.duckdns.org/api/image?path=%2Fopt%2Fcaradvice-media%2Fimages%2Fautos%2F194%2F1755880194226.2543c142-70f1-44b9-84df-814e8e8ca78f.JPG,https://api-caradvice.duckdns.org/api/image?path=%2Fopt%2Fcaradvice-media%2Fimages%2Fautos%2F194%2F1755880194278.4b40bc47-862b-4c33-a704-bebfdfb13b82.JPG,https://api-caradvice.duckdns.org/api/image?path=%2Fopt%2Fcaradvice-media%2Fimages%2Fautos%2F194%2F1755880194330.5a39aa5e-7ebd-4b13-9887-584a875fe8da.JPG,https://api-caradvice.duckdns.org/api/image?path=%2Fopt%2Fcaradvice-media%2Fimages%2Fautos%2F194%2F1755880194377.5a49803a-948f-43ec-b5b7-6d6af9e0bcc6.JPG,https://api-caradvice.duckdns.org/api/image?path=%2Fopt%2Fcaradvice-media%2Fimages%2Fautos%2F194%2F1755880194419.88d05a73-64eb-4f07-96d3-73097b25f662.JPG",FORD,RANGER,2024,41300,KM,DIESEL,AUTOMATIC,PICKUP,Octavio Pinto 3024,Cordoba,Cordoba,5000,AR,-31.4167,-64.1833
195,VOLKSWAGEN POLO 1.6 MSI TREND,VOLKSWAGEN POLO 1.6 MSI TREND,AVAILABLE,USED,OTHER,26900000 ARS,https://caradvice.com.ar/autos/195,https://api-caradvice.duckdns.org/api/image?path=%2Fopt%2Fcaradvice-media%2Fimages%2Fautos%2F195%2F1764790893577.IMG-20251203-WA0395.jpg,"https://api-caradvice.duckdns.org/api/image?path=%2Fopt%2Fcaradvice-media%2Fimages%2Fautos%2F195%2F1764790893697.IMG-20251203-WA0401.jpg,https://api-caradvice.duckdns.org/api/image?path=%2Fopt%2Fcaradvice-media%2Fimages%2Fautos%2F195%2F1764790893937.IMG-20251203-WA0396.jpg,https://api-caradvice.duckdns.org/api/image?path=%2Fopt%2Fcaradvice-media%2Fimages%2Fautos%2F195%2F1764790894257.IMG-20251203-WA0394.jpg,https://api-caradvice.duckdns.org/api/image?path=%2Fopt%2Fcaradvice-media%2Fimages%2Fautos%2F195%2F1764790894495.IMG-20251203-WA0393.jpg,https://api-caradvice.duckdns.org/api/image?path=%2Fopt%2Fcaradvice-media%2Fimages%2Fautos%2F195%2F1764790894710.IMG-20251203-WA0397.jpg,https://api-caradvice.duckdns.org/api/image?path=%2Fopt%2Fcaradvice-media%2Fimages%2Fautos%2F195%2F1764790895051.IMG-20251203-WA0398.jpg,https://api-caradvice.duckdns.org/api/image?path=%2Fopt%2Fcaradvice-media%2Fimages%2Fautos%2F195%2F1764790895058.IMG-20251203-WA0402.jpg,https://api-caradvice.duckdns.org/api/image?path=%2Fopt%2Fcaradvice-media%2Fimages%2Fautos%2F195%2F1764790895282.IMG-20251203-WA0403.jpg,https://api-caradvice.duckdns.org/api/image?path=%2Fopt%2Fcaradvice-media%2Fimages%2Fautos%2F195%2F1764790895410.IMG-20251203-WA0404.jpg,https://api-caradvice.duckdns.org/api/image?path=%2Fopt%2Fcaradvice-media%2Fimages%2Fautos%2F195%2F1764790895546.IMG-20251203-WA0399.jpg",VOLKSWAGEN,POLO,2023,1900,KM,GASOLINE,MANUAL,HATCHBACK,Octavio Pinto 3024,Cordoba,Cordoba,5000,AR,-31.4167,-64.1833
197,RENAULT SANDERO 1.6 16V LIFE,RENAULT SANDERO 1.6 16V LIFE,AVAILABLE,USED,OTHER,24000000 ARS,https://caradvice.com.ar/autos/197,https://api-caradvice.duckdns.org/api/image?path=%2Fopt%2Fcaradvice-media%2Fimages%2Fautos%2F197%2F1766164172613.WhatsApp%20Image%202025-12-19%20at%2012.30.39.jpeg,"https://api-caradvice.duckdns.org/api/image?path=%2Fopt%2Fcaradvice-media%2Fimages%2Fautos%2F197%2F1766164172735.WhatsApp%20Image%202025-12-19%20at%2012.30.40.jpeg,https://api-caradvice.duckdns.org/api/image?path=%2Fopt%2Fcaradvice-media%2Fimages%2Fautos%2F197%2F1766164172888.WhatsApp%20Image%202025-12-19%20at%2012.30.37.jpeg,https://api-caradvice.duckdns.org/api/image?path=%2Fopt%2Fcaradvice-media%2Fimages%2Fautos%2F197%2F1766164173007.WhatsApp%20Image%202025-12-19%20at%2012.30.41.jpeg,https://api-caradvice.duckdns.org/api/image?path=%2Fopt%2Fcaradvice-media%2Fimages%2Fautos%2F197%2F1766164173060.WhatsApp%20Image%202025-12-19%20at%2012.30.38.jpeg,https://api-caradvice.duckdns.org/api/image?path=%2Fopt%2Fcaradvice-media%2Fimages%2Fautos%2F197%2F1766164173121.WhatsApp%20Image%202025-12-19%20at%2012.30.39%20(1).jpeg,https://api-caradvice.duckdns.org/api/image?path=%2Fopt%2Fcaradvice-media%2Fimages%2Fautos%2F197%2F1766164173196.WhatsApp%20Image%202025-12-19%20at%2012.30.41%20(1).jpeg,https://api-caradvice.duckdns.org/api/image?path=%2Fopt%2Fcaradvice-media%2Fimages%2Fautos%2F197%2F1766164173504.WhatsApp%20Image%202025-12-19%20at%2012.30.41%20(2).jpeg,https://api-caradvice.duckdns.org/api/image?path=%2Fopt%2Fcaradvice-media%2Fimages%2Fautos%2F197%2F1766164173590.WhatsApp%20Image%202025-12-19%20at%2012.30.41%20(3).jpeg,https://api-caradvice.duckdns.org/api/image?path=%2Fopt%2Fcaradvice-media%2Fimages%2Fautos%2F197%2F1766164173669.WhatsApp%20Image%202025-12-19%20at%2012.30.45.jpeg,https://api-caradvice.duckdns.org/api/image?path=%2Fopt%2Fcaradvice-media%2Fimages%2Fautos%2F197%2F1766164173885.WhatsApp%20Image%202025-12-19%20at%2012.30.42.jpeg",RENAULT,SANDERO,2024,34000,KM,GASOLINE,MANUAL,HATCHBACK,Octavio Pinto 3024,Cordoba,Cordoba,5000,AR,-31.4167,-64.1833
198,PEUGEOT 207 COMPACT 1.4 5 P XSALLURE,PEUGEOT 207 COMPACT 1.4 5 P XSALLURE,AVAILABLE,USED,OTHER,12000000 ARS,https://caradvice.com.ar/autos/198,https://api-caradvice.duckdns.org/api/image?path=%2Fopt%2Fcaradvice-media%2Fimages%2Fautos%2F198%2F1748833067067.c3da3bac-1363-476a-979a-1ed1708914b4.JPG,"https://api-caradvice.duckdns.org/api/image?path=%2Fopt%2Fcaradvice-media%2Fimages%2Fautos%2F198%2F1748833067134.9e679a19-be41-4a57-aa2b-fe689ec1697c.JPG,https://api-caradvice.duckdns.org/api/image?path=%2Fopt%2Fcaradvice-media%2Fimages%2Fautos%2F198%2F1748833067176.bef30571-38c2-4d9e-a333-88deaef146bf.JPG,https://api-caradvice.duckdns.org/api/image?path=%2Fopt%2Fcaradvice-media%2Fimages%2Fautos%2F198%2F1748833067218.87b9ce21-bf2a-438f-8377-0bdee7e8ae23.JPG,https://api-caradvice.duckdns.org/api/image?path=%2Fopt%2Fcaradvice-media%2Fimages%2Fautos%2F198%2F1748833067243.7afd0bd7-6a49-4731-9feb-739a34ad38d6.JPG,https://api-caradvice.duckdns.org/api/image?path=%2Fopt%2Fcaradvice-media%2Fimages%2Fautos%2F198%2F1748833067269.aa648b77-e4b0-4ea1-a203-0e5e04560532.JPG,https://api-caradvice.duckdns.org/api/image?path=%2Fopt%2Fcaradvice-media%2Fimages%2Fautos%2F198%2F1748833067290.1b23b9a6-6a12-46fe-878a-f6733fd0fb94.JPG,https://api-caradvice.duckdns.org/api/image?path=%2Fopt%2Fcaradvice-media%2Fimages%2Fautos%2F198%2F1748833067300.8da9c516-7b98-44f4-95d6-79efee47fd51.JPG,https://api-caradvice.duckdns.org/api/image?path=%2Fopt%2Fcaradvice-media%2Fimages%2Fautos%2F198%2F1748833067323.8f9413da-df27-4e21-adfb-a9ca77612a17.JPG,https://api-caradvice.duckdns.org/api/image?path=%2Fopt%2Fcaradvice-media%2Fimages%2Fautos%2F198%2F1748833067344.505f8357-0554-4f73-98e7-c7d10ffc128d.JPG,https://api-caradvice.duckdns.org/api/image?path=%2Fopt%2Fcaradvice-media%2Fimages%2Fautos%2F198%2F1748833067455.7524dcda-6430-4b6b-85b4-e4d5061aa828.JPG",PEUGEOT,207,2014,150300,KM,GASOLINE,MANUAL,HATCHBACK,Octavio Pinto 3024,Cordoba,Cordoba,5000,AR,-31.4167,-64.1833
199,BMW X2 20I SDRIVE M SPORT III,BMW X2 20I SDRIVE M SPORT III,AVAILABLE,USED,OTHER,48000 USD,https://caradvice.com.ar/autos/199,https://api-caradvice.duckdns.org/api/image?path=%2Fopt%2Fcaradvice-media%2Fimages%2Fautos%2F199%2F1764773273552.IMG-20251203-WA0206.jpg,"https://api-caradvice.duckdns.org/api/image?path=%2Fopt%2Fcaradvice-media%2Fimages%2Fautos%2F199%2F1764773273901.IMG-20251203-WA0207.jpg,https://api-caradvice.duckdns.org/api/image?path=%2Fopt%2Fcaradvice-media%2Fimages%2Fautos%2F199%2F1764773274310.IMG-20251203-WA0203.jpg,https://api-caradvice.duckdns.org/api/image?path=%2Fopt%2Fcaradvice-media%2Fimages%2Fautos%2F199%2F1764773274832.IMG-20251203-WA0211.jpg,https://api-caradvice.duckdns.org/api/image?path=%2Fopt%2Fcaradvice-media%2Fimages%2Fautos%2F199%2F1764773275239.IMG-20251203-WA0204.jpg,https://api-caradvice.duckdns.org/api/image?path=%2Fopt%2Fcaradvice-media%2Fimages%2Fautos%2F199%2F1764773275707.IMG-20251203-WA0205.jpg,https://api-caradvice.duckdns.org/api/image?path=%2Fopt%2Fcaradvice-media%2Fimages%2Fautos%2F199%2F1764773276166.IMG-20251203-WA0208.jpg,https://api-caradvice.duckdns.org/api/image?path=%2Fopt%2Fcaradvice-media%2Fimages%2Fautos%2F199%2F1764773276563.IMG-20251203-WA0209.jpg,https://api-caradvice.duckdns.org/api/image?path=%2Fopt%2Fcaradvice-media%2Fimages%2Fautos%2F199%2F1764773276969.IMG-20251203-WA0210.jpg,https://api-caradvice.duckdns.org/api/image?path=%2Fopt%2Fcaradvice-media%2Fimages%2Fautos%2F199%2F1764773277263.IMG-20251203-WA0212.jpg,https://api-caradvice.duckdns.org/api/image?path=%2Fopt%2Fcaradvice-media%2Fimages%2Fautos%2F199%2F1764773277611.IMG-20251203-WA0213.jpg",BMW,X2,2018,47700,KM,GASOLINE,AUTOMATIC,SUV,Octavio Pinto 3024,Cordoba,Cordoba,5000,AR,-31.4167,-64.1833
200,VOLKSWAGEN AMAROK 2.0 TD 180HP 4X2 DC HIGHLINE AT L17,VOLKSWAGEN AMAROK 2.0 TD 180HP 4X2 DC HIGHLINE AT L17,AVAILABLE,USED,OTHER,29000 USD,https://caradvice.com.ar/autos/200,https://api-caradvice.duckdns.org/api/image?path=%2Fopt%2Fcaradvice-media%2Fimages%2Fautos%2F200%2F1761841850806.IMG-20251030-WA0271.jpg,"https://api-caradvice.duckdns.org/api/image?path=%2Fopt%2Fcaradvice-media%2Fimages%2Fautos%2F200%2F1761841851070.IMG-20251030-WA0272.jpg,https://api-caradvice.duckdns.org/api/image?path=%2Fopt%2Fcaradvice-media%2Fimages%2Fautos%2F200%2F1761841851291.IMG-20251030-WA0275.jpg,https://api-caradvice.duckdns.org/api/image?path=%2Fopt%2Fcaradvice-media%2Fimages%2Fautos%2F200%2F1761841851406.IMG-20251030-WA0278.jpg,https://api-caradvice.duckdns.org/api/image?path=%2Fopt%2Fcaradvice-media%2Fimages%2Fautos%2F200%2F1761841851489.IMG-20251030-WA0277.jpg,https://api-caradvice.duckdns.org/api/image?path=%2Fopt%2Fcaradvice-media%2Fimages%2Fautos%2F200%2F1761841851634.IMG-20251030-WA0273.jpg,https://api-caradvice.duckdns.org/api/image?path=%2Fopt%2Fcaradvice-media%2Fimages%2Fautos%2F200%2F1761841851749.IMG-20251030-WA0274.jpg,https://api-caradvice.duckdns.org/api/image?path=%2Fopt%2Fcaradvice-media%2Fimages%2Fautos%2F200%2F1761841851879.IMG-20251030-WA0276.jpg,https://api-caradvice.duckdns.org/api/image?path=%2Fopt%2Fcaradvice-media%2Fimages%2Fautos%2F200%2F1761841852247.IMG-20251030-WA0281.jpg,https://api-caradvice.duckdns.org/api/image?path=%2Fopt%2Fcaradvice-media%2Fimages%2Fautos%2F200%2F1761841852299.IMG-20251030-WA0280.jpg,https://api-caradvice.duckdns.org/api/image?path=%2Fopt%2Fcaradvice-media%2Fimages%2Fautos%2F200%2F1761841852395.IMG-20251030-WA0279.jpg",VOLKSWAGEN,AMAROK,2018,116400,KM,DIESEL,AUTOMATIC,PICKUP,Octavio Pinto 3024,Cordoba,Cordoba,5000,AR,-31.4167,-64.1833
202,VOLKSWAGEN VIRTUS 1.6 MSI L25,VOLKSWAGEN VIRTUS 1.6 MSI L25,AVAILABLE,USED,OTHER,31000000 ARS,https://caradvice.com.ar/autos/202,https://api-caradvice.duckdns.org/api/image?path=%2Fopt%2Fcaradvice-media%2Fimages%2Fautos%2F202%2F1760633467722.Imagen%20de%20WhatsApp%202025-10-16%20a%20las%2012.55.30_735df30.jpg,"https://api-caradvice.duckdns.org/api/image?path=%2Fopt%2Fcaradvice-media%2Fimages%2Fautos%2F202%2F1760633468080.Imagen%20de%20WhatsApp%202025-10-16%20a%20las%2012.55.32_627b0de.jpg,https://api-caradvice.duckdns.org/api/image?path=%2Fopt%2Fcaradvice-media%2Fimages%2Fautos%2F202%2F1760633468437.Imagen%20de%20WhatsApp%202025-10-16%20a%20las%2012.55.29_ecb3d35.jpg,https://api-caradvice.duckdns.org/api/image?path=%2Fopt%2Fcaradvice-media%2Fimages%2Fautos%2F202%2F1760633468746.IMG-20251016-WA0237.jpg,https://api-caradvice.duckdns.org/api/image?path=%2Fopt%2Fcaradvice-media%2Fimages%2Fautos%2F202%2F1760633469037.Imagen%20de%20WhatsApp%202025-10-16%20a%20las%2012.55.30_398bb2f.jpg,https://api-caradvice.duckdns.org/api/image?path=%2Fopt%2Fcaradvice-media%2Fimages%2Fautos%2F202%2F1760633469372.Imagen%20de%20WhatsApp%202025-10-16%20a%20las%2012.55.30_a3c1b36.jpg,https://api-caradvice.duckdns.org/api/image?path=%2Fopt%2Fcaradvice-media%2Fimages%2Fautos%2F202%2F1760633469568.IMG-20251016-WA0248.jpg,https://api-caradvice.duckdns.org/api/image?path=%2Fopt%2Fcaradvice-media%2Fimages%2Fautos%2F202%2F1760633469708.IMG-20251016-WA0246.jpg,https://api-caradvice.duckdns.org/api/image?path=%2Fopt%2Fcaradvice-media%2Fimages%2Fautos%2F202%2F1760633469956.IMG-20251016-WA0241.jpg,https://api-caradvice.duckdns.org/api/image?path=%2Fopt%2Fcaradvice-media%2Fimages%2Fautos%2F202%2F1760633470125.IMG-20251016-WA0236.jpg,https://api-caradvice.duckdns.org/api/image?path=%2Fopt%2Fcaradvice-media%2Fimages%2Fautos%2F202%2F1760633470334.IMG-20251016-WA0242.jpg",VOLKSWAGEN,VIRTUS,2025,9900,KM,GASOLINE,MANUAL,SEDAN,Octavio Pinto 3024,Cordoba,Cordoba,5000,AR,-31.4167,-64.1833
203,RENAULT CAPTUR 2.0 ZEN,RENAULT CAPTUR 2.0 ZEN,AVAILABLE,USED,OTHER,24500000 ARS,https://caradvice.com.ar/autos/203,https://api-caradvice.duckdns.org/api/image?path=%2Fopt%2Fcaradvice-media%2Fimages%2Fautos%2F203%2F1765400110813.IMG-20251210-WA0374.jpg,"https://api-caradvice.duckdns.org/api/image?path=%2Fopt%2Fcaradvice-media%2Fimages%2Fautos%2F203%2F1765400110874.IMG-20251210-WA0362.jpg,https://api-caradvice.duckdns.org/api/image?path=%2Fopt%2Fcaradvice-media%2Fimages%2Fautos%2F203%2F1765400110972.IMG-20251210-WA0375.jpg,https://api-caradvice.duckdns.org/api/image?path=%2Fopt%2Fcaradvice-media%2Fimages%2Fautos%2F203%2F1765400111079.IMG-20251210-WA0368.jpg,https://api-caradvice.duckdns.org/api/image?path=%2Fopt%2Fcaradvice-media%2Fimages%2Fautos%2F203%2F1765400111172.IMG-20251210-WA0373.jpg,https://api-caradvice.duckdns.org/api/image?path=%2Fopt%2Fcaradvice-media%2Fimages%2Fautos%2F203%2F1765400111249.IMG-20251210-WA0358.jpg,https://api-caradvice.duckdns.org/api/image?path=%2Fopt%2Fcaradvice-media%2Fimages%2Fautos%2F203%2F1765400111349.IMG-20251210-WA0371.jpg,https://api-caradvice.duckdns.org/api/image?path=%2Fopt%2Fcaradvice-media%2Fimages%2Fautos%2F203%2F1765400111435.IMG-20251210-WA0370.jpg,https://api-caradvice.duckdns.org/api/image?path=%2Fopt%2Fcaradvice-media%2Fimages%2Fautos%2F203%2F1765400111511.IMG-20251210-WA0363.jpg,https://api-caradvice.duckdns.org/api/image?path=%2Fopt%2Fcaradvice-media%2Fimages%2Fautos%2F203%2F1765400111621.IMG-20251210-WA0364.jpg,https://api-caradvice.duckdns.org/api/image?path=%2Fopt%2Fcaradvice-media%2Fimages%2Fautos%2F203%2F1765400111692.IMG-20251210-WA0365.jpg",RENAULT,CAPTUR,2018,110000,KM,OTHER,MANUAL,SUV,Octavio Pinto 3024,Cordoba,Cordoba,5000,AR,-31.4167,-64.1833
205,RENAULT LOGAN II 1.6 16V LIFE,RENAULT LOGAN II 1.6 16V LIFE,AVAILABLE,USED,OTHER,23000000 ARS,https://caradvice.com.ar/autos/205,https://api-caradvice.duckdns.org/api/image?path=%2Fopt%2Fcaradvice-media%2Fimages%2Fautos%2F205%2F1764621738696.IMG-20251201-WA0545.jpg,"https://api-caradvice.duckdns.org/api/image?path=%2Fopt%2Fcaradvice-media%2Fimages%2Fautos%2F205%2F1764621738712.IMG-20251201-WA0549.jpg,https://api-caradvice.duckdns.org/api/image?path=%2Fopt%2Fcaradvice-media%2Fimages%2Fautos%2F205%2F1764621739249.IMG-20251201-WA0543.jpg,https://api-caradvice.duckdns.org/api/image?path=%2Fopt%2Fcaradvice-media%2Fimages%2Fautos%2F205%2F1764621739322.IMG-20251201-WA0550.jpg,https://api-caradvice.duckdns.org/api/image?path=%2Fopt%2Fcaradvice-media%2Fimages%2Fautos%2F205%2F1764621739390.IMG-20251201-WA0544.jpg,https://api-caradvice.duckdns.org/api/image?path=%2Fopt%2Fcaradvice-media%2Fimages%2Fautos%2F205%2F1764621739581.IMG-20251201-WA0546.jpg,https://api-caradvice.duckdns.org/api/image?path=%2Fopt%2Fcaradvice-media%2Fimages%2Fautos%2F205%2F1764621739692.IMG-20251201-WA0551.jpg,https://api-caradvice.duckdns.org/api/image?path=%2Fopt%2Fcaradvice-media%2Fimages%2Fautos%2F205%2F1764621739735.IMG-20251201-WA0552.jpg,https://api-caradvice.duckdns.org/api/image?path=%2Fopt%2Fcaradvice-media%2Fimages%2Fautos%2F205%2F1764621739815.IMG-20251201-WA0553.jpg,https://api-caradvice.duckdns.org/api/image?path=%2Fopt%2Fcaradvice-media%2Fimages%2Fautos%2F205%2F1764621739961.IMG-20251201-WA0554.jpg,https://api-caradvice.duckdns.org/api/image?path=%2Fopt%2Fcaradvice-media%2Fimages%2Fautos%2F205%2F1764621740066.IMG-20251201-WA0548.jpg",RENAULT,LOGAN,2024,66000,KM,GASOLINE,MANUAL,SEDAN,Octavio Pinto 3024,Cordoba,Cordoba,5000,AR,-31.4167,-64.1833
206,FORD ECO SPORT 1.6 SE L13,FORD ECO SPORT 1.6 SE L13,AVAILABLE,USED,OTHER,17000000 ARS,https://caradvice.com.ar/autos/206,https://api-caradvice.duckdns.org/api/image?path=%2Fopt%2Fcaradvice-media%2Fimages%2Fautos%2F206%2F1760389019104.IMG-20251013-WA0212.jpg,"https://api-caradvice.duckdns.org/api/image?path=%2Fopt%2Fcaradvice-media%2Fimages%2Fautos%2F206%2F1760389019128.IMG-20251013-WA0211.jpg,https://api-caradvice.duckdns.org/api/image?path=%2Fopt%2Fcaradvice-media%2Fimages%2Fautos%2F206%2F1760389019200.IMG-20251013-WA0203.jpg,https://api-caradvice.duckdns.org/api/image?path=%2Fopt%2Fcaradvice-media%2Fimages%2Fautos%2F206%2F1760389019264.IMG-20251013-WA0202.jpg,https://api-caradvice.duckdns.org/api/image?path=%2Fopt%2Fcaradvice-media%2Fimages%2Fautos%2F206%2F1760389019371.IMG-20251013-WA0218.jpg,https://api-caradvice.duckdns.org/api/image?path=%2Fopt%2Fcaradvice-media%2Fimages%2Fautos%2F206%2F1760389019417.IMG-20251013-WA0214.jpg,https://api-caradvice.duckdns.org/api/image?path=%2Fopt%2Fcaradvice-media%2Fimages%2Fautos%2F206%2F1760389019476.IMG-20251013-WA0210.jpg,https://api-caradvice.duckdns.org/api/image?path=%2Fopt%2Fcaradvice-media%2Fimages%2Fautos%2F206%2F1760389019549.IMG-20251013-WA0206.jpg,https://api-caradvice.duckdns.org/api/image?path=%2Fopt%2Fcaradvice-media%2Fimages%2Fautos%2F206%2F1760389019580.IMG-20251013-WA0217.jpg,https://api-caradvice.duckdns.org/api/image?path=%2Fopt%2Fcaradvice-media%2Fimages%2Fautos%2F206%2F1760389019609.IMG-20251013-WA0221.jpg,https://api-caradvice.duckdns.org/api/image?path=%2Fopt%2Fcaradvice-media%2Fimages%2Fautos%2F206%2F1760389019630.IMG-20251013-WA0216.jpg",FORD,ECO SPORT,2013,137400,KM,OTHER,MANUAL,SUV,Octavio Pinto 3024,Cordoba,Cordoba,5000,AR,-31.4167,-64.1833
207,FORD ECO SPORT 1.5 TITANIUM,FORD ECO SPORT 1.5 TITANIUM,AVAILABLE,USED,OTHER,22500000 ARS,https://caradvice.com.ar/autos/207,https://api-caradvice.duckdns.org/api/image?path=%2Fopt%2Fcaradvice-media%2Fimages%2Fautos%2F207%2F1751413056949.8e2815af-b032-4928-bd14-9e74c7ec90b3.JPG,"https://api-caradvice.duckdns.org/api/image?path=%2Fopt%2Fcaradvice-media%2Fimages%2Fautos%2F207%2F1751413057287.572eb828-c381-4784-a9f1-38c57b4c411f.JPG,https://api-caradvice.duckdns.org/api/image?path=%2Fopt%2Fcaradvice-media%2Fimages%2Fautos%2F207%2F1751413057464.f39fe1bb-1ea2-4fcd-858d-7ca5ec04708d.JPG,https://api-caradvice.duckdns.org/api/image?path=%2Fopt%2Fcaradvice-media%2Fimages%2Fautos%2F207%2F1751413057560.07bcf85c-8f1c-4952-8038-9d3f3479fcd2.JPG,https://api-caradvice.duckdns.org/api/image?path=%2Fopt%2Fcaradvice-media%2Fimages%2Fautos%2F207%2F1751413057813.bee09c3b-9180-4d35-be0f-085045e5478b.JPG,https://api-caradvice.duckdns.org/api/image?path=%2Fopt%2Fcaradvice-media%2Fimages%2Fautos%2F207%2F1751413057926.5621ff4d-ef78-41ff-9e72-14cd78bb1ac0.JPG,https://api-caradvice.duckdns.org/api/image?path=%2Fopt%2Fcaradvice-media%2Fimages%2Fautos%2F207%2F1751413058043.e3c94eb8-867d-4fb6-9a7a-ad64368adf53.JPG,https://api-caradvice.duckdns.org/api/image?path=%2Fopt%2Fcaradvice-media%2Fimages%2Fautos%2F207%2F1751413058297.8e680caa-54ec-4ced-b6b4-9aef9e9bac01.JPG,https://api-caradvice.duckdns.org/api/image?path=%2Fopt%2Fcaradvice-media%2Fimages%2Fautos%2F207%2F1751413058386.9ca9b102-09ea-443d-b8bb-a4d95dd6b0a5.JPG,https://api-caradvice.duckdns.org/api/image?path=%2Fopt%2Fcaradvice-media%2Fimages%2Fautos%2F207%2F1751413058492.21e0927e-2fa1-4ee4-a66d-4fd660b7c4e0.JPG,https://api-caradvice.duckdns.org/api/image?path=%2Fopt%2Fcaradvice-media%2Fimages%2Fautos%2F207%2F1751413058784.41d38548-0e41-403d-a879-845ad983057e.JPG",FORD,ECO SPORT,2017,133000,KM,GASOLINE,MANUAL,SUV,Octavio Pinto 3024,Cordoba,Cordoba,5000,AR,-31.4167,-64.1833
208,JEEP RENEGADE 1.3 T 270 4X2 SPORT AT6,JEEP RENEGADE 1.3 T 270 4X2 SPORT AT6,AVAILABLE,USED,OTHER,43000000 ARS,https://caradvice.com.ar/autos/208,https://api-caradvice.duckdns.org/api/image?path=%2Fopt%2Fcaradvice-media%2Fimages%2Fautos%2F208%2F1764959246647.IMG-20251205-WA0261.jpg,"https://api-caradvice.duckdns.org/api/image?path=%2Fopt%2Fcaradvice-media%2Fimages%2Fautos%2F208%2F1764959246847.IMG-20251205-WA0265.jpg,https://api-caradvice.duckdns.org/api/image?path=%2Fopt%2Fcaradvice-media%2Fimages%2Fautos%2F208%2F1764959246993.IMG-20251205-WA0262.jpg,https://api-caradvice.duckdns.org/api/image?path=%2Fopt%2Fcaradvice-media%2Fimages%2Fautos%2F208%2F1764959247327.IMG-20251205-WA0266.jpg,https://api-caradvice.duckdns.org/api/image?path=%2Fopt%2Fcaradvice-media%2Fimages%2Fautos%2F208%2F1764959247607.IMG-20251205-WA0264.jpg,https://api-caradvice.duckdns.org/api/image?path=%2Fopt%2Fcaradvice-media%2Fimages%2Fautos%2F208%2F1764959247908.IMG-20251205-WA0263.jpg,https://api-caradvice.duckdns.org/api/image?path=%2Fopt%2Fcaradvice-media%2Fimages%2Fautos%2F208%2F1764959248348.IMG-20251205-WA0267.jpg,https://api-caradvice.duckdns.org/api/image?path=%2Fopt%2Fcaradvice-media%2Fimages%2Fautos%2F208%2F1764959248725.IMG-20251205-WA0271.jpg,https://api-caradvice.duckdns.org/api/image?path=%2Fopt%2Fcaradvice-media%2Fimages%2Fautos%2F208%2F1764959248818.IMG-20251205-WA0276.jpg,https://api-caradvice.duckdns.org/api/image?path=%2Fopt%2Fcaradvice-media%2Fimages%2Fautos%2F208%2F1764959248989.IMG-20251205-WA0275.jpg,https://api-caradvice.duckdns.org/api/image?path=%2Fopt%2Fcaradvice-media%2Fimages%2Fautos%2F208%2F1764959249160.IMG-20251205-WA0272.jpg",JEEP,RENEGADE,2025,0,KM,GASOLINE,AUTOMATIC,SUV,Octavio Pinto 3024,Cordoba,Cordoba,5000,AR,-31.4167,-64.1833
209,FIAT ARGO 1.8 PRECISION L17,FIAT ARGO 1.8 PRECISION L17,AVAILABLE,USED,OTHER,21000000 ARS,https://caradvice.com.ar/autos/209,https://api-caradvice.duckdns.org/api/image?path=%2Fopt%2Fcaradvice-media%2Fimages%2Fautos%2F209%2F1765815015488.IMG-20251215-WA0260.jpg,"https://api-caradvice.duckdns.org/api/image?path=%2Fopt%2Fcaradvice-media%2Fimages%2Fautos%2F209%2F1765815015527.IMG-20251215-WA0261.jpg,https://api-caradvice.duckdns.org/api/image?path=%2Fopt%2Fcaradvice-media%2Fimages%2Fautos%2F209%2F1765815015626.IMG-20251215-WA0258.jpg,https://api-caradvice.duckdns.org/api/image?path=%2Fopt%2Fcaradvice-media%2Fimages%2Fautos%2F209%2F1765815015789.IMG-20251215-WA0262.jpg,https://api-caradvice.duckdns.org/api/image?path=%2Fopt%2Fcaradvice-media%2Fimages%2Fautos%2F209%2F1765815015944.IMG-20251215-WA0259.jpg,https://api-caradvice.duckdns.org/api/image?path=%2Fopt%2Fcaradvice-media%2Fimages%2Fautos%2F209%2F1765815016110.IMG-20251215-WA0263.jpg,https://api-caradvice.duckdns.org/api/image?path=%2Fopt%2Fcaradvice-media%2Fimages%2Fautos%2F209%2F1765815016363.IMG-20251215-WA0264.jpg,https://api-caradvice.duckdns.org/api/image?path=%2Fopt%2Fcaradvice-media%2Fimages%2Fautos%2F209%2F1765815016566.IMG-20251215-WA0265.jpg,https://api-caradvice.duckdns.org/api/image?path=%2Fopt%2Fcaradvice-media%2Fimages%2Fautos%2F209%2F1765815016709.IMG-20251215-WA0266.jpg,https://api-caradvice.duckdns.org/api/image?path=%2Fopt%2Fcaradvice-media%2Fimages%2Fautos%2F209%2F1765815016771.IMG-20251215-WA0267.jpg,https://api-caradvice.duckdns.org/api/image?path=%2Fopt%2Fcaradvice-media%2Fimages%2Fautos%2F209%2F1765815016957.IMG-20251215-WA0268.jpg",FIAT,ARGO,2018,83500,KM,GASOLINE,MANUAL,HATCHBACK,Octavio Pinto 3024,Cordoba,Cordoba,5000,AR,-31.4167,-64.1833
210,VOLKSWAGEN TAOS 1.4 250 TSI COMFORTLINE TIPTRONIC L23,VOLKSWAGEN TAOS 1.4 250 TSI COMFORTLINE TIPTRONIC L23,AVAILABLE,USED,OTHER,42500000 ARS,https://caradvice.com.ar/autos/210,https://api-caradvice.duckdns.org/api/image?path=%2Fopt%2Fcaradvice-media%2Fimages%2Fautos%2F210%2F1766072135242.WhatsApp%20Image%202025-12-18%20at%2012.08.56.jpeg,"https://api-caradvice.duckdns.org/api/image?path=%2Fopt%2Fcaradvice-media%2Fimages%2Fautos%2F210%2F1766072135281.WhatsApp%20Image%202025-12-18%20at%2012.08.57.jpeg,https://api-caradvice.duckdns.org/api/image?path=%2Fopt%2Fcaradvice-media%2Fimages%2Fautos%2F210%2F1766072135305.WhatsApp%20Image%202025-12-18%20at%2012.08.55.jpeg,https://api-caradvice.duckdns.org/api/image?path=%2Fopt%2Fcaradvice-media%2Fimages%2Fautos%2F210%2F1766072135357.WhatsApp%20Image%202025-12-18%20at%2012.08.57%20(1).jpeg,https://api-caradvice.duckdns.org/api/image?path=%2Fopt%2Fcaradvice-media%2Fimages%2Fautos%2F210%2F1766072135387.WhatsApp%20Image%202025-12-18%20at%2012.08.55%20(1).jpeg,https://api-caradvice.duckdns.org/api/image?path=%2Fopt%2Fcaradvice-media%2Fimages%2Fautos%2F210%2F1766072135439.WhatsApp%20Image%202025-12-18%20at%2012.08.56%20(1).jpeg,https://api-caradvice.duckdns.org/api/image?path=%2Fopt%2Fcaradvice-media%2Fimages%2Fautos%2F210%2F1766072135519.WhatsApp%20Image%202025-12-18%20at%2012.08.57%20(2).jpeg,https://api-caradvice.duckdns.org/api/image?path=%2Fopt%2Fcaradvice-media%2Fimages%2Fautos%2F210%2F1766072135618.WhatsApp%20Image%202025-12-18%20at%2012.08.58%20(1).jpeg,https://api-caradvice.duckdns.org/api/image?path=%2Fopt%2Fcaradvice-media%2Fimages%2Fautos%2F210%2F1766072135676.WhatsApp%20Image%202025-12-18%20at%2012.08.59%20(2).jpeg,https://api-caradvice.duckdns.org/api/image?path=%2Fopt%2Fcaradvice-media%2Fimages%2Fautos%2F210%2F1766072135698.WhatsApp%20Image%202025-12-18%20at%2012.09.01%20(2).jpeg,https://api-caradvice.duckdns.org/api/image?path=%2Fopt%2Fcaradvice-media%2Fimages%2Fautos%2F210%2F1766072135735.WhatsApp%20Image%202025-12-18%20at%2012.08.58%20(2).jpeg",VOLKSWAGEN,TAOS,2023,51500,KM,GASOLINE,AUTOMATIC,SUV,Octavio Pinto 3024,Cordoba,Cordoba,5000,AR,-31.4167,-64.1833
211,FORD ECO SPORT 1.5 FREESTYLE L18,FORD ECO SPORT 1.5 FREESTYLE L18,AVAILABLE,USED,OTHER,18900000 ARS,https://caradvice.com.ar/autos/211,https://api-caradvice.duckdns.org/api/image?path=%2Fopt%2Fcaradvice-media%2Fimages%2Fautos%2F211%2F1747948581379.222fdc5a-ac25-4d94-97a7-0f0b6bab3ce4.JPG,"https://api-caradvice.duckdns.org/api/image?path=%2Fopt%2Fcaradvice-media%2Fimages%2Fautos%2F211%2F1747948581848.ac8cc9eb-ff82-4b11-bb5d-4fa22f52be75.JPG,https://api-caradvice.duckdns.org/api/image?path=%2Fopt%2Fcaradvice-media%2Fimages%2Fautos%2F211%2F1747948582040.c7e28a98-6cc7-4b5c-8ea8-802fb49b81dd.JPG,https://api-caradvice.duckdns.org/api/image?path=%2Fopt%2Fcaradvice-media%2Fimages%2Fautos%2F211%2F1747948582123.c2bee148-b0f0-4108-9a39-a34fbca7e8c0.JPG,https://api-caradvice.duckdns.org/api/image?path=%2Fopt%2Fcaradvice-media%2Fimages%2Fautos%2F211%2F1747948582227.42f71efd-7430-43e5-91b6-99670706b988.JPG,https://api-caradvice.duckdns.org/api/image?path=%2Fopt%2Fcaradvice-media%2Fimages%2Fautos%2F211%2F1747948582283.fc9ebac9-0c97-4539-9d03-e8a6fa99d57b.JPG,https://api-caradvice.duckdns.org/api/image?path=%2Fopt%2Fcaradvice-media%2Fimages%2Fautos%2F211%2F1747948582364.0d1a67ee-4785-4fad-ac5e-93b244173eb5.JPG,https://api-caradvice.duckdns.org/api/image?path=%2Fopt%2Fcaradvice-media%2Fimages%2Fautos%2F211%2F1747948582409.09df0852-339d-4937-8787-340384eba18a.JPG,https://api-caradvice.duckdns.org/api/image?path=%2Fopt%2Fcaradvice-media%2Fimages%2Fautos%2F211%2F1747948582431.31b326bb-389a-4ddc-9860-32e9af996772.JPG,https://api-caradvice.duckdns.org/api/image?path=%2Fopt%2Fcaradvice-media%2Fimages%2Fautos%2F211%2F1747948582468.041bb8ba-2608-4f5e-b2b0-77207b12b4ee.JPG,https://api-caradvice.duckdns.org/api/image?path=%2Fopt%2Fcaradvice-media%2Fimages%2Fautos%2F211%2F1747948582495.8423caa7-0df8-49a9-b887-0ee49533a415.JPG",FORD,ECO SPORT,2018,148000,KM,OTHER,MANUAL,SUV,Octavio Pinto 3024,Cordoba,Cordoba,5000,AR,-31.4167,-64.1833
212,HONDA FIT 1.4 LX AT 5P L09,HONDA FIT 1.4 LX AT 5P L09,AVAILABLE,USED,OTHER,15500000 ARS,https://caradvice.com.ar/autos/212,https://api-caradvice.duckdns.org/api/image?path=%2Fopt%2Fcaradvice-media%2Fimages%2Fautos%2F212%2F1761142341632.IMG-20251021-WA0330.jpg,"https://api-caradvice.duckdns.org/api/image?path=%2Fopt%2Fcaradvice-media%2Fimages%2Fautos%2F212%2F1761142341700.IMG-20251021-WA0315.jpg,https://api-caradvice.duckdns.org/api/image?path=%2Fopt%2Fcaradvice-media%2Fimages%2Fautos%2F212%2F1761142341863.IMG-20251021-WA0329.jpg,https://api-caradvice.duckdns.org/api/image?path=%2Fopt%2Fcaradvice-media%2Fimages%2Fautos%2F212%2F1761142341940.IMG-20251021-WA0316.jpg,https://api-caradvice.duckdns.org/api/image?path=%2Fopt%2Fcaradvice-media%2Fimages%2Fautos%2F212%2F1761142342139.IMG-20251021-WA0327.jpg,https://api-caradvice.duckdns.org/api/image?path=%2Fopt%2Fcaradvice-media%2Fimages%2Fautos%2F212%2F1761142342305.IMG-20251021-WA0313.jpg,https://api-caradvice.duckdns.org/api/image?path=%2Fopt%2Fcaradvice-media%2Fimages%2Fautos%2F212%2F1761142342426.IMG-20251021-WA0314.jpg,https://api-caradvice.duckdns.org/api/image?path=%2Fopt%2Fcaradvice-media%2Fimages%2Fautos%2F212%2F1761142342564.IMG-20251021-WA0317.jpg,https://api-caradvice.duckdns.org/api/image?path=%2Fopt%2Fcaradvice-media%2Fimages%2Fautos%2F212%2F1761142342710.IMG-20251021-WA0318.jpg,https://api-caradvice.duckdns.org/api/image?path=%2Fopt%2Fcaradvice-media%2Fimages%2Fautos%2F212%2F1761142342849.IMG-20251021-WA0320.jpg,https://api-caradvice.duckdns.org/api/image?path=%2Fopt%2Fcaradvice-media%2Fimages%2Fautos%2F212%2F1761142343006.IMG-20251021-WA0321.jpg",HONDA,FIT,2010,173800,KM,GASOLINE,AUTOMATIC,HATCHBACK,Octavio Pinto 3024,Cordoba,Cordoba,5000,AR,-31.4167,-64.1833
213,RENAULT DUSTER 2.0 4X4 DAKAR L17,RENAULT DUSTER 2.0 4X4 DAKAR L17,AVAILABLE,USED,OTHER,24000000 ARS,https://caradvice.com.ar/autos/213,https://api-caradvice.duckdns.org/api/image?path=%2Fopt%2Fcaradvice-media%2Fimages%2Fautos%2F213%2F1759351189085.IMG-20251001-WA0473.jpg,"https://api-caradvice.duckdns.org/api/image?path=%2Fopt%2Fcaradvice-media%2Fimages%2Fautos%2F213%2F1759351189347.IMG-20251001-WA0478.jpg,https://api-caradvice.duckdns.org/api/image?path=%2Fopt%2Fcaradvice-media%2Fimages%2Fautos%2F213%2F1759351189517.IMG-20251001-WA0474.jpg,https://api-caradvice.duckdns.org/api/image?path=%2Fopt%2Fcaradvice-media%2Fimages%2Fautos%2F213%2F1759351189652.IMG-20251001-WA0479.jpg,https://api-caradvice.duckdns.org/api/image?path=%2Fopt%2Fcaradvice-media%2Fimages%2Fautos%2F213%2F1759351189706.IMG-20251001-WA0475.jpg,https://api-caradvice.duckdns.org/api/image?path=%2Fopt%2Fcaradvice-media%2Fimages%2Fautos%2F213%2F1759351189809.IMG-20251001-WA0476.jpg,https://api-caradvice.duckdns.org/api/image?path=%2Fopt%2Fcaradvice-media%2Fimages%2Fautos%2F213%2F1759351189888.IMG-20251001-WA0480.jpg,https://api-caradvice.duckdns.org/api/image?path=%2Fopt%2Fcaradvice-media%2Fimages%2Fautos%2F213%2F1759351190050.IMG-20251001-WA0481.jpg,https://api-caradvice.duckdns.org/api/image?path=%2Fopt%2Fcaradvice-media%2Fimages%2Fautos%2F213%2F1759351190226.IMG-20251001-WA0482.jpg,https://api-caradvice.duckdns.org/api/image?path=%2Fopt%2Fcaradvice-media%2Fimages%2Fautos%2F213%2F1759351190290.IMG-20251001-WA0488.jpg,https://api-caradvice.duckdns.org/api/image?path=%2Fopt%2Fcaradvice-media%2Fimages%2Fautos%2F213%2F1759351190341.IMG-20251001-WA0489.jpg",RENAULT,DUSTER,2018,93150,KM,GASOLINE,MANUAL,SUV,Octavio Pinto 3024,Cordoba,Cordoba,5000,AR,-31.4167,-64.1833
214,TOYOTA YARIS 1.5 XLS PACK CVT 5P L20,TOYOTA YARIS 1.5 XLS PACK CVT 5P L20,AVAILABLE,USED,OTHER,31000000 ARS,https://caradvice.com.ar/autos/214,https://api-caradvice.duckdns.org/api/image?path=%2Fopt%2Fcaradvice-media%2Fimages%2Fautos%2F214%2F1765986259244.IMG-20251217-WA0161.jpg,"https://api-caradvice.duckdns.org/api/image?path=%2Fopt%2Fcaradvice-media%2Fimages%2Fautos%2F214%2F1765986259287.IMG-20251217-WA0163.jpg,https://api-caradvice.duckdns.org/api/image?path=%2Fopt%2Fcaradvice-media%2Fimages%2Fautos%2F214%2F1765986259392.IMG-20251217-WA0164.jpg,https://api-caradvice.duckdns.org/api/image?path=%2Fopt%2Fcaradvice-media%2Fimages%2Fautos%2F214%2F1765986259578.IMG-20251217-WA0165.jpg,https://api-caradvice.duckdns.org/api/image?path=%2Fopt%2Fcaradvice-media%2Fimages%2Fautos%2F214%2F1765986259722.IMG-20251217-WA0160.jpg,https://api-caradvice.duckdns.org/api/image?path=%2Fopt%2Fcaradvice-media%2Fimages%2Fautos%2F214%2F1765986259903.IMG-20251217-WA0162.jpg,https://api-caradvice.duckdns.org/api/image?path=%2Fopt%2Fcaradvice-media%2Fimages%2Fautos%2F214%2F1765986260084.IMG-20251217-WA0166.jpg,https://api-caradvice.duckdns.org/api/image?path=%2Fopt%2Fcaradvice-media%2Fimages%2Fautos%2F214%2F1765986260295.IMG-20251217-WA0167.jpg,https://api-caradvice.duckdns.org/api/image?path=%2Fopt%2Fcaradvice-media%2Fimages%2Fautos%2F214%2F1765986260433.IMG-20251217-WA0168.jpg,https://api-caradvice.duckdns.org/api/image?path=%2Fopt%2Fcaradvice-media%2Fimages%2Fautos%2F214%2F1765986260531.IMG-20251217-WA0169.jpg,https://api-caradvice.duckdns.org/api/image?path=%2Fopt%2Fcaradvice-media%2Fimages%2Fautos%2F214%2F1765986260694.IMG-20251217-WA0170.jpg",TOYOTA,YARIS,2022,80300,KM,GASOLINE,AUTOMATIC,HATCHBACK,Octavio Pinto 3024,Cordoba,Cordoba,5000,AR,-31.4167,-64.1833
215,RAM 1500 5.7 DC 4X4 LARAMIE AT L13,RAM 1500 5.7 DC 4X4 LARAMIE AT L13,AVAILABLE,USED,OTHER,48500 USD,https://caradvice.com.ar/autos/215,https://api-caradvice.duckdns.org/api/image?path=%2Fopt%2Fcaradvice-media%2Fimages%2Fautos%2F215%2F1763754846252.IMG-20251121-WA0292.jpg,"https://api-caradvice.duckdns.org/api/image?path=%2Fopt%2Fcaradvice-media%2Fimages%2Fautos%2F215%2F1763754846401.IMG-20251121-WA0278.jpg,https://api-caradvice.duckdns.org/api/image?path=%2Fopt%2Fcaradvice-media%2Fimages%2Fautos%2F215%2F1763754846955.IMG-20251121-WA0293.jpg,https://api-caradvice.duckdns.org/api/image?path=%2Fopt%2Fcaradvice-media%2Fimages%2Fautos%2F215%2F1763754847628.IMG-20251121-WA0290.jpg,https://api-caradvice.duckdns.org/api/image?path=%2Fopt%2Fcaradvice-media%2Fimages%2Fautos%2F215%2F1763754847818.IMG-20251121-WA0291.jpg,https://api-caradvice.duckdns.org/api/image?path=%2Fopt%2Fcaradvice-media%2Fimages%2Fautos%2F215%2F1763754847982.IMG-20251121-WA0276.jpg,https://api-caradvice.duckdns.org/api/image?path=%2Fopt%2Fcaradvice-media%2Fimages%2Fautos%2F215%2F1763754848064.IMG-20251121-WA0277.jpg,https://api-caradvice.duckdns.org/api/image?path=%2Fopt%2Fcaradvice-media%2Fimages%2Fautos%2F215%2F1763754848257.IMG-20251121-WA0280.jpg,https://api-caradvice.duckdns.org/api/image?path=%2Fopt%2Fcaradvice-media%2Fimages%2Fautos%2F215%2F1763754848496.IMG-20251121-WA0281.jpg,https://api-caradvice.duckdns.org/api/image?path=%2Fopt%2Fcaradvice-media%2Fimages%2Fautos%2F215%2F1763754848613.IMG-20251121-WA0283.jpg,https://api-caradvice.duckdns.org/api/image?path=%2Fopt%2Fcaradvice-media%2Fimages%2Fautos%2F215%2F1763754848804.IMG-20251121-WA0284.jpg",RAM,1500,2019,121000,KM,GASOLINE,AUTOMATIC,PICKUP,Octavio Pinto 3024,Cordoba,Cordoba,5000,AR,-31.4167,-64.1833
216,AUDI Q5 2.0 T FSI 211HP QUATTRO S-TRONIC L09,AUDI Q5 2.0 T FSI 211HP QUATTRO S-TRONIC L09,AVAILABLE,USED,OTHER,19500 USD,https://caradvice.com.ar/autos/216,https://api-caradvice.duckdns.org/api/image?path=%2Fopt%2Fcaradvice-media%2Fimages%2Fautos%2F216%2F1757432312685.IMG-20250909-WA0159.jpg,"https://api-caradvice.duckdns.org/api/image?path=%2Fopt%2Fcaradvice-media%2Fimages%2Fautos%2F216%2F1757432312849.IMG-20250909-WA0160.jpg,https://api-caradvice.duckdns.org/api/image?path=%2Fopt%2Fcaradvice-media%2Fimages%2Fautos%2F216%2F1757432312980.IMG-20250909-WA0161.jpg,https://api-caradvice.duckdns.org/api/image?path=%2Fopt%2Fcaradvice-media%2Fimages%2Fautos%2F216%2F1757432313107.IMG-20250909-WA0162.jpg,https://api-caradvice.duckdns.org/api/image?path=%2Fopt%2Fcaradvice-media%2Fimages%2Fautos%2F216%2F1757432313258.IMG-20250909-WA0163.jpg,https://api-caradvice.duckdns.org/api/image?path=%2Fopt%2Fcaradvice-media%2Fimages%2Fautos%2F216%2F1757432313375.IMG-20250909-WA0164.jpg,https://api-caradvice.duckdns.org/api/image?path=%2Fopt%2Fcaradvice-media%2Fimages%2Fautos%2F216%2F1757432313481.IMG-20250909-WA0165.jpg,https://api-caradvice.duckdns.org/api/image?path=%2Fopt%2Fcaradvice-media%2Fimages%2Fautos%2F216%2F1757432313651.IMG-20250909-WA0166.jpg,https://api-caradvice.duckdns.org/api/image?path=%2Fopt%2Fcaradvice-media%2Fimages%2Fautos%2F216%2F1757432313748.IMG-20250909-WA0167.jpg,https://api-caradvice.duckdns.org/api/image?path=%2Fopt%2Fcaradvice-media%2Fimages%2Fautos%2F216%2F1757432313864.IMG-20250909-WA0168.jpg,https://api-caradvice.duckdns.org/api/image?path=%2Fopt%2Fcaradvice-media%2Fimages%2Fautos%2F216%2F1757432314071.IMG-20250909-WA0169.jpg",AUDI,Q5,2013,160500,KM,GASOLINE,AUTOMATIC,SUV,Octavio Pinto 3024,Cordoba,Cordoba,5000,AR,-31.4167,-64.1833
217,PORSCHE CAYENNE 3.0 TD TIPTRONIC L11,PORSCHE CAYENNE 3.0 TD TIPTRONIC L11,AVAILABLE,USED,OTHER,42500 USD,https://caradvice.com.ar/autos/217,https://api-caradvice.duckdns.org/api/image?path=%2Fopt%2Fcaradvice-media%2Fimages%2Fautos%2F217%2F1764166179748.IMG-20250807-WA0162.jpg,"https://api-caradvice.duckdns.org/api/image?path=%2Fopt%2Fcaradvice-media%2Fimages%2Fautos%2F217%2F1764166179914.IMG-20250807-WA0156.jpg,https://api-caradvice.duckdns.org/api/image?path=%2Fopt%2Fcaradvice-media%2Fimages%2Fautos%2F217%2F1764166180022.IMG-20250807-WA0160.jpg,https://api-caradvice.duckdns.org/api/image?path=%2Fopt%2Fcaradvice-media%2Fimages%2Fautos%2F217%2F1764166180286.IMG-20250807-WA0158.jpg,https://api-caradvice.duckdns.org/api/image?path=%2Fopt%2Fcaradvice-media%2Fimages%2Fautos%2F217%2F1764166180424.IMG-20250807-WA0161.jpg,https://api-caradvice.duckdns.org/api/image?path=%2Fopt%2Fcaradvice-media%2Fimages%2Fautos%2F217%2F1764166180533.IMG-20250807-WA0155.jpg,https://api-caradvice.duckdns.org/api/image?path=%2Fopt%2Fcaradvice-media%2Fimages%2Fautos%2F217%2F1764166180629.IMG-20250807-WA0169.jpg,https://api-caradvice.duckdns.org/api/image?path=%2Fopt%2Fcaradvice-media%2Fimages%2Fautos%2F217%2F1764166180712.IMG-20250807-WA0170.jpg,https://api-caradvice.duckdns.org/api/image?path=%2Fopt%2Fcaradvice-media%2Fimages%2Fautos%2F217%2F1764166180811.IMG-20250807-WA0166.jpg,https://api-caradvice.duckdns.org/api/image?path=%2Fopt%2Fcaradvice-media%2Fimages%2Fautos%2F217%2F1764166180886.IMG-20250807-WA0163.jpg,https://api-caradvice.duckdns.org/api/image?path=%2Fopt%2Fcaradvice-media%2Fimages%2Fautos%2F217%2F1764166180978.IMG-20250807-WA0164.jpg",PORSCHE,CAYENNE,2012,91600,KM,DIESEL,AUTOMATIC,SUV,Octavio Pinto 3024,Cordoba,Cordoba,5000,AR,-31.4167,-64.1833
218,PEUGEOT 308 1.6 THP FELINE TIPTRONIC,PEUGEOT 308 1.6 THP FELINE TIPTRONIC,AVAILABLE,USED,OTHER,24500000 ARS,https://caradvice.com.ar/autos/218,https://api-caradvice.duckdns.org/api/image?path=%2Fopt%2Fcaradvice-media%2Fimages%2Fautos%2F218%2F1757335987963.e4f4addf-6ae2-42e0-b322-a81a7583bb45.jpeg,"https://api-caradvice.duckdns.org/api/image?path=%2Fopt%2Fcaradvice-media%2Fimages%2Fautos%2F218%2F1757335988187.e600588c-0dc8-4413-b04f-8cba07b60df3.jpeg,https://api-caradvice.duckdns.org/api/image?path=%2Fopt%2Fcaradvice-media%2Fimages%2Fautos%2F218%2F1757335988368.99021cb1-30c7-4312-8292-a32ee2563060.jpeg,https://api-caradvice.duckdns.org/api/image?path=%2Fopt%2Fcaradvice-media%2Fimages%2Fautos%2F218%2F1757335988507.96b390ec-9e84-4271-8716-1781b0cbb7d8.jpeg,https://api-caradvice.duckdns.org/api/image?path=%2Fopt%2Fcaradvice-media%2Fimages%2Fautos%2F218%2F1757335988570.64c97f02-631b-4b76-ab58-9bee47504f09.jpeg,https://api-caradvice.duckdns.org/api/image?path=%2Fopt%2Fcaradvice-media%2Fimages%2Fautos%2F218%2F1757335988680.422be103-2505-4ee8-8f09-7589d74ebf4b.jpeg,https://api-caradvice.duckdns.org/api/image?path=%2Fopt%2Fcaradvice-media%2Fimages%2Fautos%2F218%2F1757335988723.dedffcd1-4584-489f-bb4f-23281c693450.jpeg,https://api-caradvice.duckdns.org/api/image?path=%2Fopt%2Fcaradvice-media%2Fimages%2Fautos%2F218%2F1757335988759.c2b45426-00bf-4326-8a6c-9a8344e9eb04.jpeg,https://api-caradvice.duckdns.org/api/image?path=%2Fopt%2Fcaradvice-media%2Fimages%2Fautos%2F218%2F1757335988783.566b3413-0d81-4da2-9ab6-d49067f5859f.jpeg,https://api-caradvice.duckdns.org/api/image?path=%2Fopt%2Fcaradvice-media%2Fimages%2Fautos%2F218%2F1757335988851.d6a582da-fc97-4656-afd1-7e0feba310b0.jpeg,https://api-caradvice.duckdns.org/api/image?path=%2Fopt%2Fcaradvice-media%2Fimages%2Fautos%2F218%2F1757335988888.6a143885-6ec9-4928-b478-b7ea50701091.jpeg",PEUGEOT,308,2020,61300,KM,GASOLINE,AUTOMATIC,HATCHBACK,Octavio Pinto 3024,Cordoba,Cordoba,5000,AR,-31.4167,-64.1833
219,VOLKSWAGEN SAVEIRO 1.6 AA PS SAFETY L13,VOLKSWAGEN SAVEIRO 1.6 AA PS SAFETY L13,AVAILABLE,USED,OTHER,17700000 ARS,https://caradvice.com.ar/autos/219,https://api-caradvice.duckdns.org/api/image?path=%2Fopt%2Fcaradvice-media%2Fimages%2Fautos%2F219%2F1766435506029.WhatsApp%20Image%202025-12-22%20at%2017.20.33.jpeg,"https://api-caradvice.duckdns.org/api/image?path=%2Fopt%2Fcaradvice-media%2Fimages%2Fautos%2F219%2F1766435506076.WhatsApp%20Image%202025-12-22%20at%2017.20.34.jpeg,https://api-caradvice.duckdns.org/api/image?path=%2Fopt%2Fcaradvice-media%2Fimages%2Fautos%2F219%2F1766435506102.WhatsApp%20Image%202025-12-22%20at%2017.20.32.jpeg,https://api-caradvice.duckdns.org/api/image?path=%2Fopt%2Fcaradvice-media%2Fimages%2Fautos%2F219%2F1766435506106.WhatsApp%20Image%202025-12-22%20at%2017.20.34%20(1).jpeg,https://api-caradvice.duckdns.org/api/image?path=%2Fopt%2Fcaradvice-media%2Fimages%2Fautos%2F219%2F1766435506162.WhatsApp%20Image%202025-12-22%20at%2017.20.32%20(1).jpeg,https://api-caradvice.duckdns.org/api/image?path=%2Fopt%2Fcaradvice-media%2Fimages%2Fautos%2F219%2F1766435506218.WhatsApp%20Image%202025-12-22%20at%2017.20.33%20(1).jpeg,https://api-caradvice.duckdns.org/api/image?path=%2Fopt%2Fcaradvice-media%2Fimages%2Fautos%2F219%2F1766435506289.WhatsApp%20Image%202025-12-22%20at%2017.20.34%20(2).jpeg,https://api-caradvice.duckdns.org/api/image?path=%2Fopt%2Fcaradvice-media%2Fimages%2Fautos%2F219%2F1766435506494.WhatsApp%20Image%202025-12-22%20at%2017.20.35%20(1).jpeg,https://api-caradvice.duckdns.org/api/image?path=%2Fopt%2Fcaradvice-media%2Fimages%2Fautos%2F219%2F1766435506552.WhatsApp%20Image%202025-12-22%20at%2017.20.36%20(1).jpeg,https://api-caradvice.duckdns.org/api/image?path=%2Fopt%2Fcaradvice-media%2Fimages%2Fautos%2F219%2F1766435506630.WhatsApp%20Image%202025-12-22%20at%2017.20.36%20(2).jpeg,https://api-caradvice.duckdns.org/api/image?path=%2Fopt%2Fcaradvice-media%2Fimages%2Fautos%2F219%2F1766435506673.WhatsApp%20Image%202025-12-22%20at%2017.20.36.jpeg",VOLKSWAGEN,SAVEIRO,2015,149000,KM,GASOLINE,MANUAL,PICKUP,Octavio Pinto 3024,Cordoba,Cordoba,5000,AR,-31.4167,-64.1833
220,PEUGEOT 308 1.6 ALLURE PACK,PEUGEOT 308 1.6 ALLURE PACK,AVAILABLE,USED,OTHER,22500000 ARS,https://caradvice.com.ar/autos/220,https://api-caradvice.duckdns.org/api/image?path=%2Fopt%2Fcaradvice-media%2Fimages%2Fautos%2F220%2F1762793262130.IMG-20251110-WA0472.jpg,"https://api-caradvice.duckdns.org/api/image?path=%2Fopt%2Fcaradvice-media%2Fimages%2Fautos%2F220%2F1762793262163.IMG-20251110-WA0459.jpg,https://api-caradvice.duckdns.org/api/image?path=%2Fopt%2Fcaradvice-media%2Fimages%2Fautos%2F220%2F1762793262275.IMG-20251110-WA0473.jpg,https://api-caradvice.duckdns.org/api/image?path=%2Fopt%2Fcaradvice-media%2Fimages%2Fautos%2F220%2F1762793262344.IMG-20251110-WA0457.jpg,https://api-caradvice.duckdns.org/api/image?path=%2Fopt%2Fcaradvice-media%2Fimages%2Fautos%2F220%2F1762793262391.IMG-20251110-WA0470.jpg,https://api-caradvice.duckdns.org/api/image?path=%2Fopt%2Fcaradvice-media%2Fimages%2Fautos%2F220%2F1762793262456.IMG-20251110-WA0456.jpg,https://api-caradvice.duckdns.org/api/image?path=%2Fopt%2Fcaradvice-media%2Fimages%2Fautos%2F220%2F1762793262512.IMG-20251110-WA0460.jpg,https://api-caradvice.duckdns.org/api/image?path=%2Fopt%2Fcaradvice-media%2Fimages%2Fautos%2F220%2F1762793262856.IMG-20251110-WA0463.jpg,https://api-caradvice.duckdns.org/api/image?path=%2Fopt%2Fcaradvice-media%2Fimages%2Fautos%2F220%2F1762793263183.IMG-20251110-WA0464.jpg,https://api-caradvice.duckdns.org/api/image?path=%2Fopt%2Fcaradvice-media%2Fimages%2Fautos%2F220%2F1762793263491.IMG-20251110-WA0465.jpg,https://api-caradvice.duckdns.org/api/image?path=%2Fopt%2Fcaradvice-media%2Fimages%2Fautos%2F220%2F1762793263985.IMG-20251110-WA0466.jpg",PEUGEOT,308,2019,96000,KM,GASOLINE,MANUAL,HATCHBACK,Octavio Pinto 3024,Cordoba,Cordoba,5000,AR,-31.4167,-64.1833
221,GWM HAVAL JOLION PRO HEV DELUXE,GWM HAVAL JOLION PRO HEV DELUXE,AVAILABLE,USED,OTHER,33500 USD,https://caradvice.com.ar/autos/221,https://api-caradvice.duckdns.org/api/image?path=%2Fopt%2Fcaradvice-media%2Fimages%2Fautos%2F221%2F1758129967136.IMG-20250917-WA0221.jpg,"https://api-caradvice.duckdns.org/api/image?path=%2Fopt%2Fcaradvice-media%2Fimages%2Fautos%2F221%2F1758129967610.IMG-20250917-WA0217.jpg,https://api-caradvice.duckdns.org/api/image?path=%2Fopt%2Fcaradvice-media%2Fimages%2Fautos%2F221%2F1758129967996.IMG-20250917-WA0240.jpg,https://api-caradvice.duckdns.org/api/image?path=%2Fopt%2Fcaradvice-media%2Fimages%2Fautos%2F221%2F1758129968535.IMG-20250917-WA0218.jpg,https://api-caradvice.duckdns.org/api/image?path=%2Fopt%2Fcaradvice-media%2Fimages%2Fautos%2F221%2F1758129968893.IMG-20250917-WA0219.jpg,https://api-caradvice.duckdns.org/api/image?path=%2Fopt%2Fcaradvice-media%2Fimages%2Fautos%2F221%2F1758129969181.IMG-20250917-WA0233.jpg,https://api-caradvice.duckdns.org/api/image?path=%2Fopt%2Fcaradvice-media%2Fimages%2Fautos%2F221%2F1758129969469.IMG-20250917-WA0231.jpg,https://api-caradvice.duckdns.org/api/image?path=%2Fopt%2Fcaradvice-media%2Fimages%2Fautos%2F221%2F1758129969815.IMG-20250917-WA0230.jpg,https://api-caradvice.duckdns.org/api/image?path=%2Fopt%2Fcaradvice-media%2Fimages%2Fautos%2F221%2F1758129970077.IMG-20250917-WA0225.jpg,https://api-caradvice.duckdns.org/api/image?path=%2Fopt%2Fcaradvice-media%2Fimages%2Fautos%2F221%2F1758129970300.IMG-20250917-WA0222.jpg,https://api-caradvice.duckdns.org/api/image?path=%2Fopt%2Fcaradvice-media%2Fimages%2Fautos%2F221%2F1758129970421.IMG-20250917-WA0229.jpg",GWM,HAVAL JOLION PRO,2025,0,KM,HYBRID,AUTOMATIC,SUV,Octavio Pinto 3024,Cordoba,Cordoba,5000,AR,-31.4167,-64.1833
222,CHERY QQ 1.1 CONFORT L10,CHERY QQ 1.1 CONFORT L10,AVAILABLE,USED,OTHER,11600000 ARS,https://caradvice.com.ar/autos/222,https://api-caradvice.duckdns.org/api/image?path=%2Fopt%2Fcaradvice-media%2Fimages%2Fautos%2F222%2F1764273497426.IMG-20251127-WA0345.jpg,"https://api-caradvice.duckdns.org/api/image?path=%2Fopt%2Fcaradvice-media%2Fimages%2Fautos%2F222%2F1764273497465.IMG-20251127-WA0349.jpg,https://api-caradvice.duckdns.org/api/image?path=%2Fopt%2Fcaradvice-media%2Fimages%2Fautos%2F222%2F1764273497585.IMG-20251127-WA0344.jpg,https://api-caradvice.duckdns.org/api/image?path=%2Fopt%2Fcaradvice-media%2Fimages%2Fautos%2F222%2F1764273497749.IMG-20251127-WA0348.jpg,https://api-caradvice.duckdns.org/api/image?path=%2Fopt%2Fcaradvice-media%2Fimages%2Fautos%2F222%2F1764273497887.IMG-20251127-WA0346.jpg,https://api-caradvice.duckdns.org/api/image?path=%2Fopt%2Fcaradvice-media%2Fimages%2Fautos%2F222%2F1764273498224.IMG-20251127-WA0347.jpg,https://api-caradvice.duckdns.org/api/image?path=%2Fopt%2Fcaradvice-media%2Fimages%2Fautos%2F222%2F1764273498405.IMG-20251127-WA0350.jpg,https://api-caradvice.duckdns.org/api/image?path=%2Fopt%2Fcaradvice-media%2Fimages%2Fautos%2F222%2F1764273498548.IMG-20251127-WA0351.jpg,https://api-caradvice.duckdns.org/api/image?path=%2Fopt%2Fcaradvice-media%2Fimages%2Fautos%2F222%2F1764273498724.IMG-20251127-WA0352.jpg,https://api-caradvice.duckdns.org/api/image?path=%2Fopt%2Fcaradvice-media%2Fimages%2Fautos%2F222%2F1764273498829.IMG-20251127-WA0353.jpg,https://api-caradvice.duckdns.org/api/image?path=%2Fopt%2Fcaradvice-media%2Fimages%2Fautos%2F222%2F1764273498935.IMG-20251127-WA0354.jpg",CHERY,QQ,2012,101200,KM,GASOLINE,MANUAL,HATCHBACK,Octavio Pinto 3024,Cordoba,Cordoba,5000,AR,-31.4167,-64.1833
223,TOYOTA YARIS 1.5 XLS+ PLUS CVT 5P,TOYOTA YARIS 1.5 XLS+ PLUS CVT 5P,AVAILABLE,USED,OTHER,38500000 ARS,https://caradvice.com.ar/autos/223,https://api-caradvice.duckdns.org/api/image?path=%2Fopt%2Fcaradvice-media%2Fimages%2Fautos%2F223%2F1765390691572.IMG-20251210-WA0244.jpg,"https://api-caradvice.duckdns.org/api/image?path=%2Fopt%2Fcaradvice-media%2Fimages%2Fautos%2F223%2F1765390691598.IMG-20251210-WA0274.jpg,https://api-caradvice.duckdns.org/api/image?path=%2Fopt%2Fcaradvice-media%2Fimages%2Fautos%2F223%2F1765390691650.IMG-20251210-WA0245.jpg,https://api-caradvice.duckdns.org/api/image?path=%2Fopt%2Fcaradvice-media%2Fimages%2Fautos%2F223%2F1765390691736.IMG-20251210-WA0276.jpg,https://api-caradvice.duckdns.org/api/image?path=%2Fopt%2Fcaradvice-media%2Fimages%2Fautos%2F223%2F1765390691794.IMG-20251210-WA0272.jpg,https://api-caradvice.duckdns.org/api/image?path=%2Fopt%2Fcaradvice-media%2Fimages%2Fautos%2F223%2F1765390691864.IMG-20251210-WA0275.jpg,https://api-caradvice.duckdns.org/api/image?path=%2Fopt%2Fcaradvice-media%2Fimages%2Fautos%2F223%2F1765390691918.IMG-20251210-WA0273.jpg,https://api-caradvice.duckdns.org/api/image?path=%2Fopt%2Fcaradvice-media%2Fimages%2Fautos%2F223%2F1765390691994.IMG-20251210-WA0277.jpg,https://api-caradvice.duckdns.org/api/image?path=%2Fopt%2Fcaradvice-media%2Fimages%2Fautos%2F223%2F1765390692063.IMG-20251210-WA0278.jpg,https://api-caradvice.duckdns.org/api/image?path=%2Fopt%2Fcaradvice-media%2Fimages%2Fautos%2F223%2F1765390692121.IMG-20251210-WA0279.jpg,https://api-caradvice.duckdns.org/api/image?path=%2Fopt%2Fcaradvice-media%2Fimages%2Fautos%2F223%2F1765390692185.IMG-20251210-WA0280.jpg",TOYOTA,YARIS,2025,350,KM,GASOLINE,AUTOMATIC,HATCHBACK,Octavio Pinto 3024,Cordoba,Cordoba,5000,AR,-31.4167,-64.1833
224,VOLKSWAGEN GOLF 1.4 VII TSI BLUEMOTION TECH HIGHLINE DSG L15,VOLKSWAGEN GOLF 1.4 VII TSI BLUEMOTION TECH HIGHLINE DSG L15,AVAILABLE,USED,OTHER,24500000 ARS,https://caradvice.com.ar/autos/224,https://api-caradvice.duckdns.org/api/image?path=%2Fopt%2Fcaradvice-media%2Fimages%2Fautos%2F224%2F1765293534940.IMG-20251209-WA0318.jpg,"https://api-caradvice.duckdns.org/api/image?path=%2Fopt%2Fcaradvice-media%2Fimages%2Fautos%2F224%2F1765293535648.IMG-20251209-WA0303.jpg,https://api-caradvice.duckdns.org/api/image?path=%2Fopt%2Fcaradvice-media%2Fimages%2Fautos%2F224%2F1765293535918.IMG-20251209-WA0319.jpg,https://api-caradvice.duckdns.org/api/image?path=%2Fopt%2Fcaradvice-media%2Fimages%2Fautos%2F224%2F1765293536143.IMG-20251209-WA0302.jpg,https://api-caradvice.duckdns.org/api/image?path=%2Fopt%2Fcaradvice-media%2Fimages%2Fautos%2F224%2F1765293536304.IMG-20251209-WA0317.jpg,https://api-caradvice.duckdns.org/api/image?path=%2Fopt%2Fcaradvice-media%2Fimages%2Fautos%2F224%2F1765293536600.IMG-20251209-WA0299.jpg,https://api-caradvice.duckdns.org/api/image?path=%2Fopt%2Fcaradvice-media%2Fimages%2Fautos%2F224%2F1765293536784.IMG-20251209-WA0300.jpg,https://api-caradvice.duckdns.org/api/image?path=%2Fopt%2Fcaradvice-media%2Fimages%2Fautos%2F224%2F1765293537325.IMG-20251209-WA0307.jpg,https://api-caradvice.duckdns.org/api/image?path=%2Fopt%2Fcaradvice-media%2Fimages%2Fautos%2F224%2F1765293537516.IMG-20251209-WA0308.jpg,https://api-caradvice.duckdns.org/api/image?path=%2Fopt%2Fcaradvice-media%2Fimages%2Fautos%2F224%2F1765293537687.IMG-20251209-WA0309.jpg,https://api-caradvice.duckdns.org/api/image?path=%2Fopt%2Fcaradvice-media%2Fimages%2Fautos%2F224%2F1765293537847.IMG-20251209-WA0306.jpg",VOLKSWAGEN,GOLF,2015,146000,KM,GASOLINE,AUTOMATIC,HATCHBACK,Octavio Pinto 3024,Cordoba,Cordoba,5000,AR,-31.4167,-64.1833
225,VOLKSWAGEN TERA 1.0 170 TS COMFORTLINE AT,VOLKSWAGEN TERA 1.0 170 TS COMFORTLINE AT,AVAILABLE,USED,OTHER,39500000 ARS,https://caradvice.com.ar/autos/225,https://api-caradvice.duckdns.org/api/image?path=%2Fopt%2Fcaradvice-media%2Fimages%2Fautos%2F225%2F1764946896790.IMG-20251205-WA0076.jpg,"https://api-caradvice.duckdns.org/api/image?path=%2Fopt%2Fcaradvice-media%2Fimages%2Fautos%2F225%2F1764946897159.IMG-20251205-WA0080.jpg,https://api-caradvice.duckdns.org/api/image?path=%2Fopt%2Fcaradvice-media%2Fimages%2Fautos%2F225%2F1764946897486.IMG-20251205-WA0074.jpg,https://api-caradvice.duckdns.org/api/image?path=%2Fopt%2Fcaradvice-media%2Fimages%2Fautos%2F225%2F1764946897692.IMG-20251205-WA0079.jpg,https://api-caradvice.duckdns.org/api/image?path=%2Fopt%2Fcaradvice-media%2Fimages%2Fautos%2F225%2F1764946897915.IMG-20251205-WA0075.jpg,https://api-caradvice.duckdns.org/api/image?path=%2Fopt%2Fcaradvice-media%2Fimages%2Fautos%2F225%2F1764946898192.IMG-20251205-WA0078.jpg,https://api-caradvice.duckdns.org/api/image?path=%2Fopt%2Fcaradvice-media%2Fimages%2Fautos%2F225%2F1764946898317.IMG-20251205-WA0077.jpg,https://api-caradvice.duckdns.org/api/image?path=%2Fopt%2Fcaradvice-media%2Fimages%2Fautos%2F225%2F1764946898458.IMG-20251205-WA0081.jpg,https://api-caradvice.duckdns.org/api/image?path=%2Fopt%2Fcaradvice-media%2Fimages%2Fautos%2F225%2F1764946898710.IMG-20251205-WA0082.jpg,https://api-caradvice.duckdns.org/api/image?path=%2Fopt%2Fcaradvice-media%2Fimages%2Fautos%2F225%2F1764946898907.IMG-20251205-WA0083.jpg,https://api-caradvice.duckdns.org/api/image?path=%2Fopt%2Fcaradvice-media%2Fimages%2Fautos%2F225%2F1764946899014.IMG-20251205-WA0084.jpg",VOLKSWAGEN,TERA,2025,0,KM,GASOLINE,AUTOMATIC,SUV,Octavio Pinto 3024,Cordoba,Cordoba,5000,AR,-31.4167,-64.1833
226,CHEVROLET SPIN 1.8 LTZ 5AS L12,CHEVROLET SPIN 1.8 LTZ 5AS L12,AVAILABLE,USED,OTHER,17000000 ARS,https://caradvice.com.ar/autos/226,https://api-caradvice.duckdns.org/api/image?path=%2Fopt%2Fcaradvice-media%2Fimages%2Fautos%2F226%2F1760390626272.IMG-20251013-WA0429.jpg,"https://api-caradvice.duckdns.org/api/image?path=%2Fopt%2Fcaradvice-media%2Fimages%2Fautos%2F226%2F1760390626285.IMG-20251013-WA0432.jpg,https://api-caradvice.duckdns.org/api/image?path=%2Fopt%2Fcaradvice-media%2Fimages%2Fautos%2F226%2F1760390626359.IMG-20251013-WA0435.jpg,https://api-caradvice.duckdns.org/api/image?path=%2Fopt%2Fcaradvice-media%2Fimages%2Fautos%2F226%2F1760390626414.IMG-20251013-WA0431.jpg,https://api-caradvice.duckdns.org/api/image?path=%2Fopt%2Fcaradvice-media%2Fimages%2Fautos%2F226%2F1760390626503.IMG-20251013-WA0434.jpg,https://api-caradvice.duckdns.org/api/image?path=%2Fopt%2Fcaradvice-media%2Fimages%2Fautos%2F226%2F1760390626537.IMG-20251013-WA0433.jpg,https://api-caradvice.duckdns.org/api/image?path=%2Fopt%2Fcaradvice-media%2Fimages%2Fautos%2F226%2F1760390626582.IMG-20251013-WA0436.jpg,https://api-caradvice.duckdns.org/api/image?path=%2Fopt%2Fcaradvice-media%2Fimages%2Fautos%2F226%2F1760390626654.IMG-20251013-WA0437.jpg,https://api-caradvice.duckdns.org/api/image?path=%2Fopt%2Fcaradvice-media%2Fimages%2Fautos%2F226%2F1760390626680.IMG-20251013-WA0442.jpg,https://api-caradvice.duckdns.org/api/image?path=%2Fopt%2Fcaradvice-media%2Fimages%2Fautos%2F226%2F1760390626703.IMG-20251013-WA0444.jpg,https://api-caradvice.duckdns.org/api/image?path=%2Fopt%2Fcaradvice-media%2Fimages%2Fautos%2F226%2F1760390626723.IMG-20251013-WA0446.jpg",CHEVROLET,SPIN,2014,98400,KM,OTHER,MANUAL,WAGON,Octavio Pinto 3024,Cordoba,Cordoba,5000,AR,-31.4167,-64.1833
227,TOYOTA HILUX 2.8 TDI 4X4 DC SRX L16,TOYOTA HILUX 2.8 TDI 4X4 DC SRX L16,AVAILABLE,USED,OTHER,44000000 ARS,https://caradvice.com.ar/autos/227,https://api-caradvice.duckdns.org/api/image?path=%2Fopt%2Fcaradvice-media%2Fimages%2Fautos%2F227%2F1760389313704.IMG-20251013-WA0147.jpg,"https://api-caradvice.duckdns.org/api/image?path=%2Fopt%2Fcaradvice-media%2Fimages%2Fautos%2F227%2F1760389313717.IMG-20251013-WA0128.jpg,https://api-caradvice.duckdns.org/api/image?path=%2Fopt%2Fcaradvice-media%2Fimages%2Fautos%2F227%2F1760389313732.IMG-20251013-WA0146.jpg,https://api-caradvice.duckdns.org/api/image?path=%2Fopt%2Fcaradvice-media%2Fimages%2Fautos%2F227%2F1760389313738.IMG-20251013-WA0144.jpg,https://api-caradvice.duckdns.org/api/image?path=%2Fopt%2Fcaradvice-media%2Fimages%2Fautos%2F227%2F1760389313755.IMG-20251013-WA0127.jpg,https://api-caradvice.duckdns.org/api/image?path=%2Fopt%2Fcaradvice-media%2Fimages%2Fautos%2F227%2F1760389313788.IMG-20251013-WA0136.jpg,https://api-caradvice.duckdns.org/api/image?path=%2Fopt%2Fcaradvice-media%2Fimages%2Fautos%2F227%2F1760389313821.IMG-20251013-WA0131.jpg,https://api-caradvice.duckdns.org/api/image?path=%2Fopt%2Fcaradvice-media%2Fimages%2Fautos%2F227%2F1760389313888.IMG-20251013-WA0129.jpg,https://api-caradvice.duckdns.org/api/image?path=%2Fopt%2Fcaradvice-media%2Fimages%2Fautos%2F227%2F1760389313931.IMG-20251013-WA0133.jpg,https://api-caradvice.duckdns.org/api/image?path=%2Fopt%2Fcaradvice-media%2Fimages%2Fautos%2F227%2F1760389313946.IMG-20251013-WA0134.jpg,https://api-caradvice.duckdns.org/api/image?path=%2Fopt%2Fcaradvice-media%2Fimages%2Fautos%2F227%2F1760389313966.IMG-20251013-WA0132.jpg",TOYOTA,HILUX,2016,184800,KM,DIESEL,MANUAL,PICKUP,Octavio Pinto 3024,Cordoba,Cordoba,5000,AR,-31.4167,-64.1833
228,FORD FIESTA 1.6 SE PLUS POWERSHIFT KD 5P L13,FORD FIESTA 1.6 SE PLUS POWERSHIFT KD 5P L13,AVAILABLE,USED,OTHER,17500000 ARS,https://caradvice.com.ar/autos/228,https://api-caradvice.duckdns.org/api/image?path=%2Fopt%2Fcaradvice-media%2Fimages%2Fautos%2F228%2F1764945742024.IMG-20251204-WA0449.jpg,"https://api-caradvice.duckdns.org/api/image?path=%2Fopt%2Fcaradvice-media%2Fimages%2Fautos%2F228%2F1764945742125.IMG-20251204-WA0454.jpg,https://api-caradvice.duckdns.org/api/image?path=%2Fopt%2Fcaradvice-media%2Fimages%2Fautos%2F228%2F1764945742641.IMG-20251204-WA0448.jpg,https://api-caradvice.duckdns.org/api/image?path=%2Fopt%2Fcaradvice-media%2Fimages%2Fautos%2F228%2F1764945742773.IMG-20251204-WA0453.jpg,https://api-caradvice.duckdns.org/api/image?path=%2Fopt%2Fcaradvice-media%2Fimages%2Fautos%2F228%2F1764945742918.IMG-20251204-WA0450.jpg,https://api-caradvice.duckdns.org/api/image?path=%2Fopt%2Fcaradvice-media%2Fimages%2Fautos%2F228%2F1764945743055.IMG-20251204-WA0451.jpg,https://api-caradvice.duckdns.org/api/image?path=%2Fopt%2Fcaradvice-media%2Fimages%2Fautos%2F228%2F1764945743234.IMG-20251204-WA0465.jpg,https://api-caradvice.duckdns.org/api/image?path=%2Fopt%2Fcaradvice-media%2Fimages%2Fautos%2F228%2F1764945743375.IMG-20251204-WA0459.jpg,https://api-caradvice.duckdns.org/api/image?path=%2Fopt%2Fcaradvice-media%2Fimages%2Fautos%2F228%2F1764945743552.IMG-20251204-WA0456.jpg,https://api-caradvice.duckdns.org/api/image?path=%2Fopt%2Fcaradvice-media%2Fimages%2Fautos%2F228%2F1764945743814.IMG-20251204-WA0455.jpg,https://api-caradvice.duckdns.org/api/image?path=%2Fopt%2Fcaradvice-media%2Fimages%2Fautos%2F228%2F1764945743984.IMG-20251204-WA0461.jpg",FORD,FIESTA,2014,102340,KM,GASOLINE,AUTOMATIC,HATCHBACK,Octavio Pinto 3024,Cordoba,Cordoba,5000,AR,-31.4167,-64.1833
229,TOYOTA RAV 4 2.4 5 P L06 4X2 AUT FULL,TOYOTA RAV 4 2.4 5 P L06 4X2 AUT FULL,AVAILABLE,USED,OTHER,22900000 ARS,https://caradvice.com.ar/autos/229,https://api-caradvice.duckdns.org/api/image?path=%2Fopt%2Fcaradvice-media%2Fimages%2Fautos%2F229%2F1757428586554.0f218970-4562-4127-b8fb-f77e28303d7e.JPG,"https://api-caradvice.duckdns.org/api/image?path=%2Fopt%2Fcaradvice-media%2Fimages%2Fautos%2F229%2F1757428586596.ec49a4f7-efe2-46ce-b60e-3db312533ac9.JPG,https://api-caradvice.duckdns.org/api/image?path=%2Fopt%2Fcaradvice-media%2Fimages%2Fautos%2F229%2F1757428586619.e2041e49-1eb6-4ea8-a563-18d6dc08a6a0.JPG,https://api-caradvice.duckdns.org/api/image?path=%2Fopt%2Fcaradvice-media%2Fimages%2Fautos%2F229%2F1757428586666.0efdfb2a-697d-47fb-b003-d62ce18e2328.JPG,https://api-caradvice.duckdns.org/api/image?path=%2Fopt%2Fcaradvice-media%2Fimages%2Fautos%2F229%2F1757428586694.e2dd609e-d8ed-443b-8e66-30d8aac765de.JPG,https://api-caradvice.duckdns.org/api/image?path=%2Fopt%2Fcaradvice-media%2Fimages%2Fautos%2F229%2F1757428586718.54849907-7b7d-4002-b68b-6dccfc3c620b.JPG,https://api-caradvice.duckdns.org/api/image?path=%2Fopt%2Fcaradvice-media%2Fimages%2Fautos%2F229%2F1757428586742.133fb4e3-ea0a-48c5-805a-21972d766ea9.JPG,https://api-caradvice.duckdns.org/api/image?path=%2Fopt%2Fcaradvice-media%2Fimages%2Fautos%2F229%2F1757428586766.60efb210-a186-4886-af65-a10504a42d35.JPG,https://api-caradvice.duckdns.org/api/image?path=%2Fopt%2Fcaradvice-media%2Fimages%2Fautos%2F229%2F1757428586797.81fb8257-5922-4cc9-a789-658c38467415.JPG,https://api-caradvice.duckdns.org/api/image?path=%2Fopt%2Fcaradvice-media%2Fimages%2Fautos%2F229%2F1757428586828.188f701e-415a-45df-9cb3-e0ac75b81671.JPG,https://api-caradvice.duckdns.org/api/image?path=%2Fopt%2Fcaradvice-media%2Fimages%2Fautos%2F229%2F1757428586852.330a8dfb-f8c0-47f8-9eca-b3e5b1061f2c.JPG",TOYOTA,RAV,2012,162900,KM,OTHER,AUTOMATIC,SUV,Octavio Pinto 3024,Cordoba,Cordoba,5000,AR,-31.4167,-64.1833
230,AUDI TT 2.0 T FSI L07,AUDI TT 2.0 T FSI L07,AVAILABLE,USED,OTHER,27500 USD,https://caradvice.com.ar/autos/230,https://api-caradvice.duckdns.org/api/image?path=%2Fopt%2Fcaradvice-media%2Fimages%2Fautos%2F230%2F1765286398423.IMG-20251209-WA0058.jpg,"https://api-caradvice.duckdns.org/api/image?path=%2Fopt%2Fcaradvice-media%2Fimages%2Fautos%2F230%2F1765286398443.IMG-20251209-WA0049.jpg,https://api-caradvice.duckdns.org/api/image?path=%2Fopt%2Fcaradvice-media%2Fimages%2Fautos%2F230%2F1765286398818.IMG-20251209-WA0055.jpg,https://api-caradvice.duckdns.org/api/image?path=%2Fopt%2Fcaradvice-media%2Fimages%2Fautos%2F230%2F1765286399469.IMG-20251209-WA0051.jpg,https://api-caradvice.duckdns.org/api/image?path=%2Fopt%2Fcaradvice-media%2Fimages%2Fautos%2F230%2F1765286399773.IMG-20251209-WA0059.jpg,https://api-caradvice.duckdns.org/api/image?path=%2Fopt%2Fcaradvice-media%2Fimages%2Fautos%2F230%2F1765286399859.IMG-20251209-WA0041.jpg,https://api-caradvice.duckdns.org/api/image?path=%2Fopt%2Fcaradvice-media%2Fimages%2Fautos%2F230%2F1765286400918.IMG-20251209-WA0043.jpg,https://api-caradvice.duckdns.org/api/image?path=%2Fopt%2Fcaradvice-media%2Fimages%2Fautos%2F230%2F1765286400949.IMG-20251209-WA0045.jpg,https://api-caradvice.duckdns.org/api/image?path=%2Fopt%2Fcaradvice-media%2Fimages%2Fautos%2F230%2F1765286402288.IMG-20251209-WA0046.jpg,https://api-caradvice.duckdns.org/api/image?path=%2Fopt%2Fcaradvice-media%2Fimages%2Fautos%2F230%2F1765286404523.IMG-20251209-WA0047.jpg,https://api-caradvice.duckdns.org/api/image?path=%2Fopt%2Fcaradvice-media%2Fimages%2Fautos%2F230%2F1765286404942.IMG-20251209-WA0050.jpg",AUDI,TT,2008,110000,KM,GASOLINE,MANUAL,SPORTSCAR,Octavio Pinto 3024,Cordoba,Cordoba,5000,AR,-31.4167,-64.1833
231,FORD RANGER 2.0 TD DC 4X4 LTD AT,FORD RANGER 2.0 TD DC 4X4 LTD AT,AVAILABLE,USED,OTHER,62500000 ARS,https://caradvice.com.ar/autos/231,https://api-caradvice.duckdns.org/api/image?path=%2Fopt%2Fcaradvice-media%2Fimages%2Fautos%2F231%2F1758721152095.IMG-20250923-WA0258.jpg,"https://api-caradvice.duckdns.org/api/image?path=%2Fopt%2Fcaradvice-media%2Fimages%2Fautos%2F231%2F1758721152152.IMG-20250923-WA0254.jpg,https://api-caradvice.duckdns.org/api/image?path=%2Fopt%2Fcaradvice-media%2Fimages%2Fautos%2F231%2F1758721152203.IMG-20250923-WA0255.jpg,https://api-caradvice.duckdns.org/api/image?path=%2Fopt%2Fcaradvice-media%2Fimages%2Fautos%2F231%2F1758721152243.IMG-20250923-WA0253.jpg,https://api-caradvice.duckdns.org/api/image?path=%2Fopt%2Fcaradvice-media%2Fimages%2Fautos%2F231%2F1758721156220.IMG-20250923-WA0259.jpg,https://api-caradvice.duckdns.org/api/image?path=%2Fopt%2Fcaradvice-media%2Fimages%2Fautos%2F231%2F1758721160964.IMG-20250923-WA0256.jpg,https://api-caradvice.duckdns.org/api/image?path=%2Fopt%2Fcaradvice-media%2Fimages%2Fautos%2F231%2F1758721161259.IMG-20250612-WA0908.jpg,https://api-caradvice.duckdns.org/api/image?path=%2Fopt%2Fcaradvice-media%2Fimages%2Fautos%2F231%2F1758721161321.IMG-20250612-WA0900.jpg,https://api-caradvice.duckdns.org/api/image?path=%2Fopt%2Fcaradvice-media%2Fimages%2Fautos%2F231%2F1758721161435.IMG-20250612-WA0903.jpg,https://api-caradvice.duckdns.org/api/image?path=%2Fopt%2Fcaradvice-media%2Fimages%2Fautos%2F231%2F1758721161545.IMG-20250612-WA0902.jpg,https://api-caradvice.duckdns.org/api/image?path=%2Fopt%2Fcaradvice-media%2Fimages%2Fautos%2F231%2F1758721161604.IMG-20250612-WA0907.jpg",FORD,RANGER,2023,48000,KM,DIESEL,AUTOMATIC,PICKUP,Octavio Pinto 3024,Cordoba,Cordoba,5000,AR,-31.4167,-64.1833
233,MERCEDES BENZ VITO 111 CDI FURGON PLUS AA L17,MERCEDES BENZ VITO 111 CDI FURGON PLUS AA L17,AVAILABLE,USED,OTHER,42000 USD,https://caradvice.com.ar/autos/233,https://api-caradvice.duckdns.org/api/image?path=%2Fopt%2Fcaradvice-media%2Fimages%2Fautos%2F233%2F1763587625176.IMG-20251119-WA0380.jpg,"https://api-caradvice.duckdns.org/api/image?path=%2Fopt%2Fcaradvice-media%2Fimages%2Fautos%2F233%2F1763587625196.IMG-20251119-WA0369.jpg,https://api-caradvice.duckdns.org/api/image?path=%2Fopt%2Fcaradvice-media%2Fimages%2Fautos%2F233%2F1763587625198.IMG-20251119-WA0382.jpg,https://api-caradvice.duckdns.org/api/image?path=%2Fopt%2Fcaradvice-media%2Fimages%2Fautos%2F233%2F1763587625202.IMG-20251119-WA0371.jpg,https://api-caradvice.duckdns.org/api/image?path=%2Fopt%2Fcaradvice-media%2Fimages%2Fautos%2F233%2F1763587625208.IMG-20251119-WA0379.jpg,https://api-caradvice.duckdns.org/api/image?path=%2Fopt%2Fcaradvice-media%2Fimages%2Fautos%2F233%2F1763587625211.IMG-20251119-WA0366.jpg,https://api-caradvice.duckdns.org/api/image?path=%2Fopt%2Fcaradvice-media%2Fimages%2Fautos%2F233%2F1763587625213.IMG-20251119-WA0368.jpg,https://api-caradvice.duckdns.org/api/image?path=%2Fopt%2Fcaradvice-media%2Fimages%2Fautos%2F233%2F1763587625217.IMG-20251119-WA0370.jpg,https://api-caradvice.duckdns.org/api/image?path=%2Fopt%2Fcaradvice-media%2Fimages%2Fautos%2F233%2F1763587625224.IMG-20251119-WA0373.jpg,https://api-caradvice.duckdns.org/api/image?path=%2Fopt%2Fcaradvice-media%2Fimages%2Fautos%2F233%2F1763587625254.IMG-20251119-WA0374.jpg,https://api-caradvice.duckdns.org/api/image?path=%2Fopt%2Fcaradvice-media%2Fimages%2Fautos%2F233%2F1763587625269.IMG-20251119-WA0375.jpg",MERCEDES BENZ,VITO,2021,79000,KM,DIESEL,MANUAL,VAN,Octavio Pinto 3024,Cordoba,Cordoba,5000,AR,-31.4167,-64.1833
235,FORD FIESTA 1.6 TITANIUM KD 4P L13,FORD FIESTA 1.6 TITANIUM KD 4P L13,AVAILABLE,USED,OTHER,18500000 ARS,https://caradvice.com.ar/autos/235,https://api-caradvice.duckdns.org/api/image?path=%2Fopt%2Fcaradvice-media%2Fimages%2Fautos%2F235%2F1749675833858.8df3077b-7416-4798-95e0-18d3feefd6f5.JPG,"https://api-caradvice.duckdns.org/api/image?path=%2Fopt%2Fcaradvice-media%2Fimages%2Fautos%2F235%2F1749675834009.30e79a80-33fc-4a8c-b207-a5647ceb8eb8.JPG,https://api-caradvice.duckdns.org/api/image?path=%2Fopt%2Fcaradvice-media%2Fimages%2Fautos%2F235%2F1749675834375.89048206-9bfe-4740-905d-92ed3ca3af17.JPG,https://api-caradvice.duckdns.org/api/image?path=%2Fopt%2Fcaradvice-media%2Fimages%2Fautos%2F235%2F1749675834534.ee12e7a3-c1e6-42de-9012-fb3f2719c060.JPG,https://api-caradvice.duckdns.org/api/image?path=%2Fopt%2Fcaradvice-media%2Fimages%2Fautos%2F235%2F1749675834687.8cfa1fc1-3dc5-4680-8fc1-fabff72632fe.JPG,https://api-caradvice.duckdns.org/api/image?path=%2Fopt%2Fcaradvice-media%2Fimages%2Fautos%2F235%2F1749675834986.cdccbed5-f555-481c-ba79-dc2b022a5f91.JPG,https://api-caradvice.duckdns.org/api/image?path=%2Fopt%2Fcaradvice-media%2Fimages%2Fautos%2F235%2F1749675835383.0d4631ee-e1b3-49ef-81f0-45c58999f1bd.JPG,https://api-caradvice.duckdns.org/api/image?path=%2Fopt%2Fcaradvice-media%2Fimages%2Fautos%2F235%2F1749675835540.7bfc35f6-e580-4497-a47a-923ba537a6fc.JPG,https://api-caradvice.duckdns.org/api/image?path=%2Fopt%2Fcaradvice-media%2Fimages%2Fautos%2F235%2F1749675835662.51e33a10-c1a3-4da0-8dee-d93eedcfb31e.JPG,https://api-caradvice.duckdns.org/api/image?path=%2Fopt%2Fcaradvice-media%2Fimages%2Fautos%2F235%2F1749675835950.96e9f627-3f43-4f7f-9f07-456392f96b88.JPG,https://api-caradvice.duckdns.org/api/image?path=%2Fopt%2Fcaradvice-media%2Fimages%2Fautos%2F235%2F1749675836431.8816e1f5-3a1a-4011-b73b-bd685e6be020.JPG",FORD,FIESTA,2016,130000,KM,GASOLINE,MANUAL,SEDAN,Octavio Pinto 3024,Cordoba,Cordoba,5000,AR,-31.4167,-64.1833
236,CHEVROLET CAPTIVA 2.4 LT L11,CHEVROLET CAPTIVA 2.4 LT L11,AVAILABLE,USED,OTHER,20500000 ARS,https://caradvice.com.ar/autos/236,https://api-caradvice.duckdns.org/api/image?path=%2Fopt%2Fcaradvice-media%2Fimages%2Fautos%2F236%2F1759264170974.IMG-20250930-WA0440.jpg,"https://api-caradvice.duckdns.org/api/image?path=%2Fopt%2Fcaradvice-media%2Fimages%2Fautos%2F236%2F1759264173496.IMG-20250930-WA0426.jpg,https://api-caradvice.duckdns.org/api/image?path=%2Fopt%2Fcaradvice-media%2Fimages%2Fautos%2F236%2F1759264175289.IMG-20250930-WA0441.jpg,https://api-caradvice.duckdns.org/api/image?path=%2Fopt%2Fcaradvice-media%2Fimages%2Fautos%2F236%2F1759264178481.IMG-20250930-WA0427.jpg,https://api-caradvice.duckdns.org/api/image?path=%2Fopt%2Fcaradvice-media%2Fimages%2Fautos%2F236%2F1759264179343.IMG-20250930-WA0439.jpg,https://api-caradvice.duckdns.org/api/image?path=%2Fopt%2Fcaradvice-media%2Fimages%2Fautos%2F236%2F1759264180385.IMG-20250930-WA0425.jpg,https://api-caradvice.duckdns.org/api/image?path=%2Fopt%2Fcaradvice-media%2Fimages%2Fautos%2F236%2F1759264180662.IMG-20250930-WA0438.jpg,https://api-caradvice.duckdns.org/api/image?path=%2Fopt%2Fcaradvice-media%2Fimages%2Fautos%2F236%2F1759264181196.IMG-20250930-WA0437.jpg,https://api-caradvice.duckdns.org/api/image?path=%2Fopt%2Fcaradvice-media%2Fimages%2Fautos%2F236%2F1759264181989.IMG-20250930-WA0432.jpg,https://api-caradvice.duckdns.org/api/image?path=%2Fopt%2Fcaradvice-media%2Fimages%2Fautos%2F236%2F1759264182322.IMG-20250930-WA0434.jpg,https://api-caradvice.duckdns.org/api/image?path=%2Fopt%2Fcaradvice-media%2Fimages%2Fautos%2F236%2F1759264182714.IMG-20250930-WA0433.jpg",CHEVROLET,CAPTIVA,2013,169000,KM,GASOLINE,MANUAL,SUV,Octavio Pinto 3024,Cordoba,Cordoba,5000,AR,-31.4167,-64.1833
237,PEUGEOT 208 1.2 LIKE PACK L23,PEUGEOT 208 1.2 LIKE PACK L23,AVAILABLE,USED,OTHER,21600000 ARS,https://caradvice.com.ar/autos/237,https://api-caradvice.duckdns.org/api/image?path=%2Fopt%2Fcaradvice-media%2Fimages%2Fautos%2F237%2F1743720222637.172d07be-611e-4360-b8a0-b8d8c8e4c5f6.JPG,"https://api-caradvice.duckdns.org/api/image?path=%2Fopt%2Fcaradvice-media%2Fimages%2Fautos%2F237%2F1743720222964.5ee058cb-5c03-4b0b-82f5-f9178cbb1501.JPG,https://api-caradvice.duckdns.org/api/image?path=%2Fopt%2Fcaradvice-media%2Fimages%2Fautos%2F237%2F1743720223159.3e91ad87-4958-49e1-90df-4f7ad1361a22.JPG,https://api-caradvice.duckdns.org/api/image?path=%2Fopt%2Fcaradvice-media%2Fimages%2Fautos%2F237%2F1743720223301.771211cb-36cf-4da5-ad19-7a28bd2faf2f.JPG,https://api-caradvice.duckdns.org/api/image?path=%2Fopt%2Fcaradvice-media%2Fimages%2Fautos%2F237%2F1743720223351.32d59698-c1a0-4f43-ac1c-fa1217069a54.JPG,https://api-caradvice.duckdns.org/api/image?path=%2Fopt%2Fcaradvice-media%2Fimages%2Fautos%2F237%2F1743720223476.97872241-1201-44fe-812c-bb798d080a2a.JPG,https://api-caradvice.duckdns.org/api/image?path=%2Fopt%2Fcaradvice-media%2Fimages%2Fautos%2F237%2F1743720223514.1a43f738-5f74-4fac-a850-bb9d8953db55.JPG,https://api-caradvice.duckdns.org/api/image?path=%2Fopt%2Fcaradvice-media%2Fimages%2Fautos%2F237%2F1743720223538.8b1f5e19-5295-4eed-b232-31c09712eb80.JPG,https://api-caradvice.duckdns.org/api/image?path=%2Fopt%2Fcaradvice-media%2Fimages%2Fautos%2F237%2F1743720223597.20c82521-e372-4d40-8ef3-b492cd0e438c.JPG,https://api-caradvice.duckdns.org/api/image?path=%2Fopt%2Fcaradvice-media%2Fimages%2Fautos%2F237%2F1743720223623.54cd53ea-d3d8-419b-bec3-e39ba5021c55.JPG,https://api-caradvice.duckdns.org/api/image?path=%2Fopt%2Fcaradvice-media%2Fimages%2Fautos%2F237%2F1743720223639.71e90e22-6b74-4d45-aa06-97fafa035b52.JPG",PEUGEOT,208,2023,85000,KM,GASOLINE,MANUAL,HATCHBACK,Octavio Pinto 3024,Cordoba,Cordoba,5000,AR,-31.4167,-64.1833
239,FORD TERRITORY 1.8 T SEL AT7 L23,FORD TERRITORY 1.8 T SEL AT7 L23,AVAILABLE,USED,OTHER,46000000 ARS,https://caradvice.com.ar/autos/239,https://api-caradvice.duckdns.org/api/image?path=%2Fopt%2Fcaradvice-media%2Fimages%2Fautos%2F239%2F1764097850775.IMG-20251125-WA0384.jpg,"https://api-caradvice.duckdns.org/api/image?path=%2Fopt%2Fcaradvice-media%2Fimages%2Fautos%2F239%2F1764097850893.IMG-20251125-WA0386.jpg,https://api-caradvice.duckdns.org/api/image?path=%2Fopt%2Fcaradvice-media%2Fimages%2Fautos%2F239%2F1764097851080.IMG-20251125-WA0387.jpg,https://api-caradvice.duckdns.org/api/image?path=%2Fopt%2Fcaradvice-media%2Fimages%2Fautos%2F239%2F1764097851282.IMG-20251125-WA0388.jpg,https://api-caradvice.duckdns.org/api/image?path=%2Fopt%2Fcaradvice-media%2Fimages%2Fautos%2F239%2F1764097851473.IMG-20251125-WA0382.jpg,https://api-caradvice.duckdns.org/api/image?path=%2Fopt%2Fcaradvice-media%2Fimages%2Fautos%2F239%2F1764097851701.IMG-20251125-WA0389.jpg,https://api-caradvice.duckdns.org/api/image?path=%2Fopt%2Fcaradvice-media%2Fimages%2Fautos%2F239%2F1764097851847.IMG-20251125-WA0397.jpg,https://api-caradvice.duckdns.org/api/image?path=%2Fopt%2Fcaradvice-media%2Fimages%2Fautos%2F239%2F1764097851926.IMG-20251125-WA0385.jpg,https://api-caradvice.duckdns.org/api/image?path=%2Fopt%2Fcaradvice-media%2Fimages%2Fautos%2F239%2F1764097852085.IMG-20251125-WA0390.jpg,https://api-caradvice.duckdns.org/api/image?path=%2Fopt%2Fcaradvice-media%2Fimages%2Fautos%2F239%2F1764097852200.IMG-20251125-WA0392.jpg,https://api-caradvice.duckdns.org/api/image?path=%2Fopt%2Fcaradvice-media%2Fimages%2Fautos%2F239%2F1764097852323.IMG-20251125-WA0396.jpg",FORD,TERRITORY,2023,51100,KM,GASOLINE,AUTOMATIC,SUV,Octavio Pinto 3024,Cordoba,Cordoba,5000,AR,-31.4167,-64.1833
240,CHEVROLET AGILE 1.4 LS L09,CHEVROLET AGILE 1.4 LS L09,AVAILABLE,USED,OTHER,13000000 ARS,https://caradvice.com.ar/autos/240,https://api-caradvice.duckdns.org/api/image?path=%2Fopt%2Fcaradvice-media%2Fimages%2Fautos%2F240%2F1756438320659.11b63f0a-4a73-47f8-8f47-1c0507469a50%202.JPG,"https://api-caradvice.duckdns.org/api/image?path=%2Fopt%2Fcaradvice-media%2Fimages%2Fautos%2F240%2F1756438320987.4edf8f58-af20-4d80-b970-ed54ea0f5912%202.JPG,https://api-caradvice.duckdns.org/api/image?path=%2Fopt%2Fcaradvice-media%2Fimages%2Fautos%2F240%2F1756438321182.d4b2a307-b191-4251-8fd1-d15bf9c5ded9%202.JPG,https://api-caradvice.duckdns.org/api/image?path=%2Fopt%2Fcaradvice-media%2Fimages%2Fautos%2F240%2F1756438321310.e21a262c-03a1-45ce-ba4c-3e77649df494%202.JPG,https://api-caradvice.duckdns.org/api/image?path=%2Fopt%2Fcaradvice-media%2Fimages%2Fautos%2F240%2F1756438321425.06c31a2e-ade6-40d2-a3f0-8d662d21eeca%202.JPG,https://api-caradvice.duckdns.org/api/image?path=%2Fopt%2Fcaradvice-media%2Fimages%2Fautos%2F240%2F1756438321485.01411834-8ea7-4538-b376-8ce7e9457a7a%202.JPG,https://api-caradvice.duckdns.org/api/image?path=%2Fopt%2Fcaradvice-media%2Fimages%2Fautos%2F240%2F1756438321531.10e7355a-abac-44d5-9ad1-eaa7676ec2d6%202.JPG,https://api-caradvice.duckdns.org/api/image?path=%2Fopt%2Fcaradvice-media%2Fimages%2Fautos%2F240%2F1756438321560.79b88ca0-f6d1-4059-b251-ff9041d996e7%202.JPG,https://api-caradvice.duckdns.org/api/image?path=%2Fopt%2Fcaradvice-media%2Fimages%2Fautos%2F240%2F1756438321641.102faf7b-345d-469a-8855-880cfa3cff37%202.JPG,https://api-caradvice.duckdns.org/api/image?path=%2Fopt%2Fcaradvice-media%2Fimages%2Fautos%2F240%2F1756438321666.508b7013-c969-461b-ad51-ba385bc01f76%202.JPG,https://api-caradvice.duckdns.org/api/image?path=%2Fopt%2Fcaradvice-media%2Fimages%2Fautos%2F240%2F1756438321707.77752bbd-5e89-4dd6-9885-65294a4c923e%202.JPG",CHEVROLET,AGILE,2012,148800,KM,GASOLINE,MANUAL,HATCHBACK,Octavio Pinto 3024,Cordoba,Cordoba,5000,AR,-31.4167,-64.1833
242,CHEVROLET SPIN 1.8 LT 5AS L12,CHEVROLET SPIN 1.8 LT 5AS L12,AVAILABLE,USED,OTHER,17400000 ARS,https://caradvice.com.ar/autos/242,https://api-caradvice.duckdns.org/api/image?path=%2Fopt%2Fcaradvice-media%2Fimages%2Fautos%2F242%2F1749133341704.d27be4a7-bb0b-4042-8171-17bec91a1dcc.JPG,"https://api-caradvice.duckdns.org/api/image?path=%2Fopt%2Fcaradvice-media%2Fimages%2Fautos%2F242%2F1749133341789.b09e3593-cc75-4079-8ade-b8fe97420e3b.JPG,https://api-caradvice.duckdns.org/api/image?path=%2Fopt%2Fcaradvice-media%2Fimages%2Fautos%2F242%2F1749133341880.50397a6c-9344-4de1-a7a7-f9fe7a212290.JPG,https://api-caradvice.duckdns.org/api/image?path=%2Fopt%2Fcaradvice-media%2Fimages%2Fautos%2F242%2F1749133341959.a22536b2-f118-44ac-9d42-246e1c3cc11b.JPG,https://api-caradvice.duckdns.org/api/image?path=%2Fopt%2Fcaradvice-media%2Fimages%2Fautos%2F242%2F1749133341999.78fbbf5e-9e5b-4415-8c3f-90e88f0e97f7.JPG,https://api-caradvice.duckdns.org/api/image?path=%2Fopt%2Fcaradvice-media%2Fimages%2Fautos%2F242%2F1749133342068.5027bdaf-df04-4c0a-9445-d62a493c0bfe.JPG,https://api-caradvice.duckdns.org/api/image?path=%2Fopt%2Fcaradvice-media%2Fimages%2Fautos%2F242%2F1749133342117.0ae741ef-421f-415e-9b75-67de6e29ae04.JPG,https://api-caradvice.duckdns.org/api/image?path=%2Fopt%2Fcaradvice-media%2Fimages%2Fautos%2F242%2F1749133342155.4b127f33-6b72-4e04-8cfa-d8bb8b00b2fb.JPG,https://api-caradvice.duckdns.org/api/image?path=%2Fopt%2Fcaradvice-media%2Fimages%2Fautos%2F242%2F1749133342166.9b640f2b-a279-4ff6-9211-811b499edf80.JPG,https://api-caradvice.duckdns.org/api/image?path=%2Fopt%2Fcaradvice-media%2Fimages%2Fautos%2F242%2F1749133342189.09f29885-1f22-4ae1-bb92-058622ce9dab.JPG,https://api-caradvice.duckdns.org/api/image?path=%2Fopt%2Fcaradvice-media%2Fimages%2Fautos%2F242%2F1749133342224.33ad61fa-8425-4644-a7f4-2772cb90d856.JPG",CHEVROLET,SPIN,2016,80500,KM,OTHER,MANUAL,WAGON,Octavio Pinto 3024,Cordoba,Cordoba,5000,AR,-31.4167,-64.1833
243,NISSAN VERSA 1.6 ADVANCE L20,NISSAN VERSA 1.6 ADVANCE L20,AVAILABLE,USED,OTHER,21000000 ARS,https://caradvice.com.ar/autos/243,https://api-caradvice.duckdns.org/api/image?path=%2Fopt%2Fcaradvice-media%2Fimages%2Fautos%2F243%2F1760464143884.IMG-20251014-WA0146.jpg,"https://api-caradvice.duckdns.org/api/image?path=%2Fopt%2Fcaradvice-media%2Fimages%2Fautos%2F243%2F1760464144203.IMG-20251014-WA0148.jpg,https://api-caradvice.duckdns.org/api/image?path=%2Fopt%2Fcaradvice-media%2Fimages%2Fautos%2F243%2F1760464144460.IMG-20251014-WA0145.jpg,https://api-caradvice.duckdns.org/api/image?path=%2Fopt%2Fcaradvice-media%2Fimages%2Fautos%2F243%2F1760464144711.IMG-20251014-WA0149.jpg,https://api-caradvice.duckdns.org/api/image?path=%2Fopt%2Fcaradvice-media%2Fimages%2Fautos%2F243%2F1760464144877.IMG-20251014-WA0147.jpg,https://api-caradvice.duckdns.org/api/image?path=%2Fopt%2Fcaradvice-media%2Fimages%2Fautos%2F243%2F1760464145039.IMG-20251014-WA0144.jpg,https://api-caradvice.duckdns.org/api/image?path=%2Fopt%2Fcaradvice-media%2Fimages%2Fautos%2F243%2F1760464145210.IMG-20251014-WA0150.jpg,https://api-caradvice.duckdns.org/api/image?path=%2Fopt%2Fcaradvice-media%2Fimages%2Fautos%2F243%2F1760464145273.IMG-20251014-WA0151.jpg,https://api-caradvice.duckdns.org/api/image?path=%2Fopt%2Fcaradvice-media%2Fimages%2Fautos%2F243%2F1760464145435.IMG-20251014-WA0152.jpg,https://api-caradvice.duckdns.org/api/image?path=%2Fopt%2Fcaradvice-media%2Fimages%2Fautos%2F243%2F1760464145573.IMG-20251014-WA0153.jpg,https://api-caradvice.duckdns.org/api/image?path=%2Fopt%2Fcaradvice-media%2Fimages%2Fautos%2F243%2F1760464145783.IMG-20251014-WA0154.jpg",NISSAN,VERSA,2020,52500,KM,GASOLINE,MANUAL,SEDAN,Octavio Pinto 3024,Cordoba,Cordoba,5000,AR,-31.4167,-64.1833
244,PEUGEOT 208 1.6 ALLURE NAV TIPTRONIC 5P L15,PEUGEOT 208 1.6 ALLURE NAV TIPTRONIC 5P L15,AVAILABLE,USED,OTHER,12500 USD,https://caradvice.com.ar/autos/244,https://api-caradvice.duckdns.org/api/image?path=%2Fopt%2Fcaradvice-media%2Fimages%2Fautos%2F244%2F1762794161881.IMG-20251110-WA0494.jpg,"https://api-caradvice.duckdns.org/api/image?path=%2Fopt%2Fcaradvice-media%2Fimages%2Fautos%2F244%2F1762794161894.IMG-20251110-WA0495.jpg,https://api-caradvice.duckdns.org/api/image?path=%2Fopt%2Fcaradvice-media%2Fimages%2Fautos%2F244%2F1762794162077.IMG-20251110-WA0490.jpg,https://api-caradvice.duckdns.org/api/image?path=%2Fopt%2Fcaradvice-media%2Fimages%2Fautos%2F244%2F1762794162171.IMG-20251110-WA0491.jpg,https://api-caradvice.duckdns.org/api/image?path=%2Fopt%2Fcaradvice-media%2Fimages%2Fautos%2F244%2F1762794162213.IMG-20251110-WA0489.jpg,https://api-caradvice.duckdns.org/api/image?path=%2Fopt%2Fcaradvice-media%2Fimages%2Fautos%2F244%2F1762794162249.IMG-20251110-WA0493.jpg,https://api-caradvice.duckdns.org/api/image?path=%2Fopt%2Fcaradvice-media%2Fimages%2Fautos%2F244%2F1762794162285.IMG-20251110-WA0497.jpg,https://api-caradvice.duckdns.org/api/image?path=%2Fopt%2Fcaradvice-media%2Fimages%2Fautos%2F244%2F1762794162324.IMG-20251110-WA0492.jpg,https://api-caradvice.duckdns.org/api/image?path=%2Fopt%2Fcaradvice-media%2Fimages%2Fautos%2F244%2F1762794162442.IMG-20251110-WA0496.jpg,https://api-caradvice.duckdns.org/api/image?path=%2Fopt%2Fcaradvice-media%2Fimages%2Fautos%2F244%2F1762794162534.IMG-20251110-WA0499.jpg,https://api-caradvice.duckdns.org/api/image?path=%2Fopt%2Fcaradvice-media%2Fimages%2Fautos%2F244%2F1762794162663.IMG-20251110-WA0500.jpg",PEUGEOT,208,2017,89800,KM,GASOLINE,AUTOMATIC,HATCHBACK,Octavio Pinto 3024,Cordoba,Cordoba,5000,AR,-31.4167,-64.1833
245,RENAULT SANDERO STEPWAY 1.6 RIP CURL L16,RENAULT SANDERO STEPWAY 1.6 RIP CURL L16,AVAILABLE,USED,OTHER,18000000 ARS,https://caradvice.com.ar/autos/245,https://api-caradvice.duckdns.org/api/image?path=%2Fopt%2Fcaradvice-media%2Fimages%2Fautos%2F245%2F1764085675727.IMG-20251125-WA0198.jpg,"https://api-caradvice.duckdns.org/api/image?path=%2Fopt%2Fcaradvice-media%2Fimages%2Fautos%2F245%2F1764085675767.IMG-20251125-WA0197.jpg,https://api-caradvice.duckdns.org/api/image?path=%2Fopt%2Fcaradvice-media%2Fimages%2Fautos%2F245%2F1764085675855.IMG-20251125-WA0191.jpg,https://api-caradvice.duckdns.org/api/image?path=%2Fopt%2Fcaradvice-media%2Fimages%2Fautos%2F245%2F1764085675968.IMG-20251125-WA0193.jpg,https://api-caradvice.duckdns.org/api/image?path=%2Fopt%2Fcaradvice-media%2Fimages%2Fautos%2F245%2F1764085676021.IMG-20251125-WA0195.jpg,https://api-caradvice.duckdns.org/api/image?path=%2Fopt%2Fcaradvice-media%2Fimages%2Fautos%2F245%2F1764085676103.IMG-20251125-WA0196.jpg,https://api-caradvice.duckdns.org/api/image?path=%2Fopt%2Fcaradvice-media%2Fimages%2Fautos%2F245%2F1764085676219.IMG-20251125-WA0200.jpg,https://api-caradvice.duckdns.org/api/image?path=%2Fopt%2Fcaradvice-media%2Fimages%2Fautos%2F245%2F1764085676299.IMG-20251125-WA0201.jpg,https://api-caradvice.duckdns.org/api/image?path=%2Fopt%2Fcaradvice-media%2Fimages%2Fautos%2F245%2F1764085676349.IMG-20251125-WA0199.jpg,https://api-caradvice.duckdns.org/api/image?path=%2Fopt%2Fcaradvice-media%2Fimages%2Fautos%2F245%2F1764085676486.IMG-20251125-WA0202.jpg,https://api-caradvice.duckdns.org/api/image?path=%2Fopt%2Fcaradvice-media%2Fimages%2Fautos%2F245%2F1764085676540.IMG-20251125-WA0203.jpg",RENAULT,SANDERO STEPWAY,2016,67500,KM,GASOLINE,MANUAL,HATCHBACK,Octavio Pinto 3024,Cordoba,Cordoba,5000,AR,-31.4167,-64.1833
246,CHEVROLET PICK-UP LUV P-UP 2.5 D SCAB 4X2,CHEVROLET PICK-UP LUV P-UP 2.5 D SCAB 4X2,AVAILABLE,USED,OTHER,21400000 ARS,https://caradvice.com.ar/autos/246,https://api-caradvice.duckdns.org/api/image?path=%2Fopt%2Fcaradvice-media%2Fimages%2Fautos%2F246%2F1750378215135.6242250b-ad10-40fe-8d60-3dbaeda0a099.JPG,"https://api-caradvice.duckdns.org/api/image?path=%2Fopt%2Fcaradvice-media%2Fimages%2Fautos%2F246%2F1750378215676.251cd024-93e7-4815-be7a-161923fab1fa.JPG,https://api-caradvice.duckdns.org/api/image?path=%2Fopt%2Fcaradvice-media%2Fimages%2Fautos%2F246%2F1750378216138.060c30ac-4c29-450b-ab3b-1f516ca3fac7.JPG,https://api-caradvice.duckdns.org/api/image?path=%2Fopt%2Fcaradvice-media%2Fimages%2Fautos%2F246%2F1750378216504.c9907df7-7d4d-4b51-b235-202b10388b33.JPG,https://api-caradvice.duckdns.org/api/image?path=%2Fopt%2Fcaradvice-media%2Fimages%2Fautos%2F246%2F1750378216958.1787c926-a1ac-4521-87c5-ef0a464e0763.JPG,https://api-caradvice.duckdns.org/api/image?path=%2Fopt%2Fcaradvice-media%2Fimages%2Fautos%2F246%2F1750378217420.0165b5e8-403f-4420-83ac-c41dd68f4a6d.JPG,https://api-caradvice.duckdns.org/api/image?path=%2Fopt%2Fcaradvice-media%2Fimages%2Fautos%2F246%2F1750378217899.13b3e7b0-ea70-4279-b444-e254d3baf695.JPG,https://api-caradvice.duckdns.org/api/image?path=%2Fopt%2Fcaradvice-media%2Fimages%2Fautos%2F246%2F1750378218271.16d88a58-32ef-4e56-9356-db49ee7ed1f8.JPG,https://api-caradvice.duckdns.org/api/image?path=%2Fopt%2Fcaradvice-media%2Fimages%2Fautos%2F246%2F1750378218630.32d9b2e3-6791-47bf-8665-83d68948b764.JPG,https://api-caradvice.duckdns.org/api/image?path=%2Fopt%2Fcaradvice-media%2Fimages%2Fautos%2F246%2F1750378219092.3136cc6f-8783-4707-9efd-ccc295679fde.JPG,https://api-caradvice.duckdns.org/api/image?path=%2Fopt%2Fcaradvice-media%2Fimages%2Fautos%2F246%2F1750378219509.5801b628-1cbf-471b-acfc-8af193b02287.JPG",CHEVROLET,PICK-UP LUV,1998,193000,KM,DIESEL,MANUAL,PICKUP,Octavio Pinto 3024,Cordoba,Cordoba,5000,AR,-31.4167,-64.1833
247,RENAULT SANDERO 1.6 16V LIFE L19,RENAULT SANDERO 1.6 16V LIFE L19,AVAILABLE,USED,OTHER,21000000 ARS,https://caradvice.com.ar/autos/247,https://api-caradvice.duckdns.org/api/image?path=%2Fopt%2Fcaradvice-media%2Fimages%2Fautos%2F247%2F1747949006820.6d00c106-8e64-4750-a856-19b58c7b88d6.JPG,"https://api-caradvice.duckdns.org/api/image?path=%2Fopt%2Fcaradvice-media%2Fimages%2Fautos%2F247%2F1747949007066.42860341-7a34-475f-8644-c70b467d9593.JPG,https://api-caradvice.duckdns.org/api/image?path=%2Fopt%2Fcaradvice-media%2Fimages%2Fautos%2F247%2F1747949007217.753a5631-a605-40f8-b903-bf99142915b5.JPG,https://api-caradvice.duckdns.org/api/image?path=%2Fopt%2Fcaradvice-media%2Fimages%2Fautos%2F247%2F1747949007291.e6bb00c8-20cd-4bac-8507-dc30abc5d409.JPG,https://api-caradvice.duckdns.org/api/image?path=%2Fopt%2Fcaradvice-media%2Fimages%2Fautos%2F247%2F1747949007352.8f039306-855d-4192-89e8-59a3c9296335.JPG,https://api-caradvice.duckdns.org/api/image?path=%2Fopt%2Fcaradvice-media%2Fimages%2Fautos%2F247%2F1747949007424.0280ae1d-aded-4851-ae75-bad8caccc1e0.JPG,https://api-caradvice.duckdns.org/api/image?path=%2Fopt%2Fcaradvice-media%2Fimages%2Fautos%2F247%2F1747949007461.4521fad0-7fcc-4dda-9bef-73347b32f91b.JPG,https://api-caradvice.duckdns.org/api/image?path=%2Fopt%2Fcaradvice-media%2Fimages%2Fautos%2F247%2F1747949007489.5a456a6b-01f9-44d7-a654-e57070d91ee2.JPG,https://api-caradvice.duckdns.org/api/image?path=%2Fopt%2Fcaradvice-media%2Fimages%2Fautos%2F247%2F1747949007554.7c869c22-3ef4-4a3a-b54f-68d5c0cfcc6b.JPG,https://api-caradvice.duckdns.org/api/image?path=%2Fopt%2Fcaradvice-media%2Fimages%2Fautos%2F247%2F1747949007601.7f88f718-4290-4bb1-9a03-bb6fca7e9ded.JPG,https://api-caradvice.duckdns.org/api/image?path=%2Fopt%2Fcaradvice-media%2Fimages%2Fautos%2F247%2F1747949007628.9bb7977c-97fa-42fe-8ad9-980d260adc7d.JPG",RENAULT,SANDERO,2022,36300,KM,GASOLINE,MANUAL,HATCHBACK,Octavio Pinto 3024,Cordoba,Cordoba,5000,AR,-31.4167,-64.1833
249,PEUGEOT 208 1.6 ROADTRIP,PEUGEOT 208 1.6 ROADTRIP,AVAILABLE,USED,OTHER,28500000 ARS,https://caradvice.com.ar/autos/249,https://api-caradvice.duckdns.org/api/image?path=%2Fopt%2Fcaradvice-media%2Fimages%2Fautos%2F249%2F1765834025066.IMG-20251215-WA0510.jpg,"https://api-caradvice.duckdns.org/api/image?path=%2Fopt%2Fcaradvice-media%2Fimages%2Fautos%2F249%2F1765834025080.IMG-20251215-WA0514.jpg,https://api-caradvice.duckdns.org/api/image?path=%2Fopt%2Fcaradvice-media%2Fimages%2Fautos%2F249%2F1765834025085.IMG-20251215-WA0508.jpg,https://api-caradvice.duckdns.org/api/image?path=%2Fopt%2Fcaradvice-media%2Fimages%2Fautos%2F249%2F1765834025105.IMG-20251215-WA0511.jpg,https://api-caradvice.duckdns.org/api/image?path=%2Fopt%2Fcaradvice-media%2Fimages%2Fautos%2F249%2F1765834025152.IMG-20251215-WA0509.jpg,https://api-caradvice.duckdns.org/api/image?path=%2Fopt%2Fcaradvice-media%2Fimages%2Fautos%2F249%2F1765834025210.IMG-20251215-WA0513.jpg,https://api-caradvice.duckdns.org/api/image?path=%2Fopt%2Fcaradvice-media%2Fimages%2Fautos%2F249%2F1765834025257.IMG-20251215-WA0519.jpg,https://api-caradvice.duckdns.org/api/image?path=%2Fopt%2Fcaradvice-media%2Fimages%2Fautos%2F249%2F1765834025269.IMG-20251215-WA0518.jpg,https://api-caradvice.duckdns.org/api/image?path=%2Fopt%2Fcaradvice-media%2Fimages%2Fautos%2F249%2F1765834025300.IMG-20251215-WA0516.jpg,https://api-caradvice.duckdns.org/api/image?path=%2Fopt%2Fcaradvice-media%2Fimages%2Fautos%2F249%2F1765834025336.IMG-20251215-WA0523.jpg,https://api-caradvice.duckdns.org/api/image?path=%2Fopt%2Fcaradvice-media%2Fimages%2Fautos%2F249%2F1765834025391.IMG-20251215-WA0512.jpg",PEUGEOT,208,2024,50000,KM,OTHER,MANUAL,HATCHBACK,Octavio Pinto 3024,Cordoba,Cordoba,5000,AR,-31.4167,-64.1833
250,PEUGEOT 208 1.0 T200 GT AT L26,PEUGEOT 208 1.0 T200 GT AT L26,AVAILABLE,USED,OTHER,38500000 ARS,https://caradvice.com.ar/autos/250,https://api-caradvice.duckdns.org/api/image?path=%2Fopt%2Fcaradvice-media%2Fimages%2Fautos%2F250%2F1758659194224.IMG-20250923-WA0283.jpg,"https://api-caradvice.duckdns.org/api/image?path=%2Fopt%2Fcaradvice-media%2Fimages%2Fautos%2F250%2F1758659194414.IMG-20250923-WA0286.jpg,https://api-caradvice.duckdns.org/api/image?path=%2Fopt%2Fcaradvice-media%2Fimages%2Fautos%2F250%2F1758659194582.IMG-20250923-WA0284.jpg,https://api-caradvice.duckdns.org/api/image?path=%2Fopt%2Fcaradvice-media%2Fimages%2Fautos%2F250%2F1758659194710.IMG-20250923-WA0287.jpg,https://api-caradvice.duckdns.org/api/image?path=%2Fopt%2Fcaradvice-media%2Fimages%2Fautos%2F250%2F1758659194761.IMG-20250923-WA0282.jpg,https://api-caradvice.duckdns.org/api/image?path=%2Fopt%2Fcaradvice-media%2Fimages%2Fautos%2F250%2F1758659194841.IMG-20250923-WA0285.jpg,https://api-caradvice.duckdns.org/api/image?path=%2Fopt%2Fcaradvice-media%2Fimages%2Fautos%2F250%2F1758659194894.IMG-20250923-WA0300.jpg,https://api-caradvice.duckdns.org/api/image?path=%2Fopt%2Fcaradvice-media%2Fimages%2Fautos%2F250%2F1758659195369.IMG-20250923-WA0299.jpg,https://api-caradvice.duckdns.org/api/image?path=%2Fopt%2Fcaradvice-media%2Fimages%2Fautos%2F250%2F1758659195500.IMG-20250923-WA0295.jpg,https://api-caradvice.duckdns.org/api/image?path=%2Fopt%2Fcaradvice-media%2Fimages%2Fautos%2F250%2F1758659195562.IMG-20250923-WA0292.jpg,https://api-caradvice.duckdns.org/api/image?path=%2Fopt%2Fcaradvice-media%2Fimages%2Fautos%2F250%2F1758659195630.IMG-20250923-WA0294.jpg",PEUGEOT,208,2025,0,KM,GASOLINE,AUTOMATIC,HATCHBACK,Octavio Pinto 3024,Cordoba,Cordoba,5000,AR,-31.4167,-64.1833
251,RENAULT KANGOO II EXPRESS 1.6 SCE L24,RENAULT KANGOO II EXPRESS 1.6 SCE L24,AVAILABLE,USED,OTHER,31500000 ARS,https://caradvice.com.ar/autos/251,https://api-caradvice.duckdns.org/api/image?path=%2Fopt%2Fcaradvice-media%2Fimages%2Fautos%2F251%2F1764866119799.IMG-20251204-WA0216.jpg,"https://api-caradvice.duckdns.org/api/image?path=%2Fopt%2Fcaradvice-media%2Fimages%2Fautos%2F251%2F1764866119817.IMG-20251204-WA0218.jpg,https://api-caradvice.duckdns.org/api/image?path=%2Fopt%2Fcaradvice-media%2Fimages%2Fautos%2F251%2F1764866119846.IMG-20251204-WA0214.jpg,https://api-caradvice.duckdns.org/api/image?path=%2Fopt%2Fcaradvice-media%2Fimages%2Fautos%2F251%2F1764866119953.IMG-20251204-WA0219.jpg,https://api-caradvice.duckdns.org/api/image?path=%2Fopt%2Fcaradvice-media%2Fimages%2Fautos%2F251%2F1764866120034.IMG-20251204-WA0215.jpg,https://api-caradvice.duckdns.org/api/image?path=%2Fopt%2Fcaradvice-media%2Fimages%2Fautos%2F251%2F1764866120203.IMG-20251204-WA0217.jpg,https://api-caradvice.duckdns.org/api/image?path=%2Fopt%2Fcaradvice-media%2Fimages%2Fautos%2F251%2F1764866120303.IMG-20251204-WA0220.jpg,https://api-caradvice.duckdns.org/api/image?path=%2Fopt%2Fcaradvice-media%2Fimages%2Fautos%2F251%2F1764866120436.IMG-20251204-WA0221.jpg,https://api-caradvice.duckdns.org/api/image?path=%2Fopt%2Fcaradvice-media%2Fimages%2Fautos%2F251%2F1764866120603.IMG-20251204-WA0222.jpg,https://api-caradvice.duckdns.org/api/image?path=%2Fopt%2Fcaradvice-media%2Fimages%2Fautos%2F251%2F1764866120706.IMG-20251204-WA0223.jpg,https://api-caradvice.duckdns.org/api/image?path=%2Fopt%2Fcaradvice-media%2Fimages%2Fautos%2F251%2F1764866120785.IMG-20251204-WA0224.jpg",RENAULT,KANGOO,2025,100,KM,GASOLINE,MANUAL,VAN,Octavio Pinto 3024,Cordoba,Cordoba,5000,AR,-31.4167,-64.1833
253,FIAT MOBI 1.0 FIRE EASY L16,FIAT MOBI 1.0 FIRE EASY L16,AVAILABLE,USED,OTHER,16500000 ARS,https://caradvice.com.ar/autos/253,https://api-caradvice.duckdns.org/api/image?path=%2Fopt%2Fcaradvice-media%2Fimages%2Fautos%2F253%2F1759872902580.IMG-20251007-WA0366.jpg,"https://api-caradvice.duckdns.org/api/image?path=%2Fopt%2Fcaradvice-media%2Fimages%2Fautos%2F253%2F1759872902706.IMG-20251007-WA0367.jpg,https://api-caradvice.duckdns.org/api/image?path=%2Fopt%2Fcaradvice-media%2Fimages%2Fautos%2F253%2F1759872902862.IMG-20251007-WA0364.jpg,https://api-caradvice.duckdns.org/api/image?path=%2Fopt%2Fcaradvice-media%2Fimages%2Fautos%2F253%2F1759872903064.IMG-20251007-WA0368.jpg,https://api-caradvice.duckdns.org/api/image?path=%2Fopt%2Fcaradvice-media%2Fimages%2Fautos%2F253%2F1759872903233.IMG-20251007-WA0365.jpg,https://api-caradvice.duckdns.org/api/image?path=%2Fopt%2Fcaradvice-media%2Fimages%2Fautos%2F253%2F1759872903396.IMG-20251007-WA0371.jpg,https://api-caradvice.duckdns.org/api/image?path=%2Fopt%2Fcaradvice-media%2Fimages%2Fautos%2F253%2F1759872903541.IMG-20251007-WA0381.jpg,https://api-caradvice.duckdns.org/api/image?path=%2Fopt%2Fcaradvice-media%2Fimages%2Fautos%2F253%2F1759872903652.IMG-20251007-WA0372.jpg,https://api-caradvice.duckdns.org/api/image?path=%2Fopt%2Fcaradvice-media%2Fimages%2Fautos%2F253%2F1759872903777.IMG-20251007-WA0373.jpg,https://api-caradvice.duckdns.org/api/image?path=%2Fopt%2Fcaradvice-media%2Fimages%2Fautos%2F253%2F1759872903926.IMG-20251007-WA0374.jpg,https://api-caradvice.duckdns.org/api/image?path=%2Fopt%2Fcaradvice-media%2Fimages%2Fautos%2F253%2F1759872903985.IMG-20251007-WA0375.jpg",FIAT,MOBI,2018,87300,KM,GASOLINE,MANUAL,HATCHBACK,Octavio Pinto 3024,Cordoba,Cordoba,5000,AR,-31.4167,-64.1833
254,VOLKSWAGEN T-CROSS 1.6 TRENDLINE L19,VOLKSWAGEN T-CROSS 1.6 TRENDLINE L19,AVAILABLE,USED,OTHER,28500000 ARS,https://caradvice.com.ar/autos/254,https://api-caradvice.duckdns.org/api/image?path=%2Fopt%2Fcaradvice-media%2Fimages%2Fautos%2F254%2F1763673894173.IMG-20251120-WA0377.jpg,"https://api-caradvice.duckdns.org/api/image?path=%2Fopt%2Fcaradvice-media%2Fimages%2Fautos%2F254%2F1763673894224.IMG-20251120-WA0379.jpg,https://api-caradvice.duckdns.org/api/image?path=%2Fopt%2Fcaradvice-media%2Fimages%2Fautos%2F254%2F1763673894409.IMG-20251120-WA0376.jpg,https://api-caradvice.duckdns.org/api/image?path=%2Fopt%2Fcaradvice-media%2Fimages%2Fautos%2F254%2F1763673894562.IMG-20251120-WA0381.jpg,https://api-caradvice.duckdns.org/api/image?path=%2Fopt%2Fcaradvice-media%2Fimages%2Fautos%2F254%2F1763673894777.IMG-20251120-WA0378.jpg,https://api-caradvice.duckdns.org/api/image?path=%2Fopt%2Fcaradvice-media%2Fimages%2Fautos%2F254%2F1763673895142.IMG-20251120-WA0375.jpg,https://api-caradvice.duckdns.org/api/image?path=%2Fopt%2Fcaradvice-media%2Fimages%2Fautos%2F254%2F1763673895660.IMG-20251120-WA0380.jpg,https://api-caradvice.duckdns.org/api/image?path=%2Fopt%2Fcaradvice-media%2Fimages%2Fautos%2F254%2F1763673895975.IMG-20251120-WA0382.jpg,https://api-caradvice.duckdns.org/api/image?path=%2Fopt%2Fcaradvice-media%2Fimages%2Fautos%2F254%2F1763673896081.IMG-20251120-WA0383.jpg,https://api-caradvice.duckdns.org/api/image?path=%2Fopt%2Fcaradvice-media%2Fimages%2Fautos%2F254%2F1763673896407.IMG-20251120-WA0384.jpg,https://api-caradvice.duckdns.org/api/image?path=%2Fopt%2Fcaradvice-media%2Fimages%2Fautos%2F254%2F1763673896580.IMG-20251120-WA0385.jpg",VOLKSWAGEN,T-CROSS,2020,41700,KM,GASOLINE,MANUAL,SUV,Octavio Pinto 3024,Cordoba,Cordoba,5000,AR,-31.4167,-64.1833
255,RAM 1500 5.7 DC 4X4 LARAMIE AT L13,RAM 1500 5.7 DC 4X4 LARAMIE AT L13,AVAILABLE,USED,OTHER,53500 USD,https://caradvice.com.ar/autos/255,https://api-caradvice.duckdns.org/api/image?path=%2Fopt%2Fcaradvice-media%2Fimages%2Fautos%2F255%2F1758054677399.IMG-20250903-WA0064.jpg,"https://api-caradvice.duckdns.org/api/image?path=%2Fopt%2Fcaradvice-media%2Fimages%2Fautos%2F255%2F1758054677486.IMG-20250903-WA0066.jpg,https://api-caradvice.duckdns.org/api/image?path=%2Fopt%2Fcaradvice-media%2Fimages%2Fautos%2F255%2F1758054677515.IMG-20250903-WA0063.jpg,https://api-caradvice.duckdns.org/api/image?path=%2Fopt%2Fcaradvice-media%2Fimages%2Fautos%2F255%2F1758054678799.IMG-20250903-WA0067.jpg,https://api-caradvice.duckdns.org/api/image?path=%2Fopt%2Fcaradvice-media%2Fimages%2Fautos%2F255%2F1758054679095.IMG-20250903-WA0062.jpg,https://api-caradvice.duckdns.org/api/image?path=%2Fopt%2Fcaradvice-media%2Fimages%2Fautos%2F255%2F1758054679341.IMG-20250903-WA0065.jpg,https://api-caradvice.duckdns.org/api/image?path=%2Fopt%2Fcaradvice-media%2Fimages%2Fautos%2F255%2F1758054679517.IMG-20250903-WA0068.jpg,https://api-caradvice.duckdns.org/api/image?path=%2Fopt%2Fcaradvice-media%2Fimages%2Fautos%2F255%2F1758054679894.IMG-20250903-WA0069.jpg,https://api-caradvice.duckdns.org/api/image?path=%2Fopt%2Fcaradvice-media%2Fimages%2Fautos%2F255%2F1758054680126.IMG-20250903-WA0070.jpg,https://api-caradvice.duckdns.org/api/image?path=%2Fopt%2Fcaradvice-media%2Fimages%2Fautos%2F255%2F1758054680376.IMG-20250903-WA0071.jpg,https://api-caradvice.duckdns.org/api/image?path=%2Fopt%2Fcaradvice-media%2Fimages%2Fautos%2F255%2F1758054680486.IMG-20250903-WA0072.jpg",RAM,1500,2020,174000,KM,GASOLINE,AUTOMATIC,PICKUP,Octavio Pinto 3024,Cordoba,Cordoba,5000,AR,-31.4167,-64.1833
256,FORD FIESTA 1.6 TITANIUM KD 5P L14,FORD FIESTA 1.6 TITANIUM KD 5P L14,AVAILABLE,USED,OTHER,21500000 ARS,https://caradvice.com.ar/autos/256,https://api-caradvice.duckdns.org/api/image?path=%2Fopt%2Fcaradvice-media%2Fimages%2Fautos%2F256%2F1761245009655.IMG-20251023-WA0199.jpg,"https://api-caradvice.duckdns.org/api/image?path=%2Fopt%2Fcaradvice-media%2Fimages%2Fautos%2F256%2F1761245009669.IMG-20251023-WA0200.jpg,https://api-caradvice.duckdns.org/api/image?path=%2Fopt%2Fcaradvice-media%2Fimages%2Fautos%2F256%2F1761245009677.IMG-20251023-WA0194.jpg,https://api-caradvice.duckdns.org/api/image?path=%2Fopt%2Fcaradvice-media%2Fimages%2Fautos%2F256%2F1761245009685.IMG-20251023-WA0193.jpg,https://api-caradvice.duckdns.org/api/image?path=%2Fopt%2Fcaradvice-media%2Fimages%2Fautos%2F256%2F1761245009734.IMG-20251023-WA0195.jpg,https://api-caradvice.duckdns.org/api/image?path=%2Fopt%2Fcaradvice-media%2Fimages%2Fautos%2F256%2F1761245009803.IMG-20251023-WA0198.jpg,https://api-caradvice.duckdns.org/api/image?path=%2Fopt%2Fcaradvice-media%2Fimages%2Fautos%2F256%2F1761245009862.IMG-20251023-WA0197.jpg,https://api-caradvice.duckdns.org/api/image?path=%2Fopt%2Fcaradvice-media%2Fimages%2Fautos%2F256%2F1761245009916.IMG-20251023-WA0196.jpg,https://api-caradvice.duckdns.org/api/image?path=%2Fopt%2Fcaradvice-media%2Fimages%2Fautos%2F256%2F1761245009971.IMG-20251023-WA0208.jpg,https://api-caradvice.duckdns.org/api/image?path=%2Fopt%2Fcaradvice-media%2Fimages%2Fautos%2F256%2F1761245010010.IMG-20251023-WA0209.jpg,https://api-caradvice.duckdns.org/api/image?path=%2Fopt%2Fcaradvice-media%2Fimages%2Fautos%2F256%2F1761245010059.IMG-20251023-WA0210.jpg",FORD,FIESTA,2017,86350,KM,GASOLINE,MANUAL,HATCHBACK,Octavio Pinto 3024,Cordoba,Cordoba,5000,AR,-31.4167,-64.1833
257,FORD RANGER 3.2 TDI 4X4 DC LIMITED AT L19,FORD RANGER 3.2 TDI 4X4 DC LIMITED AT L19,AVAILABLE,USED,OTHER,49000000 ARS,https://caradvice.com.ar/autos/257,https://api-caradvice.duckdns.org/api/image?path=%2Fopt%2Fcaradvice-media%2Fimages%2Fautos%2F257%2F1765314112058.IMG-20251209-WA0645.jpg,"https://api-caradvice.duckdns.org/api/image?path=%2Fopt%2Fcaradvice-media%2Fimages%2Fautos%2F257%2F1765314112195.IMG-20251209-WA0649.jpg,https://api-caradvice.duckdns.org/api/image?path=%2Fopt%2Fcaradvice-media%2Fimages%2Fautos%2F257%2F1765314112642.IMG-20251209-WA0648.jpg,https://api-caradvice.duckdns.org/api/image?path=%2Fopt%2Fcaradvice-media%2Fimages%2Fautos%2F257%2F1765314113347.IMG-20251209-WA0652.jpg,https://api-caradvice.duckdns.org/api/image?path=%2Fopt%2Fcaradvice-media%2Fimages%2Fautos%2F257%2F1765314113747.IMG-20251209-WA0646.jpg,https://api-caradvice.duckdns.org/api/image?path=%2Fopt%2Fcaradvice-media%2Fimages%2Fautos%2F257%2F1765314114166.IMG-20251209-WA0647.jpg,https://api-caradvice.duckdns.org/api/image?path=%2Fopt%2Fcaradvice-media%2Fimages%2Fautos%2F257%2F1765314115111.IMG-20251209-WA0650.jpg,https://api-caradvice.duckdns.org/api/image?path=%2Fopt%2Fcaradvice-media%2Fimages%2Fautos%2F257%2F1765314115508.IMG-20251209-WA0651.jpg,https://api-caradvice.duckdns.org/api/image?path=%2Fopt%2Fcaradvice-media%2Fimages%2Fautos%2F257%2F1765314115928.IMG-20251209-WA0653.jpg,https://api-caradvice.duckdns.org/api/image?path=%2Fopt%2Fcaradvice-media%2Fimages%2Fautos%2F257%2F1765314116172.IMG-20251209-WA0654.jpg,https://api-caradvice.duckdns.org/api/image?path=%2Fopt%2Fcaradvice-media%2Fimages%2Fautos%2F257%2F1765314116412.IMG-20251209-WA0655.jpg",FORD,RANGER,2023,41000,KM,DIESEL,AUTOMATIC,PICKUP,Octavio Pinto 3024,Cordoba,Cordoba,5000,AR,-31.4167,-64.1833
258,FIAT CRONOS 1.3 GSE DRIVE CVT L23,FIAT CRONOS 1.3 GSE DRIVE CVT L23,AVAILABLE,USED,OTHER,23500000 ARS,https://caradvice.com.ar/autos/258,https://api-caradvice.duckdns.org/api/image?path=%2Fopt%2Fcaradvice-media%2Fimages%2Fautos%2F258%2F1760463836554.IMG-20251014-WA0100.jpg,"https://api-caradvice.duckdns.org/api/image?path=%2Fopt%2Fcaradvice-media%2Fimages%2Fautos%2F258%2F1760463836583.IMG-20251014-WA0101.jpg,https://api-caradvice.duckdns.org/api/image?path=%2Fopt%2Fcaradvice-media%2Fimages%2Fautos%2F258%2F1760463836675.IMG-20251014-WA0098.jpg,https://api-caradvice.duckdns.org/api/image?path=%2Fopt%2Fcaradvice-media%2Fimages%2Fautos%2F258%2F1760463836746.IMG-20251014-WA0104.jpg,https://api-caradvice.duckdns.org/api/image?path=%2Fopt%2Fcaradvice-media%2Fimages%2Fautos%2F258%2F1760463836843.IMG-20251014-WA0099.jpg,https://api-caradvice.duckdns.org/api/image?path=%2Fopt%2Fcaradvice-media%2Fimages%2Fautos%2F258%2F1760463836965.IMG-20251014-WA0103.jpg,https://api-caradvice.duckdns.org/api/image?path=%2Fopt%2Fcaradvice-media%2Fimages%2Fautos%2F258%2F1760463837071.IMG-20251014-WA0115.jpg,https://api-caradvice.duckdns.org/api/image?path=%2Fopt%2Fcaradvice-media%2Fimages%2Fautos%2F258%2F1760463837149.IMG-20251014-WA0113.jpg,https://api-caradvice.duckdns.org/api/image?path=%2Fopt%2Fcaradvice-media%2Fimages%2Fautos%2F258%2F1760463837374.IMG-20251014-WA0105.jpg,https://api-caradvice.duckdns.org/api/image?path=%2Fopt%2Fcaradvice-media%2Fimages%2Fautos%2F258%2F1760463837430.IMG-20251014-WA0109.jpg,https://api-caradvice.duckdns.org/api/image?path=%2Fopt%2Fcaradvice-media%2Fimages%2Fautos%2F258%2F1760463837589.IMG-20251014-WA0108.jpg",FIAT,CRONOS,2022,62000,KM,GASOLINE,AUTOMATIC,SEDAN,Octavio Pinto 3024,Cordoba,Cordoba,5000,AR,-31.4167,-64.1833
259,RENAULT STEPWAY 1.6 INTENS CVT L25,RENAULT STEPWAY 1.6 INTENS CVT L25,AVAILABLE,USED,OTHER,29500000 ARS,https://caradvice.com.ar/autos/259,https://api-caradvice.duckdns.org/api/image?path=%2Fopt%2Fcaradvice-media%2Fimages%2Fautos%2F259%2F1763146891630.IMG-20251114-WA0187.jpg,"https://api-caradvice.duckdns.org/api/image?path=%2Fopt%2Fcaradvice-media%2Fimages%2Fautos%2F259%2F1763146891713.IMG-20251114-WA0175.jpg,https://api-caradvice.duckdns.org/api/image?path=%2Fopt%2Fcaradvice-media%2Fimages%2Fautos%2F259%2F1763146891717.IMG-20251114-WA0190.jpg,https://api-caradvice.duckdns.org/api/image?path=%2Fopt%2Fcaradvice-media%2Fimages%2Fautos%2F259%2F1763146891721.IMG-20251114-WA0176.jpg,https://api-caradvice.duckdns.org/api/image?path=%2Fopt%2Fcaradvice-media%2Fimages%2Fautos%2F259%2F1763146891735.IMG-20251114-WA0185.jpg,https://api-caradvice.duckdns.org/api/image?path=%2Fopt%2Fcaradvice-media%2Fimages%2Fautos%2F259%2F1763146891749.IMG-20251114-WA0172.jpg,https://api-caradvice.duckdns.org/api/image?path=%2Fopt%2Fcaradvice-media%2Fimages%2Fautos%2F259%2F1763146891768.IMG-20251114-WA0173.jpg,https://api-caradvice.duckdns.org/api/image?path=%2Fopt%2Fcaradvice-media%2Fimages%2Fautos%2F259%2F1763146891823.IMG-20251114-WA0174.jpg,https://api-caradvice.duckdns.org/api/image?path=%2Fopt%2Fcaradvice-media%2Fimages%2Fautos%2F259%2F1763146891926.IMG-20251114-WA0178.jpg,https://api-caradvice.duckdns.org/api/image?path=%2Fopt%2Fcaradvice-media%2Fimages%2Fautos%2F259%2F1763146892038.IMG-20251114-WA0179.jpg,https://api-caradvice.duckdns.org/api/image?path=%2Fopt%2Fcaradvice-media%2Fimages%2Fautos%2F259%2F1763146892104.IMG-20251114-WA0180.jpg",RENAULT,STEPWAY,2025,1000,KM,GASOLINE,AUTOMATIC,HATCHBACK,Octavio Pinto 3024,Cordoba,Cordoba,5000,AR,-31.4167,-64.1833
260,FIAT MOBI 1.0 FIRE LIKE L21,FIAT MOBI 1.0 FIRE LIKE L21,AVAILABLE,USED,OTHER,19500000 ARS,https://caradvice.com.ar/autos/260,https://api-caradvice.duckdns.org/api/image?path=%2Fopt%2Fcaradvice-media%2Fimages%2Fautos%2F260%2F1765481043588.IMG-20251211-WA0342.jpg,"https://api-caradvice.duckdns.org/api/image?path=%2Fopt%2Fcaradvice-media%2Fimages%2Fautos%2F260%2F1765481043632.IMG-20251211-WA0344.jpg,https://api-caradvice.duckdns.org/api/image?path=%2Fopt%2Fcaradvice-media%2Fimages%2Fautos%2F260%2F1765481043676.IMG-20251211-WA0340.jpg,https://api-caradvice.duckdns.org/api/image?path=%2Fopt%2Fcaradvice-media%2Fimages%2Fautos%2F260%2F1765481043765.IMG-20251211-WA0345.jpg,https://api-caradvice.duckdns.org/api/image?path=%2Fopt%2Fcaradvice-media%2Fimages%2Fautos%2F260%2F1765481044078.IMG-20251211-WA0341.jpg,https://api-caradvice.duckdns.org/api/image?path=%2Fopt%2Fcaradvice-media%2Fimages%2Fautos%2F260%2F1765481044307.IMG-20251211-WA0343.jpg,https://api-caradvice.duckdns.org/api/image?path=%2Fopt%2Fcaradvice-media%2Fimages%2Fautos%2F260%2F1765481044429.IMG-20251211-WA0346.jpg,https://api-caradvice.duckdns.org/api/image?path=%2Fopt%2Fcaradvice-media%2Fimages%2Fautos%2F260%2F1765481044514.IMG-20251211-WA0347.jpg,https://api-caradvice.duckdns.org/api/image?path=%2Fopt%2Fcaradvice-media%2Fimages%2Fautos%2F260%2F1765481044563.IMG-20251211-WA0348.jpg,https://api-caradvice.duckdns.org/api/image?path=%2Fopt%2Fcaradvice-media%2Fimages%2Fautos%2F260%2F1765481044700.IMG-20251211-WA0349.jpg,https://api-caradvice.duckdns.org/api/image?path=%2Fopt%2Fcaradvice-media%2Fimages%2Fautos%2F260%2F1765481044880.IMG-20251211-WA0350.jpg",FIAT,MOBI,2022,47000,KM,GASOLINE,MANUAL,HATCHBACK,Octavio Pinto 3024,Cordoba,Cordoba,5000,AR,-31.4167,-64.1833
261,VOLKSWAGEN TAOS 1.4 250 TSI HIGHLINE TIPTRONIC L21,VOLKSWAGEN TAOS 1.4 250 TSI HIGHLINE TIPTRONIC L21,AVAILABLE,USED,OTHER,42000000 ARS,https://caradvice.com.ar/autos/261,https://api-caradvice.duckdns.org/api/image?path=%2Fopt%2Fcaradvice-media%2Fimages%2Fautos%2F261%2F1766776895485.WhatsApp%20Image%202025-12-26%20at%2015.24.24%20(1).jpeg,"https://api-caradvice.duckdns.org/api/image?path=%2Fopt%2Fcaradvice-media%2Fimages%2Fautos%2F261%2F1766776895613.WhatsApp%20Image%202025-12-26%20at%2015.24.26.jpeg,https://api-caradvice.duckdns.org/api/image?path=%2Fopt%2Fcaradvice-media%2Fimages%2Fautos%2F261%2F1766776895643.WhatsApp%20Image%202025-12-26%20at%2015.24.24.jpeg,https://api-caradvice.duckdns.org/api/image?path=%2Fopt%2Fcaradvice-media%2Fimages%2Fautos%2F261%2F1766776895886.WhatsApp%20Image%202025-12-26%20at%2015.24.25%20(1).jpeg,https://api-caradvice.duckdns.org/api/image?path=%2Fopt%2Fcaradvice-media%2Fimages%2Fautos%2F261%2F1766776896127.WhatsApp%20Image%202025-12-26%20at%2015.24.25.jpeg,https://api-caradvice.duckdns.org/api/image?path=%2Fopt%2Fcaradvice-media%2Fimages%2Fautos%2F261%2F1766776896300.WhatsApp%20Image%202025-12-26%20at%2015.24.26%20(1).jpeg,https://api-caradvice.duckdns.org/api/image?path=%2Fopt%2Fcaradvice-media%2Fimages%2Fautos%2F261%2F1766776896432.WhatsApp%20Image%202025-12-26%20at%2015.24.26%20(2).jpeg,https://api-caradvice.duckdns.org/api/image?path=%2Fopt%2Fcaradvice-media%2Fimages%2Fautos%2F261%2F1766776896579.WhatsApp%20Image%202025-12-26%20at%2015.24.27%20(1).jpeg,https://api-caradvice.duckdns.org/api/image?path=%2Fopt%2Fcaradvice-media%2Fimages%2Fautos%2F261%2F1766776896704.WhatsApp%20Image%202025-12-26%20at%2015.24.27%20(2).jpeg,https://api-caradvice.duckdns.org/api/image?path=%2Fopt%2Fcaradvice-media%2Fimages%2Fautos%2F261%2F1766776896840.WhatsApp%20Image%202025-12-26%20at%2015.24.27.jpeg,https://api-caradvice.duckdns.org/api/image?path=%2Fopt%2Fcaradvice-media%2Fimages%2Fautos%2F261%2F1766776896908.WhatsApp%20Image%202025-12-26%20at%2015.24.28%20(1).jpeg",VOLKSWAGEN,TAOS,2022,104000,KM,GASOLINE,AUTOMATIC,SUV,Octavio Pinto 3024,Cordoba,Cordoba,5000,AR,-31.4167,-64.1833
262,LAND ROVER RANGE ROVER EVOQUE 2.0 T PRESTIGE L12,LAND ROVER RANGE ROVER EVOQUE 2.0 T PRESTIGE L12,AVAILABLE,USED,OTHER,30000 USD,https://caradvice.com.ar/autos/262,https://api-caradvice.duckdns.org/api/image?path=%2Fopt%2Fcaradvice-media%2Fimages%2Fautos%2F262%2F1757953451577.IMG-20250915-WA0508.jpg,"https://api-caradvice.duckdns.org/api/image?path=%2Fopt%2Fcaradvice-media%2Fimages%2Fautos%2F262%2F1757953451719.IMG-20250915-WA0500.jpg,https://api-caradvice.duckdns.org/api/image?path=%2Fopt%2Fcaradvice-media%2Fimages%2Fautos%2F262%2F1757953451876.IMG-20250915-WA0511.jpg,https://api-caradvice.duckdns.org/api/image?path=%2Fopt%2Fcaradvice-media%2Fimages%2Fautos%2F262%2F1757953451992.IMG-20250915-WA0498.jpg,https://api-caradvice.duckdns.org/api/image?path=%2Fopt%2Fcaradvice-media%2Fimages%2Fautos%2F262%2F1757953452056.IMG-20250915-WA0509.jpg,https://api-caradvice.duckdns.org/api/image?path=%2Fopt%2Fcaradvice-media%2Fimages%2Fautos%2F262%2F1757953452191.IMG-20250915-WA0496.jpg,https://api-caradvice.duckdns.org/api/image?path=%2Fopt%2Fcaradvice-media%2Fimages%2Fautos%2F262%2F1757953452308.IMG-20250915-WA0512.jpg,https://api-caradvice.duckdns.org/api/image?path=%2Fopt%2Fcaradvice-media%2Fimages%2Fautos%2F262%2F1757953452852.IMG-20250915-WA0510.jpg,https://api-caradvice.duckdns.org/api/image?path=%2Fopt%2Fcaradvice-media%2Fimages%2Fautos%2F262%2F1757953452972.IMG-20250915-WA0503.jpg,https://api-caradvice.duckdns.org/api/image?path=%2Fopt%2Fcaradvice-media%2Fimages%2Fautos%2F262%2F1757953453131.IMG-20250915-WA0501.jpg,https://api-caradvice.duckdns.org/api/image?path=%2Fopt%2Fcaradvice-media%2Fimages%2Fautos%2F262%2F1757953453474.IMG-20250915-WA0507.jpg",LAND ROVER,RANGE ROVER EVOQUE,2013,189000,KM,GASOLINE,AUTOMATIC,SUV,Octavio Pinto 3024,Cordoba,Cordoba,5000,AR,-31.4167,-64.1833
263,JEEP RENEGADE 1.3 T 270 4X4 WILLYS AT9,JEEP RENEGADE 1.3 T 270 4X4 WILLYS AT9,AVAILABLE,USED,OTHER,48900000 ARS,https://caradvice.com.ar/autos/263,https://api-caradvice.duckdns.org/api/image?path=%2Fopt%2Fcaradvice-media%2Fimages%2Fautos%2F263%2F1750724911047.4a7a9022-92cc-44cc-afcd-97f550492334.JPG,"https://api-caradvice.duckdns.org/api/image?path=%2Fopt%2Fcaradvice-media%2Fimages%2Fautos%2F263%2F1750724911248.329eb488-489a-4d09-b3a7-df3b71086619.JPG,https://api-caradvice.duckdns.org/api/image?path=%2Fopt%2Fcaradvice-media%2Fimages%2Fautos%2F263%2F1750724911389.4e0a9556-7aee-4785-bef8-a30ff0a75720.JPG,https://api-caradvice.duckdns.org/api/image?path=%2Fopt%2Fcaradvice-media%2Fimages%2Fautos%2F263%2F1750724911472.155dc737-d2ad-44dc-b75a-879c0a7b6eba.JPG,https://api-caradvice.duckdns.org/api/image?path=%2Fopt%2Fcaradvice-media%2Fimages%2Fautos%2F263%2F1750724911561.2228da14-3d21-44b1-831f-8ad3f87ab72f.JPG,https://api-caradvice.duckdns.org/api/image?path=%2Fopt%2Fcaradvice-media%2Fimages%2Fautos%2F263%2F1750724911614.d414e2a6-20d0-42ee-a563-69652ad72052.JPG,https://api-caradvice.duckdns.org/api/image?path=%2Fopt%2Fcaradvice-media%2Fimages%2Fautos%2F263%2F1750724911670.aafb14be-29f2-4886-b466-a543f3537bc3.JPG,https://api-caradvice.duckdns.org/api/image?path=%2Fopt%2Fcaradvice-media%2Fimages%2Fautos%2F263%2F1750724911727.6fb614ce-f288-43c0-9ae5-e40dd21d9e68.JPG,https://api-caradvice.duckdns.org/api/image?path=%2Fopt%2Fcaradvice-media%2Fimages%2Fautos%2F263%2F1750724911898.7bb03c7c-8532-42dd-8155-442ae5bf175c.JPG,https://api-caradvice.duckdns.org/api/image?path=%2Fopt%2Fcaradvice-media%2Fimages%2Fautos%2F263%2F1750724912073.38ecfe6f-da6f-450f-8dd6-964e06c5f082.JPG,https://api-caradvice.duckdns.org/api/image?path=%2Fopt%2Fcaradvice-media%2Fimages%2Fautos%2F263%2F1750724912107.920d8cb9-36bb-4bf6-99bc-0cc962d96aa6.JPG",JEEP,RENEGADE,2025,0,KM,GASOLINE,AUTOMATIC,SUV,Octavio Pinto 3024,Cordoba,Cordoba,5000,AR,-31.4167,-64.1833
264,CHERY TIGGO 3 1.6 4X2 LUXURY L17,CHERY TIGGO 3 1.6 4X2 LUXURY L17,AVAILABLE,USED,OTHER,22000000 ARS,https://caradvice.com.ar/autos/264,https://api-caradvice.duckdns.org/api/image?path=%2Fopt%2Fcaradvice-media%2Fimages%2Fautos%2F264%2F1762979853234.IMG-20251112-WA0291.jpg,"https://api-caradvice.duckdns.org/api/image?path=%2Fopt%2Fcaradvice-media%2Fimages%2Fautos%2F264%2F1762979853255.IMG-20251112-WA0304.jpg,https://api-caradvice.duckdns.org/api/image?path=%2Fopt%2Fcaradvice-media%2Fimages%2Fautos%2F264%2F1762979854001.IMG-20251112-WA0290.jpg,https://api-caradvice.duckdns.org/api/image?path=%2Fopt%2Fcaradvice-media%2Fimages%2Fautos%2F264%2F1762979854293.IMG-20251112-WA0306.jpg,https://api-caradvice.duckdns.org/api/image?path=%2Fopt%2Fcaradvice-media%2Fimages%2Fautos%2F264%2F1762979854386.IMG-20251112-WA0296.jpg,https://api-caradvice.duckdns.org/api/image?path=%2Fopt%2Fcaradvice-media%2Fimages%2Fautos%2F264%2F1762979854479.IMG-20251112-WA0303.jpg,https://api-caradvice.duckdns.org/api/image?path=%2Fopt%2Fcaradvice-media%2Fimages%2Fautos%2F264%2F1762979854644.IMG-20251112-WA0292.jpg,https://api-caradvice.duckdns.org/api/image?path=%2Fopt%2Fcaradvice-media%2Fimages%2Fautos%2F264%2F1762979854662.IMG-20251112-WA0293.jpg,https://api-caradvice.duckdns.org/api/image?path=%2Fopt%2Fcaradvice-media%2Fimages%2Fautos%2F264%2F1762979854752.IMG-20251112-WA0297.jpg,https://api-caradvice.duckdns.org/api/image?path=%2Fopt%2Fcaradvice-media%2Fimages%2Fautos%2F264%2F1762979854852.IMG-20251112-WA0299.jpg,https://api-caradvice.duckdns.org/api/image?path=%2Fopt%2Fcaradvice-media%2Fimages%2Fautos%2F264%2F1762979854972.IMG-20251112-WA0298.jpg",CHERY,TIGGO,2019,129000,KM,GASOLINE,MANUAL,SUV,Octavio Pinto 3024,Cordoba,Cordoba,5000,AR,-31.4167,-64.1833
265,JEEP COMMANDER 2.0 T 4X4 BLACKHAWK AT9,JEEP COMMANDER 2.0 T 4X4 BLACKHAWK AT9,AVAILABLE,USED,OTHER,74000000 ARS,https://caradvice.com.ar/autos/265,https://api-caradvice.duckdns.org/api/image?path=%2Fopt%2Fcaradvice-media%2Fimages%2Fautos%2F265%2F1758751017035.IMG-20250924-WA0507.jpg,"https://api-caradvice.duckdns.org/api/image?path=%2Fopt%2Fcaradvice-media%2Fimages%2Fautos%2F265%2F1758751017271.IMG-20250924-WA0509.jpg,https://api-caradvice.duckdns.org/api/image?path=%2Fopt%2Fcaradvice-media%2Fimages%2Fautos%2F265%2F1758751017673.IMG-20250924-WA0506.jpg,https://api-caradvice.duckdns.org/api/image?path=%2Fopt%2Fcaradvice-media%2Fimages%2Fautos%2F265%2F1758751018071.IMG-20250924-WA0510.jpg,https://api-caradvice.duckdns.org/api/image?path=%2Fopt%2Fcaradvice-media%2Fimages%2Fautos%2F265%2F1758751018369.IMG-20250924-WA0448.jpg,https://api-caradvice.duckdns.org/api/image?path=%2Fopt%2Fcaradvice-media%2Fimages%2Fautos%2F265%2F1758751018681.IMG-20250924-WA0508.jpg,https://api-caradvice.duckdns.org/api/image?path=%2Fopt%2Fcaradvice-media%2Fimages%2Fautos%2F265%2F1758751019070.IMG-20250924-WA0523.jpg,https://api-caradvice.duckdns.org/api/image?path=%2Fopt%2Fcaradvice-media%2Fimages%2Fautos%2F265%2F1758751019440.IMG-20250924-WA0514.jpg,https://api-caradvice.duckdns.org/api/image?path=%2Fopt%2Fcaradvice-media%2Fimages%2Fautos%2F265%2F1758751019895.IMG-20250924-WA0522.jpg,https://api-caradvice.duckdns.org/api/image?path=%2Fopt%2Fcaradvice-media%2Fimages%2Fautos%2F265%2F1758751020271.IMG-20250924-WA0517.jpg,https://api-caradvice.duckdns.org/api/image?path=%2Fopt%2Fcaradvice-media%2Fimages%2Fautos%2F265%2F1758751020562.IMG-20250924-WA0516.jpg",JEEP,COMMANDER,2025,0,KM,GASOLINE,AUTOMATIC,SUV,Octavio Pinto 3024,Cordoba,Cordoba,5000,AR,-31.4167,-64.1833
266,FIAT CRONOS 1.3 DRIVE PACK CONECTIVIDAD L21,FIAT CRONOS 1.3 DRIVE PACK CONECTIVIDAD L21,AVAILABLE,USED,OTHER,22000000 ARS,https://caradvice.com.ar/autos/266,https://api-caradvice.duckdns.org/api/image?path=%2Fopt%2Fcaradvice-media%2Fimages%2Fautos%2F266%2F1744612457907.47c149cc-9776-4f47-b9ca-2d4be459f0cd.jpeg,"https://api-caradvice.duckdns.org/api/image?path=%2Fopt%2Fcaradvice-media%2Fimages%2Fautos%2F266%2F1744612458263.d30751eb-641b-40df-bb22-6f847ec440ca.jpeg,https://api-caradvice.duckdns.org/api/image?path=%2Fopt%2Fcaradvice-media%2Fimages%2Fautos%2F266%2F1744612458432.577c8d1a-77cc-463b-ad36-7bf1063e43ff.jpeg,https://api-caradvice.duckdns.org/api/image?path=%2Fopt%2Fcaradvice-media%2Fimages%2Fautos%2F266%2F1744612458551.5fc4d1dd-1935-499c-b281-e9f8b8751843.jpeg,https://api-caradvice.duckdns.org/api/image?path=%2Fopt%2Fcaradvice-media%2Fimages%2Fautos%2F266%2F1744612458702.fdace9e7-d208-4786-a3f9-73c9d315b071.jpeg,https://api-caradvice.duckdns.org/api/image?path=%2Fopt%2Fcaradvice-media%2Fimages%2Fautos%2F266%2F1744612458864.9daebd59-9e47-4890-ba42-a0f0f090707d.jpeg,https://api-caradvice.duckdns.org/api/image?path=%2Fopt%2Fcaradvice-media%2Fimages%2Fautos%2F266%2F1744612459008.62f9847a-c152-4718-a871-55ea03cbcccb.jpeg,https://api-caradvice.duckdns.org/api/image?path=%2Fopt%2Fcaradvice-media%2Fimages%2Fautos%2F266%2F1744612459176.0857e4a0-bab2-4955-8879-11d4d4caafa5.jpeg,https://api-caradvice.duckdns.org/api/image?path=%2Fopt%2Fcaradvice-media%2Fimages%2Fautos%2F266%2F1744612459300.610678c7-d4ab-4e6b-a2d6-36aaca2b832e.jpeg,https://api-caradvice.duckdns.org/api/image?path=%2Fopt%2Fcaradvice-media%2Fimages%2Fautos%2F266%2F1744612459483.aa111a51-1538-42d3-8313-594700dd34a6.jpeg,https://api-caradvice.duckdns.org/api/image?path=%2Fopt%2Fcaradvice-media%2Fimages%2Fautos%2F266%2F1744612459560.2400c81e-2231-470a-9303-1769b88c0d77.jpeg",FIAT,CRONOS,2022,73000,KM,GASOLINE,MANUAL,SEDAN,Octavio Pinto 3024,Cordoba,Cordoba,5000,AR,-31.4167,-64.1833
268,RENAULT SANDERO 1.6 16V PRIVILEGE L15,RENAULT SANDERO 1.6 16V PRIVILEGE L15,AVAILABLE,USED,OTHER,19900000 ARS,https://caradvice.com.ar/autos/268,https://api-caradvice.duckdns.org/api/image?path=%2Fopt%2Fcaradvice-media%2Fimages%2Fautos%2F268%2F1763746060176.IMG-20251121-WA0226.jpg,"https://api-caradvice.duckdns.org/api/image?path=%2Fopt%2Fcaradvice-media%2Fimages%2Fautos%2F268%2F1763746060649.IMG-20251121-WA0244.jpg,https://api-caradvice.duckdns.org/api/image?path=%2Fopt%2Fcaradvice-media%2Fimages%2Fautos%2F268%2F1763746061300.IMG-20251121-WA0228.jpg,https://api-caradvice.duckdns.org/api/image?path=%2Fopt%2Fcaradvice-media%2Fimages%2Fautos%2F268%2F1763746061837.IMG-20251121-WA0243.jpg,https://api-caradvice.duckdns.org/api/image?path=%2Fopt%2Fcaradvice-media%2Fimages%2Fautos%2F268%2F1763746062082.IMG-20251121-WA0227.jpg,https://api-caradvice.duckdns.org/api/image?path=%2Fopt%2Fcaradvice-media%2Fimages%2Fautos%2F268%2F1763746062175.IMG-20251121-WA0242.jpg,https://api-caradvice.duckdns.org/api/image?path=%2Fopt%2Fcaradvice-media%2Fimages%2Fautos%2F268%2F1763746062298.IMG-20251121-WA0230.jpg,https://api-caradvice.duckdns.org/api/image?path=%2Fopt%2Fcaradvice-media%2Fimages%2Fautos%2F268%2F1763746062580.IMG-20251121-WA0231.jpg,https://api-caradvice.duckdns.org/api/image?path=%2Fopt%2Fcaradvice-media%2Fimages%2Fautos%2F268%2F1763746062753.IMG-20251121-WA0233.jpg,https://api-caradvice.duckdns.org/api/image?path=%2Fopt%2Fcaradvice-media%2Fimages%2Fautos%2F268%2F1763746063248.IMG-20251121-WA0234.jpg,https://api-caradvice.duckdns.org/api/image?path=%2Fopt%2Fcaradvice-media%2Fimages%2Fautos%2F268%2F1763746063521.IMG-20251121-WA0235.jpg",RENAULT,SANDERO,2020,80000,KM,GASOLINE,MANUAL,HATCHBACK,Octavio Pinto 3024,Cordoba,Cordoba,5000,AR,-31.4167,-64.1833
270,FIAT TORO 2.0 TDI 4X4 BLACK JACK AT L18,FIAT TORO 2.0 TDI 4X4 BLACK JACK AT L18,AVAILABLE,USED,OTHER,27500000 ARS,https://caradvice.com.ar/autos/270,https://api-caradvice.duckdns.org/api/image?path=%2Fopt%2Fcaradvice-media%2Fimages%2Fautos%2F270%2F1765815622713.IMG-20251215-WA0302.jpg,"https://api-caradvice.duckdns.org/api/image?path=%2Fopt%2Fcaradvice-media%2Fimages%2Fautos%2F270%2F1765815622734.IMG-20251215-WA0307.jpg,https://api-caradvice.duckdns.org/api/image?path=%2Fopt%2Fcaradvice-media%2Fimages%2Fautos%2F270%2F1765815622771.IMG-20251215-WA0300.jpg,https://api-caradvice.duckdns.org/api/image?path=%2Fopt%2Fcaradvice-media%2Fimages%2Fautos%2F270%2F1765815622800.IMG-20251215-WA0308.jpg,https://api-caradvice.duckdns.org/api/image?path=%2Fopt%2Fcaradvice-media%2Fimages%2Fautos%2F270%2F1765815622860.IMG-20251215-WA0301.jpg,https://api-caradvice.duckdns.org/api/image?path=%2Fopt%2Fcaradvice-media%2Fimages%2Fautos%2F270%2F1765815622943.IMG-20251215-WA0303.jpg,https://api-caradvice.duckdns.org/api/image?path=%2Fopt%2Fcaradvice-media%2Fimages%2Fautos%2F270%2F1765815623019.IMG-20251215-WA0305.jpg,https://api-caradvice.duckdns.org/api/image?path=%2Fopt%2Fcaradvice-media%2Fimages%2Fautos%2F270%2F1765815623059.IMG-20251215-WA0310.jpg,https://api-caradvice.duckdns.org/api/image?path=%2Fopt%2Fcaradvice-media%2Fimages%2Fautos%2F270%2F1765815623124.IMG-20251215-WA0312.jpg,https://api-caradvice.duckdns.org/api/image?path=%2Fopt%2Fcaradvice-media%2Fimages%2Fautos%2F270%2F1765815623253.IMG-20251215-WA0314.jpg,https://api-caradvice.duckdns.org/api/image?path=%2Fopt%2Fcaradvice-media%2Fimages%2Fautos%2F270%2F1765815623299.IMG-20251215-WA0316.jpg",FIAT,TORO,2017,122000,KM,DIESEL,AUTOMATIC,PICKUP,Octavio Pinto 3024,Cordoba,Cordoba,5000,AR,-31.4167,-64.1833
271,FIAT ARGO 1.3 GSE FIREFLY DRIVE L26,FIAT ARGO 1.3 GSE FIREFLY DRIVE L26,AVAILABLE,USED,OTHER,27500000 ARS,https://caradvice.com.ar/autos/271,https://api-caradvice.duckdns.org/api/image?path=%2Fopt%2Fcaradvice-media%2Fimages%2Fautos%2F271%2F1749505942558.54782cca-1831-40e0-a6a5-db41345a1aff.JPG,"https://api-caradvice.duckdns.org/api/image?path=%2Fopt%2Fcaradvice-media%2Fimages%2Fautos%2F271%2F1749505943141.e9462520-9b5a-4ada-965f-8d63fa89a59c.JPG,https://api-caradvice.duckdns.org/api/image?path=%2Fopt%2Fcaradvice-media%2Fimages%2Fautos%2F271%2F1749505943306.26b8c840-a613-406d-bbb6-bbee0d0c5332.JPG,https://api-caradvice.duckdns.org/api/image?path=%2Fopt%2Fcaradvice-media%2Fimages%2Fautos%2F271%2F1749505943430.bb94d481-3812-4c35-8fb6-5167c52fa3b8.JPG,https://api-caradvice.duckdns.org/api/image?path=%2Fopt%2Fcaradvice-media%2Fimages%2Fautos%2F271%2F1749505943502.d5fdf7d2-b8ae-451e-8fe8-ef5e1cf4a515.JPG,https://api-caradvice.duckdns.org/api/image?path=%2Fopt%2Fcaradvice-media%2Fimages%2Fautos%2F271%2F1749505943595.44ff1a66-b551-462a-bcbd-b26fe08f7d97.JPG,https://api-caradvice.duckdns.org/api/image?path=%2Fopt%2Fcaradvice-media%2Fimages%2Fautos%2F271%2F1749505943639.0c4dfecc-d3b1-49f7-9558-974c91c2ebca.JPG,https://api-caradvice.duckdns.org/api/image?path=%2Fopt%2Fcaradvice-media%2Fimages%2Fautos%2F271%2F1749505943675.6f0f18bb-7d29-4fa9-b1b5-f4efa240d2e2.JPG,https://api-caradvice.duckdns.org/api/image?path=%2Fopt%2Fcaradvice-media%2Fimages%2Fautos%2F271%2F1749505943863.8ab671ec-d2ed-453e-b7a5-732584524a6d.JPG,https://api-caradvice.duckdns.org/api/image?path=%2Fopt%2Fcaradvice-media%2Fimages%2Fautos%2F271%2F1749505943970.55c606f8-cc08-4e14-9470-a318820544fd.JPG,https://api-caradvice.duckdns.org/api/image?path=%2Fopt%2Fcaradvice-media%2Fimages%2Fautos%2F271%2F1749505944038.77d65b8c-453f-45ea-a629-b3023df398c3.JPG",FIAT,ARGO,2025,0,KM,GASOLINE,MANUAL,HATCHBACK,Octavio Pinto 3024,Cordoba,Cordoba,5000,AR,-31.4167,-64.1833
272,RENAULT KARDIAN 1.0 T PREMIERE EDITION EDC L24,RENAULT KARDIAN 1.0 T PREMIERE EDITION EDC L24,AVAILABLE,USED,OTHER,38800000 ARS,https://caradvice.com.ar/autos/272,https://api-caradvice.duckdns.org/api/image?path=%2Fopt%2Fcaradvice-media%2Fimages%2Fautos%2F272%2F1736803377249.PHOTO-2024-10-10-15-29-21%202.jpg,"https://api-caradvice.duckdns.org/api/image?path=%2Fopt%2Fcaradvice-media%2Fimages%2Fautos%2F272%2F1736803377321.PHOTO-2024-10-10-15-29-22.jpg,https://api-caradvice.duckdns.org/api/image?path=%2Fopt%2Fcaradvice-media%2Fimages%2Fautos%2F272%2F1736803377340.PHOTO-2024-10-10-15-29-21%203.jpg,https://api-caradvice.duckdns.org/api/image?path=%2Fopt%2Fcaradvice-media%2Fimages%2Fautos%2F272%2F1736803377385.PHOTO-2024-10-10-15-29-23.jpg,https://api-caradvice.duckdns.org/api/image?path=%2Fopt%2Fcaradvice-media%2Fimages%2Fautos%2F272%2F1736803377422.PHOTO-2024-10-10-15-29-24%202.jpg,https://api-caradvice.duckdns.org/api/image?path=%2Fopt%2Fcaradvice-media%2Fimages%2Fautos%2F272%2F1736803377440.PHOTO-2024-10-10-15-29-24.jpg,https://api-caradvice.duckdns.org/api/image?path=%2Fopt%2Fcaradvice-media%2Fimages%2Fautos%2F272%2F1736803377465.PHOTO-2024-10-10-15-29-25%202.jpg,https://api-caradvice.duckdns.org/api/image?path=%2Fopt%2Fcaradvice-media%2Fimages%2Fautos%2F272%2F1736803377478.PHOTO-2024-10-10-15-29-25.jpg,https://api-caradvice.duckdns.org/api/image?path=%2Fopt%2Fcaradvice-media%2Fimages%2Fautos%2F272%2F1736803377490.PHOTO-2024-10-10-15-29-26%202.jpg,https://api-caradvice.duckdns.org/api/image?path=%2Fopt%2Fcaradvice-media%2Fimages%2Fautos%2F272%2F1736803377596.PHOTO-2024-10-10-15-29-26.jpg,https://api-caradvice.duckdns.org/api/image?path=%2Fopt%2Fcaradvice-media%2Fimages%2Fautos%2F272%2F1736803377611.PHOTO-2024-10-10-15-29-27%202.jpg",RENAULT,KARDIAN,2024,0,KM,GASOLINE,AUTOMATIC,SUV,Octavio Pinto 3024,Cordoba,Cordoba,5000,AR,-31.4167,-64.1833
273,FORD ECO SPORT 1.6 TITANIUM L13,FORD ECO SPORT 1.6 TITANIUM L13,AVAILABLE,USED,OTHER,19400000 ARS,https://caradvice.com.ar/autos/273,https://api-caradvice.duckdns.org/api/image?path=%2Fopt%2Fcaradvice-media%2Fimages%2Fautos%2F273%2F1757978352605.IMG-20250915-WA0634.jpg,"https://api-caradvice.duckdns.org/api/image?path=%2Fopt%2Fcaradvice-media%2Fimages%2Fautos%2F273%2F1757978353498.IMG-20250915-WA0635.jpg,https://api-caradvice.duckdns.org/api/image?path=%2Fopt%2Fcaradvice-media%2Fimages%2Fautos%2F273%2F1757978354063.IMG-20250915-WA0636.jpg,https://api-caradvice.duckdns.org/api/image?path=%2Fopt%2Fcaradvice-media%2Fimages%2Fautos%2F273%2F1757978354516.IMG-20250915-WA0633.jpg,https://api-caradvice.duckdns.org/api/image?path=%2Fopt%2Fcaradvice-media%2Fimages%2Fautos%2F273%2F1757978354975.IMG-20250915-WA0637.jpg,https://api-caradvice.duckdns.org/api/image?path=%2Fopt%2Fcaradvice-media%2Fimages%2Fautos%2F273%2F1757978355286.IMG-20250915-WA0638.jpg,https://api-caradvice.duckdns.org/api/image?path=%2Fopt%2Fcaradvice-media%2Fimages%2Fautos%2F273%2F1757978355586.IMG-20250915-WA0639.jpg,https://api-caradvice.duckdns.org/api/image?path=%2Fopt%2Fcaradvice-media%2Fimages%2Fautos%2F273%2F1757978356043.IMG-20250915-WA0640.jpg,https://api-caradvice.duckdns.org/api/image?path=%2Fopt%2Fcaradvice-media%2Fimages%2Fautos%2F273%2F1757978356306.IMG-20250915-WA0641.jpg,https://api-caradvice.duckdns.org/api/image?path=%2Fopt%2Fcaradvice-media%2Fimages%2Fautos%2F273%2F1757978356715.IMG-20250915-WA0642.jpg,https://api-caradvice.duckdns.org/api/image?path=%2Fopt%2Fcaradvice-media%2Fimages%2Fautos%2F273%2F1757978356904.IMG-20250915-WA0643.jpg",FORD,ECO SPORT,2015,109000,KM,GASOLINE,MANUAL,SUV,Octavio Pinto 3024,Cordoba,Cordoba,5000,AR,-31.4167,-64.1833
274,CHERY TIGGO 4PRO 1.5 16V LUXURY CVT,CHERY TIGGO 4PRO 1.5 16V LUXURY CVT,AVAILABLE,USED,OTHER,29500 USD,https://caradvice.com.ar/autos/274,https://api-caradvice.duckdns.org/api/image?path=%2Fopt%2Fcaradvice-media%2Fimages%2Fautos%2F274%2F1755180403903.74f85cf7-5f89-4e35-b16c-80e99a4e16c7.jpeg,"https://api-caradvice.duckdns.org/api/image?path=%2Fopt%2Fcaradvice-media%2Fimages%2Fautos%2F274%2F1755180404146.7dd66eac-5ac1-4617-b506-78dc733fc8b7.jpeg,https://api-caradvice.duckdns.org/api/image?path=%2Fopt%2Fcaradvice-media%2Fimages%2Fautos%2F274%2F1755180404280.624fd33e-dfc9-4849-bc5f-67b80d7dae1f.jpeg,https://api-caradvice.duckdns.org/api/image?path=%2Fopt%2Fcaradvice-media%2Fimages%2Fautos%2F274%2F1755180404373.7a329c5a-715a-4a7f-8f1c-86f2248bc58f.jpeg,https://api-caradvice.duckdns.org/api/image?path=%2Fopt%2Fcaradvice-media%2Fimages%2Fautos%2F274%2F1755180404442.af402bed-758a-4be6-aa6e-1cf31a9f72d1.jpeg,https://api-caradvice.duckdns.org/api/image?path=%2Fopt%2Fcaradvice-media%2Fimages%2Fautos%2F274%2F1755180404489.7b7ce1f4-4a85-406c-95e3-f10d66aea3ef.jpeg,https://api-caradvice.duckdns.org/api/image?path=%2Fopt%2Fcaradvice-media%2Fimages%2Fautos%2F274%2F1755180404545.40ab63b6-27dd-438f-85b9-117867d22ea1.jpeg,https://api-caradvice.duckdns.org/api/image?path=%2Fopt%2Fcaradvice-media%2Fimages%2Fautos%2F274%2F1755180404580.259e4ce7-e435-44bf-848e-9c6cb8a462a9.jpeg,https://api-caradvice.duckdns.org/api/image?path=%2Fopt%2Fcaradvice-media%2Fimages%2Fautos%2F274%2F1755180404619.a6d81947-e341-4f65-9c1a-778a786ad243.jpeg,https://api-caradvice.duckdns.org/api/image?path=%2Fopt%2Fcaradvice-media%2Fimages%2Fautos%2F274%2F1755180404643.521246d8-ad87-4f43-911e-804f25ce6ef5.jpeg,https://api-caradvice.duckdns.org/api/image?path=%2Fopt%2Fcaradvice-media%2Fimages%2Fautos%2F274%2F1755180404661.08a85dc7-a037-45d3-a257-490e5056ec63.jpeg",CHERY,TIGGO 4PRO,2025,1000,KM,GASOLINE,AUTOMATIC,SUV,Octavio Pinto 3024,Cordoba,Cordoba,5000,AR,-31.4167,-64.1833
277,PEUGEOT 207 COMPACT 1.4 HDI 5 P.XSALLURE,PEUGEOT 207 COMPACT 1.4 HDI 5 P.XSALLURE,AVAILABLE,USED,OTHER,15900000 ARS,https://caradvice.com.ar/autos/277,https://api-caradvice.duckdns.org/api/image?path=%2Fopt%2Fcaradvice-media%2Fimages%2Fautos%2F277%2F1738814744715.1314a27b-53d9-4a17-bdc0-ae28a8526251.JPG,"https://api-caradvice.duckdns.org/api/image?path=%2Fopt%2Fcaradvice-media%2Fimages%2Fautos%2F277%2F1738814745005.eee66281-b564-4066-b047-3b2aa4309909.JPG,https://api-caradvice.duckdns.org/api/image?path=%2Fopt%2Fcaradvice-media%2Fimages%2Fautos%2F277%2F1738814745057.e654fb60-33d2-4eb7-bb87-fbf7437dd076.JPG,https://api-caradvice.duckdns.org/api/image?path=%2Fopt%2Fcaradvice-media%2Fimages%2Fautos%2F277%2F1738814745189.7e47368a-cd6b-4e61-bc16-942f997c48a5.JPG,https://api-caradvice.duckdns.org/api/image?path=%2Fopt%2Fcaradvice-media%2Fimages%2Fautos%2F277%2F1738814745228.af9a9fad-9bf1-4632-a3b2-9880ac3a290d.JPG,https://api-caradvice.duckdns.org/api/image?path=%2Fopt%2Fcaradvice-media%2Fimages%2Fautos%2F277%2F1738814745316.471961ec-e74a-4468-8cd8-a70b0147d803.JPG,https://api-caradvice.duckdns.org/api/image?path=%2Fopt%2Fcaradvice-media%2Fimages%2Fautos%2F277%2F1738814745407.5d6fb1cd-720f-46e0-8e7f-f2f7143c40de.JPG,https://api-caradvice.duckdns.org/api/image?path=%2Fopt%2Fcaradvice-media%2Fimages%2Fautos%2F277%2F1738814745477.7e7cabae-acfa-478f-a16d-b398b626c626.JPG,https://api-caradvice.duckdns.org/api/image?path=%2Fopt%2Fcaradvice-media%2Fimages%2Fautos%2F277%2F1738814745533.8c01b9c5-675f-4b79-ac81-c73dde7e6a83.JPG,https://api-caradvice.duckdns.org/api/image?path=%2Fopt%2Fcaradvice-media%2Fimages%2Fautos%2F277%2F1738814745668.9d6ccefb-7248-4789-b53a-f5441708d653.JPG,https://api-caradvice.duckdns.org/api/image?path=%2Fopt%2Fcaradvice-media%2Fimages%2Fautos%2F277%2F1738814745747.85f90414-bfdc-4dfa-ab99-b72badfc7a98.JPG",PEUGEOT,207,2016,124000,KM,DIESEL,MANUAL,HATCHBACK,Octavio Pinto 3024,Cordoba,Cordoba,5000,AR,-31.4167,-64.1833
278,MINI COOPER PEPPER 5P AT,MINI COOPER PEPPER 5P AT,AVAILABLE,USED,OTHER,29900 USD,https://caradvice.com.ar/autos/278,https://api-caradvice.duckdns.org/api/image?path=%2Fopt%2Fcaradvice-media%2Fimages%2Fautos%2F278%2F1765564146514.IMG-20251212-WA0258.jpg,"https://api-caradvice.duckdns.org/api/image?path=%2Fopt%2Fcaradvice-media%2Fimages%2Fautos%2F278%2F1765564146545.IMG-20251212-WA0261.jpg,https://api-caradvice.duckdns.org/api/image?path=%2Fopt%2Fcaradvice-media%2Fimages%2Fautos%2F278%2F1765564146563.IMG-20251212-WA0257.jpg,https://api-caradvice.duckdns.org/api/image?path=%2Fopt%2Fcaradvice-media%2Fimages%2Fautos%2F278%2F1765564146645.IMG-20251212-WA0264.jpg,https://api-caradvice.duckdns.org/api/image?path=%2Fopt%2Fcaradvice-media%2Fimages%2Fautos%2F278%2F1765564146719.IMG-20251212-WA0259.jpg,https://api-caradvice.duckdns.org/api/image?path=%2Fopt%2Fcaradvice-media%2Fimages%2Fautos%2F278%2F1765564146818.IMG-20251212-WA0263.jpg,https://api-caradvice.duckdns.org/api/image?path=%2Fopt%2Fcaradvice-media%2Fimages%2Fautos%2F278%2F1765564146894.IMG-20251212-WA0312.jpg,https://api-caradvice.duckdns.org/api/image?path=%2Fopt%2Fcaradvice-media%2Fimages%2Fautos%2F278%2F1765564146935.IMG-20251212-WA0317.jpg,https://api-caradvice.duckdns.org/api/image?path=%2Fopt%2Fcaradvice-media%2Fimages%2Fautos%2F278%2F1765564147015.IMG-20251212-WA0262.jpg,https://api-caradvice.duckdns.org/api/image?path=%2Fopt%2Fcaradvice-media%2Fimages%2Fautos%2F278%2F1765564147099.IMG-20251212-WA0266.jpg,https://api-caradvice.duckdns.org/api/image?path=%2Fopt%2Fcaradvice-media%2Fimages%2Fautos%2F278%2F1765564147168.IMG-20251212-WA0268.jpg",MINI,COOPER,2020,66000,KM,GASOLINE,AUTOMATIC,HATCHBACK,Octavio Pinto 3024,Cordoba,Cordoba,5000,AR,-31.4167,-64.1833
279,FORD ECO SPORT 2.0 TITANIUM AT L13,FORD ECO SPORT 2.0 TITANIUM AT L13,AVAILABLE,USED,OTHER,19900000 ARS,https://caradvice.com.ar/autos/279,https://api-caradvice.duckdns.org/api/image?path=%2Fopt%2Fcaradvice-media%2Fimages%2Fautos%2F279%2F1766163588994.IMG-20251211-WA0199.jpg,"https://api-caradvice.duckdns.org/api/image?path=%2Fopt%2Fcaradvice-media%2Fimages%2Fautos%2F279%2F1766163589023.IMG-20251211-WA0201.jpg,https://api-caradvice.duckdns.org/api/image?path=%2Fopt%2Fcaradvice-media%2Fimages%2Fautos%2F279%2F1766163589128.IMG-20251211-WA0198.jpg,https://api-caradvice.duckdns.org/api/image?path=%2Fopt%2Fcaradvice-media%2Fimages%2Fautos%2F279%2F1766163589203.IMG-20251211-WA0204.jpg,https://api-caradvice.duckdns.org/api/image?path=%2Fopt%2Fcaradvice-media%2Fimages%2Fautos%2F279%2F1766163589284.IMG-20251211-WA0200.jpg,https://api-caradvice.duckdns.org/api/image?path=%2Fopt%2Fcaradvice-media%2Fimages%2Fautos%2F279%2F1766163589340.IMG-20251211-WA0205.jpg,https://api-caradvice.duckdns.org/api/image?path=%2Fopt%2Fcaradvice-media%2Fimages%2Fautos%2F279%2F1766163589400.IMG-20251211-WA0207.jpg,https://api-caradvice.duckdns.org/api/image?path=%2Fopt%2Fcaradvice-media%2Fimages%2Fautos%2F279%2F1766163589448.IMG-20251211-WA0216.jpg,https://api-caradvice.duckdns.org/api/image?path=%2Fopt%2Fcaradvice-media%2Fimages%2Fautos%2F279%2F1766163589482.IMG-20251211-WA0202.jpg,https://api-caradvice.duckdns.org/api/image?path=%2Fopt%2Fcaradvice-media%2Fimages%2Fautos%2F279%2F1766163589579.IMG-20251211-WA0206.jpg,https://api-caradvice.duckdns.org/api/image?path=%2Fopt%2Fcaradvice-media%2Fimages%2Fautos%2F279%2F1766163589685.IMG-20251211-WA0212.jpg",FORD,ECO SPORT,2015,87200,KM,GASOLINE,AUTOMATIC,SUV,Octavio Pinto 3024,Cordoba,Cordoba,5000,AR,-31.4167,-64.1833
282,TOYOTA HILUX 2.8 TDI 4X4 DC GR-S IV AT,TOYOTA HILUX 2.8 TDI 4X4 DC GR-S IV AT,AVAILABLE,USED,OTHER,54500 USD,https://caradvice.com.ar/autos/282,https://api-caradvice.duckdns.org/api/image?path=%2Fopt%2Fcaradvice-media%2Fimages%2Fautos%2F282%2F1767165675813.WhatsApp%20Image%202025-12-30%20at%2022.08.27.jpeg,"https://api-caradvice.duckdns.org/api/image?path=%2Fopt%2Fcaradvice-media%2Fimages%2Fautos%2F282%2F1767165675829.WhatsApp%20Image%202025-12-30%20at%2022.08.27%20(2).jpeg,https://api-caradvice.duckdns.org/api/image?path=%2Fopt%2Fcaradvice-media%2Fimages%2Fautos%2F282%2F1767165675836.WhatsApp%20Image%202025-12-30%20at%2022.08.26%20(1).jpeg,https://api-caradvice.duckdns.org/api/image?path=%2Fopt%2Fcaradvice-media%2Fimages%2Fautos%2F282%2F1767165675843.WhatsApp%20Image%202025-12-30%20at%2022.08.27%20(1).jpeg,https://api-caradvice.duckdns.org/api/image?path=%2Fopt%2Fcaradvice-media%2Fimages%2Fautos%2F282%2F1767165675850.WhatsApp%20Image%202025-12-30%20at%2022.08.26.jpeg,https://api-caradvice.duckdns.org/api/image?path=%2Fopt%2Fcaradvice-media%2Fimages%2Fautos%2F282%2F1767165675855.WhatsApp%20Image%202025-12-30%20at%2022.08.27%20(3).jpeg,https://api-caradvice.duckdns.org/api/image?path=%2Fopt%2Fcaradvice-media%2Fimages%2Fautos%2F282%2F1767165675862.WhatsApp%20Image%202025-12-30%20at%2022.08.28%20(1).jpeg,https://api-caradvice.duckdns.org/api/image?path=%2Fopt%2Fcaradvice-media%2Fimages%2Fautos%2F282%2F1767165675869.WhatsApp%20Image%202025-12-30%20at%2022.08.28.jpeg,https://api-caradvice.duckdns.org/api/image?path=%2Fopt%2Fcaradvice-media%2Fimages%2Fautos%2F282%2F1767165675875.WhatsApp%20Image%202025-12-30%20at%2022.08.28%20(2).jpeg,https://api-caradvice.duckdns.org/api/image?path=%2Fopt%2Fcaradvice-media%2Fimages%2Fautos%2F282%2F1767165675878.WhatsApp%20Image%202025-12-30%20at%2022.08.29%20(1).jpeg,https://api-caradvice.duckdns.org/api/image?path=%2Fopt%2Fcaradvice-media%2Fimages%2Fautos%2F282%2F1767165675885.WhatsApp%20Image%202025-12-30%20at%2022.08.29.jpeg",TOYOTA,HILUX,2023,40500,KM,DIESEL,AUTOMATIC,PICKUP,Octavio Pinto 3024,Cordoba,Cordoba,5000,AR,-31.4167,-64.1833
283,FIAT TORO 2.0 TDI 4X4 VOLCANO AT9 L22,FIAT TORO 2.0 TDI 4X4 VOLCANO AT9 L22,AVAILABLE,USED,OTHER,35700000 ARS,https://caradvice.com.ar/autos/283,https://api-caradvice.duckdns.org/api/image?path=%2Fopt%2Fcaradvice-media%2Fimages%2Fautos%2F283%2F1762887840617.IMG-20251111-WA0178.jpg,"https://api-caradvice.duckdns.org/api/image?path=%2Fopt%2Fcaradvice-media%2Fimages%2Fautos%2F283%2F1762887840655.IMG-20251111-WA0191.jpg,https://api-caradvice.duckdns.org/api/image?path=%2Fopt%2Fcaradvice-media%2Fimages%2Fautos%2F283%2F1762887840755.IMG-20251111-WA0177.jpg,https://api-caradvice.duckdns.org/api/image?path=%2Fopt%2Fcaradvice-media%2Fimages%2Fautos%2F283%2F1762887840865.IMG-20251111-WA0190.jpg,https://api-caradvice.duckdns.org/api/image?path=%2Fopt%2Fcaradvice-media%2Fimages%2Fautos%2F283%2F1762887840942.IMG-20251111-WA0179.jpg,https://api-caradvice.duckdns.org/api/image?path=%2Fopt%2Fcaradvice-media%2Fimages%2Fautos%2F283%2F1762887841033.IMG-20251111-WA0193.jpg,https://api-caradvice.duckdns.org/api/image?path=%2Fopt%2Fcaradvice-media%2Fimages%2Fautos%2F283%2F1762887841205.IMG-20251111-WA0180.jpg,https://api-caradvice.duckdns.org/api/image?path=%2Fopt%2Fcaradvice-media%2Fimages%2Fautos%2F283%2F1762887841302.IMG-20251111-WA0183.jpg,https://api-caradvice.duckdns.org/api/image?path=%2Fopt%2Fcaradvice-media%2Fimages%2Fautos%2F283%2F1762887841404.IMG-20251111-WA0184.jpg,https://api-caradvice.duckdns.org/api/image?path=%2Fopt%2Fcaradvice-media%2Fimages%2Fautos%2F283%2F1762887841513.IMG-20251111-WA0185.jpg,https://api-caradvice.duckdns.org/api/image?path=%2Fopt%2Fcaradvice-media%2Fimages%2Fautos%2F283%2F1762887841613.IMG-20251111-WA0186.jpg",FIAT,TORO,2023,117800,KM,DIESEL,AUTOMATIC,PICKUP,Octavio Pinto 3024,Cordoba,Cordoba,5000,AR,-31.4167,-64.1833
284,NISSAN KICKS 1.6 EXCLUSIVE CVT L17,NISSAN KICKS 1.6 EXCLUSIVE CVT L17,AVAILABLE,USED,OTHER,27900000 ARS,https://caradvice.com.ar/autos/284,https://api-caradvice.duckdns.org/api/image?path=%2Fopt%2Fcaradvice-media%2Fimages%2Fautos%2F284%2F1759787099230.IMG-20251006-WA0426.jpg,"https://api-caradvice.duckdns.org/api/image?path=%2Fopt%2Fcaradvice-media%2Fimages%2Fautos%2F284%2F1759787099278.IMG-20251006-WA0429.jpg,https://api-caradvice.duckdns.org/api/image?path=%2Fopt%2Fcaradvice-media%2Fimages%2Fautos%2F284%2F1759787099546.IMG-20251006-WA0427.jpg,https://api-caradvice.duckdns.org/api/image?path=%2Fopt%2Fcaradvice-media%2Fimages%2Fautos%2F284%2F1759787099693.IMG-20251006-WA0430.jpg,https://api-caradvice.duckdns.org/api/image?path=%2Fopt%2Fcaradvice-media%2Fimages%2Fautos%2F284%2F1759787099864.IMG-20251006-WA0425.jpg,https://api-caradvice.duckdns.org/api/image?path=%2Fopt%2Fcaradvice-media%2Fimages%2Fautos%2F284%2F1759787099982.IMG-20251006-WA0428.jpg,https://api-caradvice.duckdns.org/api/image?path=%2Fopt%2Fcaradvice-media%2Fimages%2Fautos%2F284%2F1759787100136.IMG-20251006-WA0441.jpg,https://api-caradvice.duckdns.org/api/image?path=%2Fopt%2Fcaradvice-media%2Fimages%2Fautos%2F284%2F1759787100246.IMG-20251006-WA0440.jpg,https://api-caradvice.duckdns.org/api/image?path=%2Fopt%2Fcaradvice-media%2Fimages%2Fautos%2F284%2F1759787100372.IMG-20251006-WA0433.jpg,https://api-caradvice.duckdns.org/api/image?path=%2Fopt%2Fcaradvice-media%2Fimages%2Fautos%2F284%2F1759787100505.IMG-20251006-WA0436.jpg,https://api-caradvice.duckdns.org/api/image?path=%2Fopt%2Fcaradvice-media%2Fimages%2Fautos%2F284%2F1759787100667.IMG-20251006-WA0437.jpg",NISSAN,KICKS,2020,106200,KM,GASOLINE,AUTOMATIC,SUV,Octavio Pinto 3024,Cordoba,Cordoba,5000,AR,-31.4167,-64.1833
286,PEUGEOT 208 1.2 LIKE L20,PEUGEOT 208 1.2 LIKE L20,AVAILABLE,USED,OTHER,24100000 ARS,https://caradvice.com.ar/autos/286,https://api-caradvice.duckdns.org/api/image?path=%2Fopt%2Fcaradvice-media%2Fimages%2Fautos%2F286%2F1764797940569.IMG-20250707-WA0654.jpg,"https://api-caradvice.duckdns.org/api/image?path=%2Fopt%2Fcaradvice-media%2Fimages%2Fautos%2F286%2F1764797940655.IMG-20250707-WA0659.jpg,https://api-caradvice.duckdns.org/api/image?path=%2Fopt%2Fcaradvice-media%2Fimages%2Fautos%2F286%2F1764797940811.IMG-20250707-WA0655.jpg,https://api-caradvice.duckdns.org/api/image?path=%2Fopt%2Fcaradvice-media%2Fimages%2Fautos%2F286%2F1764797940928.IMG-20250707-WA0658.jpg,https://api-caradvice.duckdns.org/api/image?path=%2Fopt%2Fcaradvice-media%2Fimages%2Fautos%2F286%2F1764797941028.IMG-20250707-WA0657.jpg,https://api-caradvice.duckdns.org/api/image?path=%2Fopt%2Fcaradvice-media%2Fimages%2Fautos%2F286%2F1764797941133.IMG-20250707-WA0656.jpg,https://api-caradvice.duckdns.org/api/image?path=%2Fopt%2Fcaradvice-media%2Fimages%2Fautos%2F286%2F1764797941218.IMG-20250707-WA0660.jpg,https://api-caradvice.duckdns.org/api/image?path=%2Fopt%2Fcaradvice-media%2Fimages%2Fautos%2F286%2F1764797941297.IMG-20250707-WA0661.jpg,https://api-caradvice.duckdns.org/api/image?path=%2Fopt%2Fcaradvice-media%2Fimages%2Fautos%2F286%2F1764797941398.IMG-20250707-WA0662.jpg,https://api-caradvice.duckdns.org/api/image?path=%2Fopt%2Fcaradvice-media%2Fimages%2Fautos%2F286%2F1764797941474.IMG-20250707-WA0663.jpg,https://api-caradvice.duckdns.org/api/image?path=%2Fopt%2Fcaradvice-media%2Fimages%2Fautos%2F286%2F1764797941584.IMG-20250707-WA0664.jpg",PEUGEOT,208,2022,16500,KM,GASOLINE,MANUAL,HATCHBACK,Octavio Pinto 3024,Cordoba,Cordoba,5000,AR,-31.4167,-64.1833
287,CITROEN BASALT 1.6 VTI FEEL L26,CITROEN BASALT 1.6 VTI FEEL L26,AVAILABLE,USED,OTHER,33000000 ARS,https://caradvice.com.ar/autos/287,https://api-caradvice.duckdns.org/api/image?path=%2Fopt%2Fcaradvice-media%2Fimages%2Fautos%2F287%2F1766501138004.WhatsApp%20Image%202025-12-23%20at%2009.57.35.jpeg,"https://api-caradvice.duckdns.org/api/image?path=%2Fopt%2Fcaradvice-media%2Fimages%2Fautos%2F287%2F1766501138139.WhatsApp%20Image%202025-12-23%20at%2009.57.36.jpeg,https://api-caradvice.duckdns.org/api/image?path=%2Fopt%2Fcaradvice-media%2Fimages%2Fautos%2F287%2F1766501138225.WhatsApp%20Image%202025-12-23%20at%2009.57.35%20(1).jpeg,https://api-caradvice.duckdns.org/api/image?path=%2Fopt%2Fcaradvice-media%2Fimages%2Fautos%2F287%2F1766501138265.WhatsApp%20Image%202025-12-23%20at%2009.57.36%20(1).jpeg,https://api-caradvice.duckdns.org/api/image?path=%2Fopt%2Fcaradvice-media%2Fimages%2Fautos%2F287%2F1766501138293.WhatsApp%20Image%202025-12-23%20at%2009.57.34.jpeg,https://api-caradvice.duckdns.org/api/image?path=%2Fopt%2Fcaradvice-media%2Fimages%2Fautos%2F287%2F1766501138335.WhatsApp%20Image%202025-12-23%20at%2009.57.35%20(2).jpeg,https://api-caradvice.duckdns.org/api/image?path=%2Fopt%2Fcaradvice-media%2Fimages%2Fautos%2F287%2F1766501138377.WhatsApp%20Image%202025-12-23%20at%2009.57.37%20(1).jpeg,https://api-caradvice.duckdns.org/api/image?path=%2Fopt%2Fcaradvice-media%2Fimages%2Fautos%2F287%2F1766501138398.WhatsApp%20Image%202025-12-23%20at%2009.57.37%20(2).jpeg,https://api-caradvice.duckdns.org/api/image?path=%2Fopt%2Fcaradvice-media%2Fimages%2Fautos%2F287%2F1766501138436.WhatsApp%20Image%202025-12-23%20at%2009.57.38.jpeg,https://api-caradvice.duckdns.org/api/image?path=%2Fopt%2Fcaradvice-media%2Fimages%2Fautos%2F287%2F1766501138440.WhatsApp%20Image%202025-12-23%20at%2009.57.39%20(1).jpeg,https://api-caradvice.duckdns.org/api/image?path=%2Fopt%2Fcaradvice-media%2Fimages%2Fautos%2F287%2F1766501138450.WhatsApp%20Image%202025-12-23%20at%2009.57.41%20(1).jpeg",CITROEN,BASALT,2025,0,KM,GASOLINE,MANUAL,SUV,Octavio Pinto 3024,Cordoba,Cordoba,5000,AR,-31.4167,-64.1833
288,CHEVROLET TRACKER 1.2 T LTZ AT6 L20,CHEVROLET TRACKER 1.2 T LTZ AT6 L20,AVAILABLE,USED,OTHER,27000000 ARS,https://caradvice.com.ar/autos/288,https://api-caradvice.duckdns.org/api/image?path=%2Fopt%2Fcaradvice-media%2Fimages%2Fautos%2F288%2F1757954045799.IMG-20250915-WA0354.jpg,"https://api-caradvice.duckdns.org/api/image?path=%2Fopt%2Fcaradvice-media%2Fimages%2Fautos%2F288%2F1757954046781.IMG-20250915-WA0355.jpg,https://api-caradvice.duckdns.org/api/image?path=%2Fopt%2Fcaradvice-media%2Fimages%2Fautos%2F288%2F1757954047591.IMG-20250915-WA0356.jpg,https://api-caradvice.duckdns.org/api/image?path=%2Fopt%2Fcaradvice-media%2Fimages%2Fautos%2F288%2F1757954048387.IMG-20250915-WA0358.jpg,https://api-caradvice.duckdns.org/api/image?path=%2Fopt%2Fcaradvice-media%2Fimages%2Fautos%2F288%2F1757954049093.IMG-20250915-WA0359.jpg,https://api-caradvice.duckdns.org/api/image?path=%2Fopt%2Fcaradvice-media%2Fimages%2Fautos%2F288%2F1757954049633.IMG-20250915-WA0357.jpg,https://api-caradvice.duckdns.org/api/image?path=%2Fopt%2Fcaradvice-media%2Fimages%2Fautos%2F288%2F1757954050298.IMG-20250915-WA0365.jpg,https://api-caradvice.duckdns.org/api/image?path=%2Fopt%2Fcaradvice-media%2Fimages%2Fautos%2F288%2F1757954050819.IMG-20250915-WA0360.jpg,https://api-caradvice.duckdns.org/api/image?path=%2Fopt%2Fcaradvice-media%2Fimages%2Fautos%2F288%2F1757954051242.IMG-20250915-WA0370.jpg,https://api-caradvice.duckdns.org/api/image?path=%2Fopt%2Fcaradvice-media%2Fimages%2Fautos%2F288%2F1757954052091.IMG-20250915-WA0361.jpg,https://api-caradvice.duckdns.org/api/image?path=%2Fopt%2Fcaradvice-media%2Fimages%2Fautos%2F288%2F1757954052581.IMG-20250915-WA0362.jpg",CHEVROLET,TRACKER,2021,104000,KM,GASOLINE,AUTOMATIC,SUV,Octavio Pinto 3024,Cordoba,Cordoba,5000,AR,-31.4167,-64.1833
289,PEUGEOT BOXER 2.2 HDI 140 L2H2 L23,PEUGEOT BOXER 2.2 HDI 140 L2H2 L23,AVAILABLE,USED,OTHER,42000 USD,https://caradvice.com.ar/autos/289,https://api-caradvice.duckdns.org/api/image?path=%2Fopt%2Fcaradvice-media%2Fimages%2Fautos%2F289%2F1762449528492.Gemini_Generated_Image_a9obgda9obgda9ob.png,"https://api-caradvice.duckdns.org/api/image?path=%2Fopt%2Fcaradvice-media%2Fimages%2Fautos%2F289%2F1761756847207.IMG-20251029-WA0084.jpg,https://api-caradvice.duckdns.org/api/image?path=%2Fopt%2Fcaradvice-media%2Fimages%2Fautos%2F289%2F1761756847358.IMG-20251029-WA0081.jpg,https://api-caradvice.duckdns.org/api/image?path=%2Fopt%2Fcaradvice-media%2Fimages%2Fautos%2F289%2F1761756847510.IMG-20251029-WA0075.jpg,https://api-caradvice.duckdns.org/api/image?path=%2Fopt%2Fcaradvice-media%2Fimages%2Fautos%2F289%2F1761756847618.IMG-20251029-WA0076.jpg,https://api-caradvice.duckdns.org/api/image?path=%2Fopt%2Fcaradvice-media%2Fimages%2Fautos%2F289%2F1761756847706.IMG-20251029-WA0043.jpg,https://api-caradvice.duckdns.org/api/image?path=%2Fopt%2Fcaradvice-media%2Fimages%2Fautos%2F289%2F1761756847907.IMG-20251029-WA0077.jpg,https://api-caradvice.duckdns.org/api/image?path=%2Fopt%2Fcaradvice-media%2Fimages%2Fautos%2F289%2F1761756848196.IMG-20251029-WA0082.jpg,https://api-caradvice.duckdns.org/api/image?path=%2Fopt%2Fcaradvice-media%2Fimages%2Fautos%2F289%2F1761756848274.IMG-20251029-WA0089.jpg,https://api-caradvice.duckdns.org/api/image?path=%2Fopt%2Fcaradvice-media%2Fimages%2Fautos%2F289%2F1761756848390.IMG-20251029-WA0078.jpg,https://api-caradvice.duckdns.org/api/image?path=%2Fopt%2Fcaradvice-media%2Fimages%2Fautos%2F289%2F1761756848531.IMG-20251029-WA0079.jpg",PEUGEOT,BOXER,2024,26500,KM,DIESEL,MANUAL,VAN,Octavio Pinto 3024,Cordoba,Cordoba,5000,AR,-31.4167,-64.1833
290,FORD TERRITORY 1.8 T TITANIUM AT7 L23,FORD TERRITORY 1.8 T TITANIUM AT7 L23,AVAILABLE,USED,OTHER,49000000 ARS,https://caradvice.com.ar/autos/290,https://api-caradvice.duckdns.org/api/image?path=%2Fopt%2Fcaradvice-media%2Fimages%2Fautos%2F290%2F1763145583242.IMG-20251114-WA0120.jpg,"https://api-caradvice.duckdns.org/api/image?path=%2Fopt%2Fcaradvice-media%2Fimages%2Fautos%2F290%2F1763145583276.IMG-20251114-WA0107.jpg,https://api-caradvice.duckdns.org/api/image?path=%2Fopt%2Fcaradvice-media%2Fimages%2Fautos%2F290%2F1763145583325.IMG-20251114-WA0121.jpg,https://api-caradvice.duckdns.org/api/image?path=%2Fopt%2Fcaradvice-media%2Fimages%2Fautos%2F290%2F1763145583368.IMG-20251114-WA0106.jpg,https://api-caradvice.duckdns.org/api/image?path=%2Fopt%2Fcaradvice-media%2Fimages%2Fautos%2F290%2F1763145583439.IMG-20251114-WA0122.jpg,https://api-caradvice.duckdns.org/api/image?path=%2Fopt%2Fcaradvice-media%2Fimages%2Fautos%2F290%2F1763145583487.IMG-20251114-WA0108.jpg,https://api-caradvice.duckdns.org/api/image?path=%2Fopt%2Fcaradvice-media%2Fimages%2Fautos%2F290%2F1763145583548.IMG-20251114-WA0118.jpg,https://api-caradvice.duckdns.org/api/image?path=%2Fopt%2Fcaradvice-media%2Fimages%2Fautos%2F290%2F1763145583637.IMG-20251114-WA0105.jpg,https://api-caradvice.duckdns.org/api/image?path=%2Fopt%2Fcaradvice-media%2Fimages%2Fautos%2F290%2F1763145583716.IMG-20251114-WA0109.jpg,https://api-caradvice.duckdns.org/api/image?path=%2Fopt%2Fcaradvice-media%2Fimages%2Fautos%2F290%2F1763145583752.IMG-20251114-WA0112.jpg,https://api-caradvice.duckdns.org/api/image?path=%2Fopt%2Fcaradvice-media%2Fimages%2Fautos%2F290%2F1763145583806.IMG-20251114-WA0113.jpg",FORD,TERRITORY,2023,55700,KM,GASOLINE,AUTOMATIC,SUV,Octavio Pinto 3024,Cordoba,Cordoba,5000,AR,-31.4167,-64.1833
291,FIAT 500 1.4 FIRE CULT L11,FIAT 500 1.4 FIRE CULT L11,AVAILABLE,USED,OTHER,15000000 ARS,https://caradvice.com.ar/autos/291,https://api-caradvice.duckdns.org/api/image?path=%2Fopt%2Fcaradvice-media%2Fimages%2Fautos%2F291%2F1766004814264.IMG-20251217-WA0452.jpg,"https://api-caradvice.duckdns.org/api/image?path=%2Fopt%2Fcaradvice-media%2Fimages%2Fautos%2F291%2F1766004814361.IMG-20251217-WA0449.jpg,https://api-caradvice.duckdns.org/api/image?path=%2Fopt%2Fcaradvice-media%2Fimages%2Fautos%2F291%2F1766004814572.IMG-20251217-WA0447.jpg,https://api-caradvice.duckdns.org/api/image?path=%2Fopt%2Fcaradvice-media%2Fimages%2Fautos%2F291%2F1766004814723.IMG-20251217-WA0450.jpg,https://api-caradvice.duckdns.org/api/image?path=%2Fopt%2Fcaradvice-media%2Fimages%2Fautos%2F291%2F1766004814829.IMG-20251217-WA0448.jpg,https://api-caradvice.duckdns.org/api/image?path=%2Fopt%2Fcaradvice-media%2Fimages%2Fautos%2F291%2F1766004815492.IMG-20251217-WA0451.jpg,https://api-caradvice.duckdns.org/api/image?path=%2Fopt%2Fcaradvice-media%2Fimages%2Fautos%2F291%2F1766004815724.IMG-20251217-WA0453.jpg,https://api-caradvice.duckdns.org/api/image?path=%2Fopt%2Fcaradvice-media%2Fimages%2Fautos%2F291%2F1766004815853.IMG-20251217-WA0454.jpg,https://api-caradvice.duckdns.org/api/image?path=%2Fopt%2Fcaradvice-media%2Fimages%2Fautos%2F291%2F1766004816165.IMG-20251217-WA0455.jpg,https://api-caradvice.duckdns.org/api/image?path=%2Fopt%2Fcaradvice-media%2Fimages%2Fautos%2F291%2F1766004816342.IMG-20251217-WA0456.jpg,https://api-caradvice.duckdns.org/api/image?path=%2Fopt%2Fcaradvice-media%2Fimages%2Fautos%2F291%2F1766004816576.IMG-20251217-WA0457.jpg",FIAT,500,2012,128000,KM,GASOLINE,MANUAL,HATCHBACK,Octavio Pinto 3024,Cordoba,Cordoba,5000,AR,-31.4167,-64.1833
292,CHEVROLET ONIX 1.0 T LT PLUS 4P L24,CHEVROLET ONIX 1.0 T LT PLUS 4P L24,AVAILABLE,USED,OTHER,29500000 ARS,https://caradvice.com.ar/autos/292,https://api-caradvice.duckdns.org/api/image?path=%2Fopt%2Fcaradvice-media%2Fimages%2Fautos%2F292%2F1764617517617.IMG-20251201-WA0518.jpg,"https://api-caradvice.duckdns.org/api/image?path=%2Fopt%2Fcaradvice-media%2Fimages%2Fautos%2F292%2F1764617517926.IMG-20251201-WA0519.jpg,https://api-caradvice.duckdns.org/api/image?path=%2Fopt%2Fcaradvice-media%2Fimages%2Fautos%2F292%2F1764617518305.IMG-20251201-WA0516.jpg,https://api-caradvice.duckdns.org/api/image?path=%2Fopt%2Fcaradvice-media%2Fimages%2Fautos%2F292%2F1764617518639.IMG-20251201-WA0524.jpg,https://api-caradvice.duckdns.org/api/image?path=%2Fopt%2Fcaradvice-media%2Fimages%2Fautos%2F292%2F1764617518934.IMG-20251201-WA0517.jpg,https://api-caradvice.duckdns.org/api/image?path=%2Fopt%2Fcaradvice-media%2Fimages%2Fautos%2F292%2F1764617519164.IMG-20251201-WA0522.jpg,https://api-caradvice.duckdns.org/api/image?path=%2Fopt%2Fcaradvice-media%2Fimages%2Fautos%2F292%2F1764617519486.IMG-20251201-WA0520.jpg,https://api-caradvice.duckdns.org/api/image?path=%2Fopt%2Fcaradvice-media%2Fimages%2Fautos%2F292%2F1764617519637.IMG-20251201-WA0525.jpg,https://api-caradvice.duckdns.org/api/image?path=%2Fopt%2Fcaradvice-media%2Fimages%2Fautos%2F292%2F1764617519765.IMG-20251201-WA0533.jpg,https://api-caradvice.duckdns.org/api/image?path=%2Fopt%2Fcaradvice-media%2Fimages%2Fautos%2F292%2F1764617519867.IMG-20251201-WA0532.jpg,https://api-caradvice.duckdns.org/api/image?path=%2Fopt%2Fcaradvice-media%2Fimages%2Fautos%2F292%2F1764617520008.IMG-20251201-WA0534.jpg",CHEVROLET,ONIX,2025,3050,KM,GASOLINE,MANUAL,SEDAN,Octavio Pinto 3024,Cordoba,Cordoba,5000,AR,-31.4167,-64.1833
293,CITROEN C3 1.6 VTI FEEL L16,CITROEN C3 1.6 VTI FEEL L16,AVAILABLE,USED,OTHER,15900000 ARS,https://caradvice.com.ar/autos/293,https://api-caradvice.duckdns.org/api/image?path=%2Fopt%2Fcaradvice-media%2Fimages%2Fautos%2F293%2F1756216287614.66ae63ad-05f0-4117-a831-e0a68091342c.JPG,"https://api-caradvice.duckdns.org/api/image?path=%2Fopt%2Fcaradvice-media%2Fimages%2Fautos%2F293%2F1756216288019.d51c46e7-f2b4-47bb-9b6d-c984e24d31ec.JPG,https://api-caradvice.duckdns.org/api/image?path=%2Fopt%2Fcaradvice-media%2Fimages%2Fautos%2F293%2F1756216288188.8639f540-db28-462e-8c42-6c17a957d8be.JPG,https://api-caradvice.duckdns.org/api/image?path=%2Fopt%2Fcaradvice-media%2Fimages%2Fautos%2F293%2F1756216288302.d1879d73-72d1-4a09-a228-94abb305bf58.JPG,https://api-caradvice.duckdns.org/api/image?path=%2Fopt%2Fcaradvice-media%2Fimages%2Fautos%2F293%2F1756216288373.c4148029-657e-49b2-92ae-0db6f668ef6f.JPG,https://api-caradvice.duckdns.org/api/image?path=%2Fopt%2Fcaradvice-media%2Fimages%2Fautos%2F293%2F1756216288449.212bc85e-f064-4e42-8573-fe9bd6b32bd4.JPG,https://api-caradvice.duckdns.org/api/image?path=%2Fopt%2Fcaradvice-media%2Fimages%2Fautos%2F293%2F1756216288486.20d6c8b0-2f29-436c-8cec-c48cc30b770a.JPG,https://api-caradvice.duckdns.org/api/image?path=%2Fopt%2Fcaradvice-media%2Fimages%2Fautos%2F293%2F1756216288502.084bd04a-5eca-4e92-8631-964f3ebd52e7.JPG,https://api-caradvice.duckdns.org/api/image?path=%2Fopt%2Fcaradvice-media%2Fimages%2Fautos%2F293%2F1756216288525.4975df13-5727-4e1b-b09c-c7dd337820e6.JPG,https://api-caradvice.duckdns.org/api/image?path=%2Fopt%2Fcaradvice-media%2Fimages%2Fautos%2F293%2F1756216288571.a8be9272-88e2-4f72-9516-e5cf656f73d3.JPG,https://api-caradvice.duckdns.org/api/image?path=%2Fopt%2Fcaradvice-media%2Fimages%2Fautos%2F293%2F1756216288623.a337dae2-cbfb-457a-8015-9083f1170021.JPG",CITROEN,C3,2016,138200,KM,GASOLINE,MANUAL,HATCHBACK,Octavio Pinto 3024,Cordoba,Cordoba,5000,AR,-31.4167,-64.1833
294,RENAULT KWID 1.0 12V ICONIC,RENAULT KWID 1.0 12V ICONIC,AVAILABLE,USED,OTHER,16000000 ARS,https://caradvice.com.ar/autos/294,https://api-caradvice.duckdns.org/api/image?path=%2Fopt%2Fcaradvice-media%2Fimages%2Fautos%2F294%2F1759154807172.IMG-20250929-WA0184.jpg,"https://api-caradvice.duckdns.org/api/image?path=%2Fopt%2Fcaradvice-media%2Fimages%2Fautos%2F294%2F1759154807495.IMG-20250929-WA0185.jpg,https://api-caradvice.duckdns.org/api/image?path=%2Fopt%2Fcaradvice-media%2Fimages%2Fautos%2F294%2F1759154807907.IMG-20250929-WA0182.jpg,https://api-caradvice.duckdns.org/api/image?path=%2Fopt%2Fcaradvice-media%2Fimages%2Fautos%2F294%2F1759154808335.IMG-20250929-WA0183.jpg,https://api-caradvice.duckdns.org/api/image?path=%2Fopt%2Fcaradvice-media%2Fimages%2Fautos%2F294%2F1759154808706.IMG-20250929-WA0186.jpg,https://api-caradvice.duckdns.org/api/image?path=%2Fopt%2Fcaradvice-media%2Fimages%2Fautos%2F294%2F1759154809101.IMG-20250929-WA0187.jpg,https://api-caradvice.duckdns.org/api/image?path=%2Fopt%2Fcaradvice-media%2Fimages%2Fautos%2F294%2F1759154809307.IMG-20250929-WA0188.jpg,https://api-caradvice.duckdns.org/api/image?path=%2Fopt%2Fcaradvice-media%2Fimages%2Fautos%2F294%2F1759154809645.IMG-20250929-WA0189.jpg,https://api-caradvice.duckdns.org/api/image?path=%2Fopt%2Fcaradvice-media%2Fimages%2Fautos%2F294%2F1759154810057.IMG-20250929-WA0191.jpg,https://api-caradvice.duckdns.org/api/image?path=%2Fopt%2Fcaradvice-media%2Fimages%2Fautos%2F294%2F1759154810286.IMG-20250929-WA0192.jpg,https://api-caradvice.duckdns.org/api/image?path=%2Fopt%2Fcaradvice-media%2Fimages%2Fautos%2F294%2F1759154810711.IMG-20250929-WA0193.jpg",RENAULT,KWID,2018,105400,KM,GASOLINE,MANUAL,HATCHBACK,Octavio Pinto 3024,Cordoba,Cordoba,5000,AR,-31.4167,-64.1833
295,HYUNDAI TUCSON 2.0 4X2 AT L16,HYUNDAI TUCSON 2.0 4X2 AT L16,AVAILABLE,USED,OTHER,29500000 ARS,https://caradvice.com.ar/autos/295,https://api-caradvice.duckdns.org/api/image?path=%2Fopt%2Fcaradvice-media%2Fimages%2Fautos%2F295%2F1761252767165.IMG-20251023-WA0380.jpg,"https://api-caradvice.duckdns.org/api/image?path=%2Fopt%2Fcaradvice-media%2Fimages%2Fautos%2F295%2F1761252767218.IMG-20251023-WA0382.jpg,https://api-caradvice.duckdns.org/api/image?path=%2Fopt%2Fcaradvice-media%2Fimages%2Fautos%2F295%2F1761252767367.IMG-20251023-WA0383.jpg,https://api-caradvice.duckdns.org/api/image?path=%2Fopt%2Fcaradvice-media%2Fimages%2Fautos%2F295%2F1761252767431.IMG-20251023-WA0378.jpg,https://api-caradvice.duckdns.org/api/image?path=%2Fopt%2Fcaradvice-media%2Fimages%2Fautos%2F295%2F1761252767649.IMG-20251023-WA0379.jpg,https://api-caradvice.duckdns.org/api/image?path=%2Fopt%2Fcaradvice-media%2Fimages%2Fautos%2F295%2F1761252767659.IMG-20251023-WA0381.jpg,https://api-caradvice.duckdns.org/api/image?path=%2Fopt%2Fcaradvice-media%2Fimages%2Fautos%2F295%2F1761252767674.IMG-20251023-WA0389.jpg,https://api-caradvice.duckdns.org/api/image?path=%2Fopt%2Fcaradvice-media%2Fimages%2Fautos%2F295%2F1761252767679.IMG-20251023-WA0395.jpg,https://api-caradvice.duckdns.org/api/image?path=%2Fopt%2Fcaradvice-media%2Fimages%2Fautos%2F295%2F1761252767686.IMG-20251023-WA0396.jpg,https://api-caradvice.duckdns.org/api/image?path=%2Fopt%2Fcaradvice-media%2Fimages%2Fautos%2F295%2F1761252767699.IMG-20251023-WA0385.jpg,https://api-caradvice.duckdns.org/api/image?path=%2Fopt%2Fcaradvice-media%2Fimages%2Fautos%2F295%2F1761252767778.IMG-20251023-WA0394.jpg",HYUNDAI,TUCSON,2016,96000,KM,GASOLINE,AUTOMATIC,SUV,Octavio Pinto 3024,Cordoba,Cordoba,5000,AR,-31.4167,-64.1833
296,PEUGEOT 208 1.6 ACTIVE TIPTRONIC L20,PEUGEOT 208 1.6 ACTIVE TIPTRONIC L20,AVAILABLE,USED,OTHER,25000000 ARS,https://caradvice.com.ar/autos/296,https://api-caradvice.duckdns.org/api/image?path=%2Fopt%2Fcaradvice-media%2Fimages%2Fautos%2F296%2F1764875127226.IMG-20251204-WA0369.jpg,"https://api-caradvice.duckdns.org/api/image?path=%2Fopt%2Fcaradvice-media%2Fimages%2Fautos%2F296%2F1764875127486.IMG-20251204-WA0370.jpg,https://api-caradvice.duckdns.org/api/image?path=%2Fopt%2Fcaradvice-media%2Fimages%2Fautos%2F296%2F1764875127838.IMG-20251204-WA0367.jpg,https://api-caradvice.duckdns.org/api/image?path=%2Fopt%2Fcaradvice-media%2Fimages%2Fautos%2F296%2F1764875128345.IMG-20251204-WA0374.jpg,https://api-caradvice.duckdns.org/api/image?path=%2Fopt%2Fcaradvice-media%2Fimages%2Fautos%2F296%2F1764875128629.IMG-20251204-WA0368.jpg,https://api-caradvice.duckdns.org/api/image?path=%2Fopt%2Fcaradvice-media%2Fimages%2Fautos%2F296%2F1764875128990.IMG-20251204-WA0371.jpg,https://api-caradvice.duckdns.org/api/image?path=%2Fopt%2Fcaradvice-media%2Fimages%2Fautos%2F296%2F1764875129260.IMG-20251204-WA0380.jpg,https://api-caradvice.duckdns.org/api/image?path=%2Fopt%2Fcaradvice-media%2Fimages%2Fautos%2F296%2F1764875129392.IMG-20251204-WA0383.jpg,https://api-caradvice.duckdns.org/api/image?path=%2Fopt%2Fcaradvice-media%2Fimages%2Fautos%2F296%2F1764875129666.IMG-20251204-WA0384.jpg,https://api-caradvice.duckdns.org/api/image?path=%2Fopt%2Fcaradvice-media%2Fimages%2Fautos%2F296%2F1764875129911.IMG-20251204-WA0386.jpg,https://api-caradvice.duckdns.org/api/image?path=%2Fopt%2Fcaradvice-media%2Fimages%2Fautos%2F296%2F1764875130102.IMG-20251204-WA0387.jpg",PEUGEOT,208,2021,47000,KM,GASOLINE,AUTOMATIC,HATCHBACK,Octavio Pinto 3024,Cordoba,Cordoba,5000,AR,-31.4167,-64.1833
297,FIAT CRONOS 1.3 GSE LIKE L23,FIAT CRONOS 1.3 GSE LIKE L23,AVAILABLE,USED,OTHER,23500000 ARS,https://caradvice.com.ar/autos/297,https://api-caradvice.duckdns.org/api/image?path=%2Fopt%2Fcaradvice-media%2Fimages%2Fautos%2F297%2F1752898289024.088ce810-8d76-49d8-9460-2db9739d1f13.jpeg,"https://api-caradvice.duckdns.org/api/image?path=%2Fopt%2Fcaradvice-media%2Fimages%2Fautos%2F297%2F1752898288015.ca580be9-fc26-4591-9f6d-185d7ff0c63d.jpeg,https://api-caradvice.duckdns.org/api/image?path=%2Fopt%2Fcaradvice-media%2Fimages%2Fautos%2F297%2F1752898288553.558d0217-90ee-43a5-9080-3f919fe8376a.jpeg,https://api-caradvice.duckdns.org/api/image?path=%2Fopt%2Fcaradvice-media%2Fimages%2Fautos%2F297%2F1752898288742.400cb3ad-43db-4908-9f1e-c6cc4d384c7c.jpeg,https://api-caradvice.duckdns.org/api/image?path=%2Fopt%2Fcaradvice-media%2Fimages%2Fautos%2F297%2F1752898288905.7e483c86-77fd-4908-a267-81ea314094ca.jpeg,https://api-caradvice.duckdns.org/api/image?path=%2Fopt%2Fcaradvice-media%2Fimages%2Fautos%2F297%2F1752898288968.d51a84f7-bf76-4aec-a35a-8ade4534b7cd.jpeg,https://api-caradvice.duckdns.org/api/image?path=%2Fopt%2Fcaradvice-media%2Fimages%2Fautos%2F297%2F1752898289122.76a7b6f2-063f-4294-a7c0-4b882d00efee.jpeg,https://api-caradvice.duckdns.org/api/image?path=%2Fopt%2Fcaradvice-media%2Fimages%2Fautos%2F297%2F1752898289502.86fcd70a-af44-4583-b607-f07e6564f630.jpeg,https://api-caradvice.duckdns.org/api/image?path=%2Fopt%2Fcaradvice-media%2Fimages%2Fautos%2F297%2F1752898289548.428ccd47-7927-4afc-8e52-6f539c976d6d.jpeg,https://api-caradvice.duckdns.org/api/image?path=%2Fopt%2Fcaradvice-media%2Fimages%2Fautos%2F297%2F1752898289658.386792fc-272a-4f6f-99f3-42bace7f03de.jpeg,https://api-caradvice.duckdns.org/api/image?path=%2Fopt%2Fcaradvice-media%2Fimages%2Fautos%2F297%2F1752898289709.70bcde9e-90b2-426a-b359-122420ae7336.jpeg",FIAT,CRONOS,2024,19700,KM,GASOLINE,MANUAL,SEDAN,Octavio Pinto 3024,Cordoba,Cordoba,5000,AR,-31.4167,-64.1833
298,TOYOTA HILUX 2.8 TDI 4X4 SRX AT6,TOYOTA HILUX 2.8 TDI 4X4 SRX AT6,AVAILABLE,USED,OTHER,43000 USD,https://caradvice.com.ar/autos/298,https://api-caradvice.duckdns.org/api/image?path=%2Fopt%2Fcaradvice-media%2Fimages%2Fautos%2F298%2F1764865249135.IMG-20251204-WA0208.jpg,"https://api-caradvice.duckdns.org/api/image?path=%2Fopt%2Fcaradvice-media%2Fimages%2Fautos%2F298%2F1764865249175.IMG-20251204-WA0200.jpg,https://api-caradvice.duckdns.org/api/image?path=%2Fopt%2Fcaradvice-media%2Fimages%2Fautos%2F298%2F1764865249178.IMG-20251204-WA0211.jpg,https://api-caradvice.duckdns.org/api/image?path=%2Fopt%2Fcaradvice-media%2Fimages%2Fautos%2F298%2F1764865249233.IMG-20251204-WA0196.jpg,https://api-caradvice.duckdns.org/api/image?path=%2Fopt%2Fcaradvice-media%2Fimages%2Fautos%2F298%2F1764865249258.IMG-20251204-WA0212.jpg,https://api-caradvice.duckdns.org/api/image?path=%2Fopt%2Fcaradvice-media%2Fimages%2Fautos%2F298%2F1764865249308.IMG-20251204-WA0204.jpg,https://api-caradvice.duckdns.org/api/image?path=%2Fopt%2Fcaradvice-media%2Fimages%2Fautos%2F298%2F1764865249359.IMG-20251204-WA0197.jpg,https://api-caradvice.duckdns.org/api/image?path=%2Fopt%2Fcaradvice-media%2Fimages%2Fautos%2F298%2F1764865249410.IMG-20251204-WA0199.jpg,https://api-caradvice.duckdns.org/api/image?path=%2Fopt%2Fcaradvice-media%2Fimages%2Fautos%2F298%2F1764865249467.IMG-20251204-WA0202.jpg,https://api-caradvice.duckdns.org/api/image?path=%2Fopt%2Fcaradvice-media%2Fimages%2Fautos%2F298%2F1764865249555.IMG-20251204-WA0203.jpg,https://api-caradvice.duckdns.org/api/image?path=%2Fopt%2Fcaradvice-media%2Fimages%2Fautos%2F298%2F1764865249574.IMG-20251204-WA0205.jpg",TOYOTA,HILUX,2022,97000,KM,DIESEL,AUTOMATIC,PICKUP,Octavio Pinto 3024,Cordoba,Cordoba,5000,AR,-31.4167,-64.1833
300,SUZUKI SWIFT 1.5 5P L07,SUZUKI SWIFT 1.5 5P L07,AVAILABLE,USED,OTHER,17000000 ARS,https://caradvice.com.ar/autos/300,https://api-caradvice.duckdns.org/api/image?path=%2Fopt%2Fcaradvice-media%2Fimages%2Fautos%2F300%2F1764691486211.IMG-20251202-WA0266.jpg,"https://api-caradvice.duckdns.org/api/image?path=%2Fopt%2Fcaradvice-media%2Fimages%2Fautos%2F300%2F1764691486481.Imagen%20de%20WhatsApp%202025-12-02%20a%20las%2013.00.42_1231ead.jpg,https://api-caradvice.duckdns.org/api/image?path=%2Fopt%2Fcaradvice-media%2Fimages%2Fautos%2F300%2F1764691486631.IMG-20251202-WA0267.jpg,https://api-caradvice.duckdns.org/api/image?path=%2Fopt%2Fcaradvice-media%2Fimages%2Fautos%2F300%2F1764691487997.Imagen%20de%20WhatsApp%202025-12-02%20a%20las%2012.55.56_3aa7e63.jpg,https://api-caradvice.duckdns.org/api/image?path=%2Fopt%2Fcaradvice-media%2Fimages%2Fautos%2F300%2F1764691488089.IMG-20251202-WA0270.jpg,https://api-caradvice.duckdns.org/api/image?path=%2Fopt%2Fcaradvice-media%2Fimages%2Fautos%2F300%2F1764691488224.IMG-20251202-WA0281.jpg,https://api-caradvice.duckdns.org/api/image?path=%2Fopt%2Fcaradvice-media%2Fimages%2Fautos%2F300%2F1764691488592.IMG-20251202-WA0269.jpg,https://api-caradvice.duckdns.org/api/image?path=%2Fopt%2Fcaradvice-media%2Fimages%2Fautos%2F300%2F1764691489229.IMG-20251202-WA0271.jpg,https://api-caradvice.duckdns.org/api/image?path=%2Fopt%2Fcaradvice-media%2Fimages%2Fautos%2F300%2F1764691489632.IMG-20251202-WA0273.jpg,https://api-caradvice.duckdns.org/api/image?path=%2Fopt%2Fcaradvice-media%2Fimages%2Fautos%2F300%2F1764691490041.IMG-20251202-WA0272.jpg,https://api-caradvice.duckdns.org/api/image?path=%2Fopt%2Fcaradvice-media%2Fimages%2Fautos%2F300%2F1764691490942.IMG-20251202-WA0275.jpg",SUZUKI,SWIFT,2009,168000,KM,OTHER,MANUAL,SEDAN,Octavio Pinto 3024,Cordoba,Cordoba,5000,AR,-31.4167,-64.1833
301,PEUGEOT 208 1.6 ACTIVE PACK TIPTRONIC L23,PEUGEOT 208 1.6 ACTIVE PACK TIPTRONIC L23,AVAILABLE,USED,OTHER,27000000 ARS,https://caradvice.com.ar/autos/301,https://api-caradvice.duckdns.org/api/image?path=%2Fopt%2Fcaradvice-media%2Fimages%2Fautos%2F301%2F1763476532985.IMG-20251118-WA0124.jpg,"https://api-caradvice.duckdns.org/api/image?path=%2Fopt%2Fcaradvice-media%2Fimages%2Fautos%2F301%2F1763476533227.IMG-20251118-WA0140.jpg,https://api-caradvice.duckdns.org/api/image?path=%2Fopt%2Fcaradvice-media%2Fimages%2Fautos%2F301%2F1763476533837.IMG-20251118-WA0123.jpg,https://api-caradvice.duckdns.org/api/image?path=%2Fopt%2Fcaradvice-media%2Fimages%2Fautos%2F301%2F1763476534577.IMG-20251118-WA0139.jpg,https://api-caradvice.duckdns.org/api/image?path=%2Fopt%2Fcaradvice-media%2Fimages%2Fautos%2F301%2F1763476535039.IMG-20251118-WA0125.jpg,https://api-caradvice.duckdns.org/api/image?path=%2Fopt%2Fcaradvice-media%2Fimages%2Fautos%2F301%2F1763476535413.IMG-20251118-WA0137.jpg,https://api-caradvice.duckdns.org/api/image?path=%2Fopt%2Fcaradvice-media%2Fimages%2Fautos%2F301%2F1763476535708.IMG-20251118-WA0126.jpg,https://api-caradvice.duckdns.org/api/image?path=%2Fopt%2Fcaradvice-media%2Fimages%2Fautos%2F301%2F1763476536237.IMG-20251118-WA0129.jpg,https://api-caradvice.duckdns.org/api/image?path=%2Fopt%2Fcaradvice-media%2Fimages%2Fautos%2F301%2F1763476536598.IMG-20251118-WA0130.jpg,https://api-caradvice.duckdns.org/api/image?path=%2Fopt%2Fcaradvice-media%2Fimages%2Fautos%2F301%2F1763476537084.IMG-20251118-WA0131.jpg,https://api-caradvice.duckdns.org/api/image?path=%2Fopt%2Fcaradvice-media%2Fimages%2Fautos%2F301%2F1763476537218.IMG-20251118-WA0132.jpg",PEUGEOT,208,2023,23000,KM,GASOLINE,AUTOMATIC,HATCHBACK,Octavio Pinto 3024,Cordoba,Cordoba,5000,AR,-31.4167,-64.1833
303,FORD FIESTA 1.6 TITANIUM POWERSHIFT KD 5P L13,FORD FIESTA 1.6 TITANIUM POWERSHIFT KD 5P L13,AVAILABLE,USED,OTHER,18500000 ARS,https://caradvice.com.ar/autos/303,https://api-caradvice.duckdns.org/api/image?path=%2Fopt%2Fcaradvice-media%2Fimages%2Fautos%2F303%2F1765917661136.IMG-20251216-WA0052.jpg,"https://api-caradvice.duckdns.org/api/image?path=%2Fopt%2Fcaradvice-media%2Fimages%2Fautos%2F303%2F1765917661217.IMG-20251216-WA0053.jpg,https://api-caradvice.duckdns.org/api/image?path=%2Fopt%2Fcaradvice-media%2Fimages%2Fautos%2F303%2F1765917661317.IMG-20251216-WA0039.jpg,https://api-caradvice.duckdns.org/api/image?path=%2Fopt%2Fcaradvice-media%2Fimages%2Fautos%2F303%2F1765917661356.IMG-20251216-WA0051.jpg,https://api-caradvice.duckdns.org/api/image?path=%2Fopt%2Fcaradvice-media%2Fimages%2Fautos%2F303%2F1765917661410.IMG-20251216-WA0038.jpg,https://api-caradvice.duckdns.org/api/image?path=%2Fopt%2Fcaradvice-media%2Fimages%2Fautos%2F303%2F1765917661438.IMG-20251216-WA0041.jpg,https://api-caradvice.duckdns.org/api/image?path=%2Fopt%2Fcaradvice-media%2Fimages%2Fautos%2F303%2F1765917661453.IMG-20251216-WA0040.jpg,https://api-caradvice.duckdns.org/api/image?path=%2Fopt%2Fcaradvice-media%2Fimages%2Fautos%2F303%2F1765917661467.IMG-20251216-WA0314.jpg,https://api-caradvice.duckdns.org/api/image?path=%2Fopt%2Fcaradvice-media%2Fimages%2Fautos%2F303%2F1765917661530.IMG-20251216-WA0313.jpg,https://api-caradvice.duckdns.org/api/image?path=%2Fopt%2Fcaradvice-media%2Fimages%2Fautos%2F303%2F1765917661605.IMG-20251216-WA0315.jpg,https://api-caradvice.duckdns.org/api/image?path=%2Fopt%2Fcaradvice-media%2Fimages%2Fautos%2F303%2F1765917661684.IMG-20251216-WA0316.jpg",FORD,FIESTA,2015,131000,KM,GASOLINE,AUTOMATIC,HATCHBACK,Octavio Pinto 3024,Cordoba,Cordoba,5000,AR,-31.4167,-64.1833
304,FORD MAVERICK 2.0 T 4X4 LARIAT AT8 L21,FORD MAVERICK 2.0 T 4X4 LARIAT AT8 L21,AVAILABLE,USED,OTHER,45200000 ARS,https://caradvice.com.ar/autos/304,https://api-caradvice.duckdns.org/api/image?path=%2Fopt%2Fcaradvice-media%2Fimages%2Fautos%2F304%2F1760717953255.IMG-20251017-WA0260.jpg,"https://api-caradvice.duckdns.org/api/image?path=%2Fopt%2Fcaradvice-media%2Fimages%2Fautos%2F304%2F1760717953658.IMG-20251017-WA0267.jpg,https://api-caradvice.duckdns.org/api/image?path=%2Fopt%2Fcaradvice-media%2Fimages%2Fautos%2F304%2F1760717953845.IMG-20251017-WA0262.jpg,https://api-caradvice.duckdns.org/api/image?path=%2Fopt%2Fcaradvice-media%2Fimages%2Fautos%2F304%2F1760717954014.IMG-20251017-WA0261.jpg,https://api-caradvice.duckdns.org/api/image?path=%2Fopt%2Fcaradvice-media%2Fimages%2Fautos%2F304%2F1760717954214.IMG-20251017-WA0259.jpg,https://api-caradvice.duckdns.org/api/image?path=%2Fopt%2Fcaradvice-media%2Fimages%2Fautos%2F304%2F1760717954600.IMG-20251017-WA0266.jpg,https://api-caradvice.duckdns.org/api/image?path=%2Fopt%2Fcaradvice-media%2Fimages%2Fautos%2F304%2F1760717954883.IMG-20251017-WA0263.jpg,https://api-caradvice.duckdns.org/api/image?path=%2Fopt%2Fcaradvice-media%2Fimages%2Fautos%2F304%2F1760717955026.IMG-20251017-WA0264.jpg,https://api-caradvice.duckdns.org/api/image?path=%2Fopt%2Fcaradvice-media%2Fimages%2Fautos%2F304%2F1760717955211.IMG-20251017-WA0268.jpg,https://api-caradvice.duckdns.org/api/image?path=%2Fopt%2Fcaradvice-media%2Fimages%2Fautos%2F304%2F1760717955489.IMG-20251017-WA0269.jpg,https://api-caradvice.duckdns.org/api/image?path=%2Fopt%2Fcaradvice-media%2Fimages%2Fautos%2F304%2F1760717955799.IMG-20251017-WA0265.jpg",FORD,MAVERICK,2022,91100,KM,GASOLINE,AUTOMATIC,PICKUP,Octavio Pinto 3024,Cordoba,Cordoba,5000,AR,-31.4167,-64.1833
305,VOLKSWAGEN SAVEIRO 1.6 AA PS SAFETY L13,VOLKSWAGEN SAVEIRO 1.6 AA PS SAFETY L13,AVAILABLE,USED,OTHER,18000000 ARS,https://caradvice.com.ar/autos/305,https://api-caradvice.duckdns.org/api/image?path=%2Fopt%2Fcaradvice-media%2Fimages%2Fautos%2F305%2F1758656606987.IMG-20250923-WA0043.jpg,"https://api-caradvice.duckdns.org/api/image?path=%2Fopt%2Fcaradvice-media%2Fimages%2Fautos%2F305%2F1758656607124.IMG-20250923-WA0036.jpg,https://api-caradvice.duckdns.org/api/image?path=%2Fopt%2Fcaradvice-media%2Fimages%2Fautos%2F305%2F1758656607216.IMG-20250923-WA0046.jpg,https://api-caradvice.duckdns.org/api/image?path=%2Fopt%2Fcaradvice-media%2Fimages%2Fautos%2F305%2F1758656607329.IMG-20250923-WA0037.jpg,https://api-caradvice.duckdns.org/api/image?path=%2Fopt%2Fcaradvice-media%2Fimages%2Fautos%2F305%2F1758656607425.IMG-20250923-WA0042.jpg,https://api-caradvice.duckdns.org/api/image?path=%2Fopt%2Fcaradvice-media%2Fimages%2Fautos%2F305%2F1758656607525.IMG-20250923-WA0041.jpg,https://api-caradvice.duckdns.org/api/image?path=%2Fopt%2Fcaradvice-media%2Fimages%2Fautos%2F305%2F1758656607618.IMG-20250923-WA0038.jpg,https://api-caradvice.duckdns.org/api/image?path=%2Fopt%2Fcaradvice-media%2Fimages%2Fautos%2F305%2F1758656607771.IMG-20250923-WA0039.jpg,https://api-caradvice.duckdns.org/api/image?path=%2Fopt%2Fcaradvice-media%2Fimages%2Fautos%2F305%2F1758656607874.IMG-20250923-WA0040.jpg,https://api-caradvice.duckdns.org/api/image?path=%2Fopt%2Fcaradvice-media%2Fimages%2Fautos%2F305%2F1758656607971.IMG-20250923-WA0044.jpg,https://api-caradvice.duckdns.org/api/image?path=%2Fopt%2Fcaradvice-media%2Fimages%2Fautos%2F305%2F1758656608000.IMG-20250923-WA0045.jpg",VOLKSWAGEN,SAVEIRO,2015,177000,KM,OTHER,MANUAL,PICKUP,Octavio Pinto 3024,Cordoba,Cordoba,5000,AR,-31.4167,-64.1833
307,VOLKSWAGEN GOL 1.6 TREND 5P L12,VOLKSWAGEN GOL 1.6 TREND 5P L12,AVAILABLE,USED,OTHER,15000000 ARS,https://caradvice.com.ar/autos/307,https://api-caradvice.duckdns.org/api/image?path=%2Fopt%2Fcaradvice-media%2Fimages%2Fautos%2F307%2F1741907926176.e0a36dad-7e24-4b41-a3c5-338b8e0885d1.JPG,"https://api-caradvice.duckdns.org/api/image?path=%2Fopt%2Fcaradvice-media%2Fimages%2Fautos%2F307%2F1741907926213.ada8b25e-2e84-4853-9f06-8fd20eeff411.JPG,https://api-caradvice.duckdns.org/api/image?path=%2Fopt%2Fcaradvice-media%2Fimages%2Fautos%2F307%2F1741907926262.2c764f4b-6ddd-4331-8671-e1b1c3574385.JPG,https://api-caradvice.duckdns.org/api/image?path=%2Fopt%2Fcaradvice-media%2Fimages%2Fautos%2F307%2F1741907926297.e36510a1-5346-4845-9666-c311f1620321.JPG,https://api-caradvice.duckdns.org/api/image?path=%2Fopt%2Fcaradvice-media%2Fimages%2Fautos%2F307%2F1741907926443.599bfe53-44f2-44a8-b8aa-84604b37d7e3.JPG,https://api-caradvice.duckdns.org/api/image?path=%2Fopt%2Fcaradvice-media%2Fimages%2Fautos%2F307%2F1741907926472.c6f30226-0ea1-4863-90ba-35cd92934ad5.JPG,https://api-caradvice.duckdns.org/api/image?path=%2Fopt%2Fcaradvice-media%2Fimages%2Fautos%2F307%2F1741907926496.1dcda75d-9831-4dcd-ba1f-aae9a7ac4852.JPG,https://api-caradvice.duckdns.org/api/image?path=%2Fopt%2Fcaradvice-media%2Fimages%2Fautos%2F307%2F1741907926512.8d356b42-3b78-4cf5-85a2-829ce2fed091.JPG,https://api-caradvice.duckdns.org/api/image?path=%2Fopt%2Fcaradvice-media%2Fimages%2Fautos%2F307%2F1741907926527.39ec9d98-a33e-4b7a-8fbe-adeae4c32cc0.JPG,https://api-caradvice.duckdns.org/api/image?path=%2Fopt%2Fcaradvice-media%2Fimages%2Fautos%2F307%2F1741907926555.713b173b-95b8-4bf6-84b8-a4ba1d763f4e.JPG,https://api-caradvice.duckdns.org/api/image?path=%2Fopt%2Fcaradvice-media%2Fimages%2Fautos%2F307%2F1741907926582.1543e5fa-b45a-4c18-afcc-5020835aeee8.JPG",VOLKSWAGEN,GOL,2015,158000,KM,GASOLINE,MANUAL,HATCHBACK,Octavio Pinto 3024,Cordoba,Cordoba,5000,AR,-31.4167,-64.1833
308,RENAULT KARDIAN 1.0 T ICONIC EDC L25,RENAULT KARDIAN 1.0 T ICONIC EDC L25,AVAILABLE,USED,OTHER,40500000 ARS,https://caradvice.com.ar/autos/308,https://api-caradvice.duckdns.org/api/image?path=%2Fopt%2Fcaradvice-media%2Fimages%2Fautos%2F308%2F1765286189773.IMG-20251209-WA0112.jpg,"https://api-caradvice.duckdns.org/api/image?path=%2Fopt%2Fcaradvice-media%2Fimages%2Fautos%2F308%2F1765286189943.IMG-20251209-WA0097.jpg,https://api-caradvice.duckdns.org/api/image?path=%2Fopt%2Fcaradvice-media%2Fimages%2Fautos%2F308%2F1765286190074.IMG-20251209-WA0113.jpg,https://api-caradvice.duckdns.org/api/image?path=%2Fopt%2Fcaradvice-media%2Fimages%2Fautos%2F308%2F1765286190182.IMG-20251209-WA0095.jpg,https://api-caradvice.duckdns.org/api/image?path=%2Fopt%2Fcaradvice-media%2Fimages%2Fautos%2F308%2F1765286190281.IMG-20251209-WA0110.jpg,https://api-caradvice.duckdns.org/api/image?path=%2Fopt%2Fcaradvice-media%2Fimages%2Fautos%2F308%2F1765286190425.IMG-20251209-WA0107.jpg,https://api-caradvice.duckdns.org/api/image?path=%2Fopt%2Fcaradvice-media%2Fimages%2Fautos%2F308%2F1765286190482.IMG-20251209-WA0096.jpg,https://api-caradvice.duckdns.org/api/image?path=%2Fopt%2Fcaradvice-media%2Fimages%2Fautos%2F308%2F1765286190769.IMG-20251209-WA0098.jpg,https://api-caradvice.duckdns.org/api/image?path=%2Fopt%2Fcaradvice-media%2Fimages%2Fautos%2F308%2F1765286190985.IMG-20251209-WA0101.jpg,https://api-caradvice.duckdns.org/api/image?path=%2Fopt%2Fcaradvice-media%2Fimages%2Fautos%2F308%2F1765286191102.IMG-20251209-WA0102.jpg,https://api-caradvice.duckdns.org/api/image?path=%2Fopt%2Fcaradvice-media%2Fimages%2Fautos%2F308%2F1765286191189.IMG-20251209-WA0103.jpg",RENAULT,KARDIAN,2025,1000,KM,GASOLINE,AUTOMATIC,SUV,Octavio Pinto 3024,Cordoba,Cordoba,5000,AR,-31.4167,-64.1833
309,TOYOTA HILUX 2.8 TDI 4X4 SRV AT6,TOYOTA HILUX 2.8 TDI 4X4 SRV AT6,AVAILABLE,USED,OTHER,46000 USD,https://caradvice.com.ar/autos/309,https://api-caradvice.duckdns.org/api/image?path=%2Fopt%2Fcaradvice-media%2Fimages%2Fautos%2F309%2F1760038555979.IMG-20251009-WA0358.jpg,"https://api-caradvice.duckdns.org/api/image?path=%2Fopt%2Fcaradvice-media%2Fimages%2Fautos%2F309%2F1760038561407.IMG-20251009-WA0356.jpg,https://api-caradvice.duckdns.org/api/image?path=%2Fopt%2Fcaradvice-media%2Fimages%2Fautos%2F309%2F1760038562635.IMG-20251009-WA0355.jpg,https://api-caradvice.duckdns.org/api/image?path=%2Fopt%2Fcaradvice-media%2Fimages%2Fautos%2F309%2F1760038563084.IMG-20251009-WA0361.jpg,https://api-caradvice.duckdns.org/api/image?path=%2Fopt%2Fcaradvice-media%2Fimages%2Fautos%2F309%2F1760038563706.IMG-20251009-WA0353.jpg,https://api-caradvice.duckdns.org/api/image?path=%2Fopt%2Fcaradvice-media%2Fimages%2Fautos%2F309%2F1760038566138.IMG-20251009-WA0357.jpg,https://api-caradvice.duckdns.org/api/image?path=%2Fopt%2Fcaradvice-media%2Fimages%2Fautos%2F309%2F1760038567348.IMG-20251009-WA0371.jpg,https://api-caradvice.duckdns.org/api/image?path=%2Fopt%2Fcaradvice-media%2Fimages%2Fautos%2F309%2F1760038567538.IMG-20251009-WA0372.jpg,https://api-caradvice.duckdns.org/api/image?path=%2Fopt%2Fcaradvice-media%2Fimages%2Fautos%2F309%2F1760038567815.IMG-20251009-WA0366.jpg,https://api-caradvice.duckdns.org/api/image?path=%2Fopt%2Fcaradvice-media%2Fimages%2Fautos%2F309%2F1760038567883.IMG-20251009-WA0368.jpg,https://api-caradvice.duckdns.org/api/image?path=%2Fopt%2Fcaradvice-media%2Fimages%2Fautos%2F309%2F1760038567982.IMG-20251009-WA0370.jpg",TOYOTA,HILUX,2022,75900,KM,DIESEL,AUTOMATIC,PICKUP,Octavio Pinto 3024,Cordoba,Cordoba,5000,AR,-31.4167,-64.1833
310,PEUGEOT 408 1.6 ALLURE PACK,PEUGEOT 408 1.6 ALLURE PACK,AVAILABLE,USED,OTHER,20500000 ARS,https://caradvice.com.ar/autos/310,https://api-caradvice.duckdns.org/api/image?path=%2Fopt%2Fcaradvice-media%2Fimages%2Fautos%2F310%2F1750816811306.5e1523b2-94de-4abe-9fbd-30d8df7e0909.JPG,"https://api-caradvice.duckdns.org/api/image?path=%2Fopt%2Fcaradvice-media%2Fimages%2Fautos%2F310%2F1750816811356.a75fc6c0-318a-429c-aff0-2a58c8cfc02c.JPG,https://api-caradvice.duckdns.org/api/image?path=%2Fopt%2Fcaradvice-media%2Fimages%2Fautos%2F310%2F1750816811398.9258290b-0af6-4a6a-9a4d-282e2a84d66a.JPG,https://api-caradvice.duckdns.org/api/image?path=%2Fopt%2Fcaradvice-media%2Fimages%2Fautos%2F310%2F1750816811488.ea65635c-05f1-4b01-bb65-ace7b6ac5ec0.JPG,https://api-caradvice.duckdns.org/api/image?path=%2Fopt%2Fcaradvice-media%2Fimages%2Fautos%2F310%2F1750816811533.ea4c7a46-982d-4828-918b-7e84629d5a3a.JPG,https://api-caradvice.duckdns.org/api/image?path=%2Fopt%2Fcaradvice-media%2Fimages%2Fautos%2F310%2F1750816811563.4f46bc68-3103-46d0-ae51-b27bd0762948.JPG,https://api-caradvice.duckdns.org/api/image?path=%2Fopt%2Fcaradvice-media%2Fimages%2Fautos%2F310%2F1750816811586.1fce6729-3ed1-4989-a382-858950a4c2fb.JPG,https://api-caradvice.duckdns.org/api/image?path=%2Fopt%2Fcaradvice-media%2Fimages%2Fautos%2F310%2F1750816811652.36a1275a-9fcd-49f2-a436-0543f7126e4c.JPG,https://api-caradvice.duckdns.org/api/image?path=%2Fopt%2Fcaradvice-media%2Fimages%2Fautos%2F310%2F1750816811676.92da3c11-b2f4-4341-9c0e-9ee58ed0fa00.JPG,https://api-caradvice.duckdns.org/api/image?path=%2Fopt%2Fcaradvice-media%2Fimages%2Fautos%2F310%2F1750816811712.34209dfb-f067-45e5-8f41-661efd2ffb50.JPG,https://api-caradvice.duckdns.org/api/image?path=%2Fopt%2Fcaradvice-media%2Fimages%2Fautos%2F310%2F1750816811740.1641770a-6134-479e-b037-83ea7847951a.JPG",PEUGEOT,408,2019,114000,KM,GASOLINE,MANUAL,SEDAN,Octavio Pinto 3024,Cordoba,Cordoba,5000,AR,-31.4167,-64.1833
311,PEUGEOT 308 1.6 THP CC L09,PEUGEOT 308 1.6 THP CC L09,AVAILABLE,USED,OTHER,27000000 ARS,https://caradvice.com.ar/autos/311,https://api-caradvice.duckdns.org/api/image?path=%2Fopt%2Fcaradvice-media%2Fimages%2Fautos%2F311%2F1761937986545.IMG-20251031-WA0311.jpg,"https://api-caradvice.duckdns.org/api/image?path=%2Fopt%2Fcaradvice-media%2Fimages%2Fautos%2F311%2F1761937987020.IMG-20251031-WA0314.jpg,https://api-caradvice.duckdns.org/api/image?path=%2Fopt%2Fcaradvice-media%2Fimages%2Fautos%2F311%2F1761937987156.IMG-20251031-WA0312.jpg,https://api-caradvice.duckdns.org/api/image?path=%2Fopt%2Fcaradvice-media%2Fimages%2Fautos%2F311%2F1761937987273.IMG-20251031-WA0313.jpg,https://api-caradvice.duckdns.org/api/image?path=%2Fopt%2Fcaradvice-media%2Fimages%2Fautos%2F311%2F1761937987400.IMG-20251031-WA0308.jpg,https://api-caradvice.duckdns.org/api/image?path=%2Fopt%2Fcaradvice-media%2Fimages%2Fautos%2F311%2F1761937987494.IMG-20251031-WA0310.jpg,https://api-caradvice.duckdns.org/api/image?path=%2Fopt%2Fcaradvice-media%2Fimages%2Fautos%2F311%2F1761937987592.IMG-20251031-WA0315.jpg,https://api-caradvice.duckdns.org/api/image?path=%2Fopt%2Fcaradvice-media%2Fimages%2Fautos%2F311%2F1761937987689.IMG-20251031-WA0316.jpg,https://api-caradvice.duckdns.org/api/image?path=%2Fopt%2Fcaradvice-media%2Fimages%2Fautos%2F311%2F1761937987751.IMG-20251031-WA0317.jpg,https://api-caradvice.duckdns.org/api/image?path=%2Fopt%2Fcaradvice-media%2Fimages%2Fautos%2F311%2F1761937987847.IMG-20251031-WA0318.jpg,https://api-caradvice.duckdns.org/api/image?path=%2Fopt%2Fcaradvice-media%2Fimages%2Fautos%2F311%2F1761937987892.IMG-20251031-WA0319.jpg",PEUGEOT,308,2014,95000,KM,GASOLINE,MANUAL,SPORTSCAR,Octavio Pinto 3024,Cordoba,Cordoba,5000,AR,-31.4167,-64.1833
312,FORD FIESTA 1.6 SE KD 5P L14,FORD FIESTA 1.6 SE KD 5P L14,AVAILABLE,USED,OTHER,17000000 ARS,https://caradvice.com.ar/autos/312,https://api-caradvice.duckdns.org/api/image?path=%2Fopt%2Fcaradvice-media%2Fimages%2Fautos%2F312%2F1745792897474.1b142531-0cda-4cfe-964f-ea22a07715a9.JPG,"https://api-caradvice.duckdns.org/api/image?path=%2Fopt%2Fcaradvice-media%2Fimages%2Fautos%2F312%2F1745792897809.e665e895-c0a7-4716-9246-5efdfee79463.JPG,https://api-caradvice.duckdns.org/api/image?path=%2Fopt%2Fcaradvice-media%2Fimages%2Fautos%2F312%2F1745792897979.2aff9b18-543d-4685-91f8-ea70d028512d.JPG,https://api-caradvice.duckdns.org/api/image?path=%2Fopt%2Fcaradvice-media%2Fimages%2Fautos%2F312%2F1745792898054.c25072ab-412f-4b4a-a8e1-9183a15508d5.JPG,https://api-caradvice.duckdns.org/api/image?path=%2Fopt%2Fcaradvice-media%2Fimages%2Fautos%2F312%2F1745792898163.8e866bfa-8d00-446b-b947-4e337c92f331.JPG,https://api-caradvice.duckdns.org/api/image?path=%2Fopt%2Fcaradvice-media%2Fimages%2Fautos%2F312%2F1745792898213.0975f0da-2902-4e39-979f-7251d6a38950.JPG,https://api-caradvice.duckdns.org/api/image?path=%2Fopt%2Fcaradvice-media%2Fimages%2Fautos%2F312%2F1745792898265.4b68be6d-f6dc-45fc-be96-dfbe11f2f99d.JPG,https://api-caradvice.duckdns.org/api/image?path=%2Fopt%2Fcaradvice-media%2Fimages%2Fautos%2F312%2F1745792898324.8b6a21f2-87fb-467b-92ce-56c6a1dfb087.JPG,https://api-caradvice.duckdns.org/api/image?path=%2Fopt%2Fcaradvice-media%2Fimages%2Fautos%2F312%2F1745792898386.35a8f46f-a779-4183-80ce-1edd4c200612.JPG,https://api-caradvice.duckdns.org/api/image?path=%2Fopt%2Fcaradvice-media%2Fimages%2Fautos%2F312%2F1745792898410.41be65cb-00ab-420b-bc57-b5d12f986421.JPG,https://api-caradvice.duckdns.org/api/image?path=%2Fopt%2Fcaradvice-media%2Fimages%2Fautos%2F312%2F1745792898464.69c96f97-eab8-47f6-8b13-601a19f78ed9.JPG",FORD,FIESTA,2016,142000,KM,OTHER,MANUAL,HATCHBACK,Octavio Pinto 3024,Cordoba,Cordoba,5000,AR,-31.4167,-64.1833
313,RENAULT STEPWAY 1.6 INTENS L19,RENAULT STEPWAY 1.6 INTENS L19,AVAILABLE,USED,OTHER,24000000 ARS,https://caradvice.com.ar/autos/313,https://api-caradvice.duckdns.org/api/image?path=%2Fopt%2Fcaradvice-media%2Fimages%2Fautos%2F313%2F1758037643117.IMG-20250916-WA0130.jpg,"https://api-caradvice.duckdns.org/api/image?path=%2Fopt%2Fcaradvice-media%2Fimages%2Fautos%2F313%2F1758037643454.IMG-20250916-WA0122.jpg,https://api-caradvice.duckdns.org/api/image?path=%2Fopt%2Fcaradvice-media%2Fimages%2Fautos%2F313%2F1758037644675.IMG-20250916-WA0129.jpg,https://api-caradvice.duckdns.org/api/image?path=%2Fopt%2Fcaradvice-media%2Fimages%2Fautos%2F313%2F1758037645717.IMG-20250916-WA0133.jpg,https://api-caradvice.duckdns.org/api/image?path=%2Fopt%2Fcaradvice-media%2Fimages%2Fautos%2F313%2F1758037647530.IMG-20250916-WA0121.jpg,https://api-caradvice.duckdns.org/api/image?path=%2Fopt%2Fcaradvice-media%2Fimages%2Fautos%2F313%2F1758037648955.IMG-20250916-WA0120.jpg,https://api-caradvice.duckdns.org/api/image?path=%2Fopt%2Fcaradvice-media%2Fimages%2Fautos%2F313%2F1758037650021.IMG-20250916-WA0117.jpg,https://api-caradvice.duckdns.org/api/image?path=%2Fopt%2Fcaradvice-media%2Fimages%2Fautos%2F313%2F1758037651851.IMG-20250916-WA0123.jpg,https://api-caradvice.duckdns.org/api/image?path=%2Fopt%2Fcaradvice-media%2Fimages%2Fautos%2F313%2F1758037655595.IMG-20250916-WA0124.jpg,https://api-caradvice.duckdns.org/api/image?path=%2Fopt%2Fcaradvice-media%2Fimages%2Fautos%2F313%2F1758037657485.IMG-20250916-WA0125.jpg,https://api-caradvice.duckdns.org/api/image?path=%2Fopt%2Fcaradvice-media%2Fimages%2Fautos%2F313%2F1758037659748.IMG-20250916-WA0126.jpg",RENAULT,STEPWAY,2021,60000,KM,GASOLINE,MANUAL,HATCHBACK,Octavio Pinto 3024,Cordoba,Cordoba,5000,AR,-31.4167,-64.1833
315,FORD KA 1.5 S PLUS 4P L17,FORD KA 1.5 S PLUS 4P L17,AVAILABLE,USED,OTHER,15000000 ARS,https://caradvice.com.ar/autos/315,https://api-caradvice.duckdns.org/api/image?path=%2Fopt%2Fcaradvice-media%2Fimages%2Fautos%2F315%2F1761943339604.IMG-20251031-WA0360.jpg,"https://api-caradvice.duckdns.org/api/image?path=%2Fopt%2Fcaradvice-media%2Fimages%2Fautos%2F315%2F1761943339631.IMG-20251031-WA0362.jpg,https://api-caradvice.duckdns.org/api/image?path=%2Fopt%2Fcaradvice-media%2Fimages%2Fautos%2F315%2F1761943339633.IMG-20251031-WA0361.jpg,https://api-caradvice.duckdns.org/api/image?path=%2Fopt%2Fcaradvice-media%2Fimages%2Fautos%2F315%2F1761943339674.IMG-20251031-WA0363.jpg,https://api-caradvice.duckdns.org/api/image?path=%2Fopt%2Fcaradvice-media%2Fimages%2Fautos%2F315%2F1761943339718.IMG-20251031-WA0359.jpg,https://api-caradvice.duckdns.org/api/image?path=%2Fopt%2Fcaradvice-media%2Fimages%2Fautos%2F315%2F1761943339757.IMG-20251031-WA0365.jpg,https://api-caradvice.duckdns.org/api/image?path=%2Fopt%2Fcaradvice-media%2Fimages%2Fautos%2F315%2F1761943339820.IMG-20251031-WA0364.jpg,https://api-caradvice.duckdns.org/api/image?path=%2Fopt%2Fcaradvice-media%2Fimages%2Fautos%2F315%2F1761943339858.IMG-20251031-WA0367.jpg,https://api-caradvice.duckdns.org/api/image?path=%2Fopt%2Fcaradvice-media%2Fimages%2Fautos%2F315%2F1761943339873.IMG-20251031-WA0366.jpg,https://api-caradvice.duckdns.org/api/image?path=%2Fopt%2Fcaradvice-media%2Fimages%2Fautos%2F315%2F1761943339923.IMG-20251031-WA0368.jpg,https://api-caradvice.duckdns.org/api/image?path=%2Fopt%2Fcaradvice-media%2Fimages%2Fautos%2F315%2F1761943339949.IMG-20251031-WA0369.jpg",FORD,KA,2017,85000,KM,GASOLINE,MANUAL,SEDAN,Octavio Pinto 3024,Cordoba,Cordoba,5000,AR,-31.4167,-64.1833
316,VOLKSWAGEN FOX 1.6 HIGHLINE 3P L10,VOLKSWAGEN FOX 1.6 HIGHLINE 3P L10,AVAILABLE,USED,OTHER,16000000 ARS,https://caradvice.com.ar/autos/316,https://api-caradvice.duckdns.org/api/image?path=%2Fopt%2Fcaradvice-media%2Fimages%2Fautos%2F316%2F1752551239310.683d699d-b343-4b63-9f36-9f37e0233edf.jpeg,"https://api-caradvice.duckdns.org/api/image?path=%2Fopt%2Fcaradvice-media%2Fimages%2Fautos%2F316%2F1752551239687.2d8e8890-91a4-45fc-a51b-b8538be01e6a.jpeg,https://api-caradvice.duckdns.org/api/image?path=%2Fopt%2Fcaradvice-media%2Fimages%2Fautos%2F316%2F1752551239876.357afe19-e156-459c-88bb-1a1a42f159f0.jpeg,https://api-caradvice.duckdns.org/api/image?path=%2Fopt%2Fcaradvice-media%2Fimages%2Fautos%2F316%2F1752551239997.259ac8a7-262e-4082-9165-91744c1660e5.jpeg,https://api-caradvice.duckdns.org/api/image?path=%2Fopt%2Fcaradvice-media%2Fimages%2Fautos%2F316%2F1752551240081.c7a01b32-813b-4de4-8867-ca97126ab034.jpeg,https://api-caradvice.duckdns.org/api/image?path=%2Fopt%2Fcaradvice-media%2Fimages%2Fautos%2F316%2F1752551240146.11350b9c-95fe-42fd-8e52-c847ecbd9749.jpeg,https://api-caradvice.duckdns.org/api/image?path=%2Fopt%2Fcaradvice-media%2Fimages%2Fautos%2F316%2F1752551240195.47c4c27c-3de0-4574-8289-8ee211b2aa38.jpeg,https://api-caradvice.duckdns.org/api/image?path=%2Fopt%2Fcaradvice-media%2Fimages%2Fautos%2F316%2F1752551240255.45dfa9ae-7d00-495a-9671-81c0c48c21c6.jpeg,https://api-caradvice.duckdns.org/api/image?path=%2Fopt%2Fcaradvice-media%2Fimages%2Fautos%2F316%2F1752551240287.ccd5a175-2e63-4b00-a29b-fd9d65f4c3f1.jpeg,https://api-caradvice.duckdns.org/api/image?path=%2Fopt%2Fcaradvice-media%2Fimages%2Fautos%2F316%2F1752551240320.56a56ca0-e5e7-4f23-9463-3e59a9a244bf.jpeg,https://api-caradvice.duckdns.org/api/image?path=%2Fopt%2Fcaradvice-media%2Fimages%2Fautos%2F316%2F1752551240333.87fc82ce-d1cc-489b-aaca-530b0ab4960e.jpeg",VOLKSWAGEN,FOX,2014,147000,KM,OTHER,MANUAL,HATCHBACK,Octavio Pinto 3024,Cordoba,Cordoba,5000,AR,-31.4167,-64.1833
317,VOLKSWAGEN POLO 1.0 170 TSI HIGHLINE TIPTRONIC,VOLKSWAGEN POLO 1.0 170 TSI HIGHLINE TIPTRONIC,AVAILABLE,USED,OTHER,34200000 ARS,https://caradvice.com.ar/autos/317,https://api-caradvice.duckdns.org/api/image?path=%2Fopt%2Fcaradvice-media%2Fimages%2Fautos%2F317%2F1736175998443.PHOTO-2025-01-06-12-05-35%208.jpg,"https://api-caradvice.duckdns.org/api/image?path=%2Fopt%2Fcaradvice-media%2Fimages%2Fautos%2F317%2F1736175998548.PHOTO-2025-01-06-12-05-35%203.jpg,https://api-caradvice.duckdns.org/api/image?path=%2Fopt%2Fcaradvice-media%2Fimages%2Fautos%2F317%2F1736175998636.PHOTO-2025-01-06-12-05-35%206.jpg,https://api-caradvice.duckdns.org/api/image?path=%2Fopt%2Fcaradvice-media%2Fimages%2Fautos%2F317%2F1736175998695.PHOTO-2025-01-06-12-05-35%207.jpg,https://api-caradvice.duckdns.org/api/image?path=%2Fopt%2Fcaradvice-media%2Fimages%2Fautos%2F317%2F1736175998748.PHOTO-2025-01-06-12-05-35.jpg,https://api-caradvice.duckdns.org/api/image?path=%2Fopt%2Fcaradvice-media%2Fimages%2Fautos%2F317%2F1736175998784.PHOTO-2025-01-06-12-05-35%2015.jpg,https://api-caradvice.duckdns.org/api/image?path=%2Fopt%2Fcaradvice-media%2Fimages%2Fautos%2F317%2F1736175998818.PHOTO-2025-01-06-12-05-35%204.jpg,https://api-caradvice.duckdns.org/api/image?path=%2Fopt%2Fcaradvice-media%2Fimages%2Fautos%2F317%2F1736175998836.PHOTO-2025-01-06-12-05-35%205.jpg,https://api-caradvice.duckdns.org/api/image?path=%2Fopt%2Fcaradvice-media%2Fimages%2Fautos%2F317%2F1736175998861.PHOTO-2025-01-06-12-05-35%209.jpg,https://api-caradvice.duckdns.org/api/image?path=%2Fopt%2Fcaradvice-media%2Fimages%2Fautos%2F317%2F1736175998879.PHOTO-2025-01-06-12-05-35%2010.jpg,https://api-caradvice.duckdns.org/api/image?path=%2Fopt%2Fcaradvice-media%2Fimages%2Fautos%2F317%2F1736175998907.PHOTO-2025-01-06-12-05-35%2011.jpg",VOLKSWAGEN,POLO,2024,0,KM,GASOLINE,AUTOMATIC,HATCHBACK,Octavio Pinto 3024,Cordoba,Cordoba,5000,AR,-31.4167,-64.1833
320,HONDA CRV 2.4 4X4 EXL AT L07,HONDA CRV 2.4 4X4 EXL AT L07,AVAILABLE,USED,OTHER,14900 USD,https://caradvice.com.ar/autos/320,https://api-caradvice.duckdns.org/api/image?path=%2Fopt%2Fcaradvice-media%2Fimages%2Fautos%2F320%2F1764184068529.IMG-20251126-WA0239.jpg,"https://api-caradvice.duckdns.org/api/image?path=%2Fopt%2Fcaradvice-media%2Fimages%2Fautos%2F320%2F1764184068979.IMG-20251126-WA0240.jpg,https://api-caradvice.duckdns.org/api/image?path=%2Fopt%2Fcaradvice-media%2Fimages%2Fautos%2F320%2F1764184069263.IMG-20251126-WA0237.jpg,https://api-caradvice.duckdns.org/api/image?path=%2Fopt%2Fcaradvice-media%2Fimages%2Fautos%2F320%2F1764184069484.IMG-20251126-WA0236.jpg,https://api-caradvice.duckdns.org/api/image?path=%2Fopt%2Fcaradvice-media%2Fimages%2Fautos%2F320%2F1764184069702.IMG-20251126-WA0238.jpg,https://api-caradvice.duckdns.org/api/image?path=%2Fopt%2Fcaradvice-media%2Fimages%2Fautos%2F320%2F1764184069921.IMG-20251126-WA0244.jpg,https://api-caradvice.duckdns.org/api/image?path=%2Fopt%2Fcaradvice-media%2Fimages%2Fautos%2F320%2F1764184069996.IMG-20251126-WA0246.jpg,https://api-caradvice.duckdns.org/api/image?path=%2Fopt%2Fcaradvice-media%2Fimages%2Fautos%2F320%2F1764184070279.IMG-20251126-WA0247.jpg,https://api-caradvice.duckdns.org/api/image?path=%2Fopt%2Fcaradvice-media%2Fimages%2Fautos%2F320%2F1764184070409.IMG-20251126-WA0242.jpg,https://api-caradvice.duckdns.org/api/image?path=%2Fopt%2Fcaradvice-media%2Fimages%2Fautos%2F320%2F1764184070588.IMG-20251126-WA0243.jpg,https://api-caradvice.duckdns.org/api/image?path=%2Fopt%2Fcaradvice-media%2Fimages%2Fautos%2F320%2F1764184070739.IMG-20251126-WA0245.jpg",HONDA,CRV,2010,270000,KM,GASOLINE,AUTOMATIC,SUV,Octavio Pinto 3024,Cordoba,Cordoba,5000,AR,-31.4167,-64.1833
321,FORD FIESTA 1.6 SE KD 5P L14,FORD FIESTA 1.6 SE KD 5P L14,AVAILABLE,USED,OTHER,18700000 ARS,https://caradvice.com.ar/autos/321,https://api-caradvice.duckdns.org/api/image?path=%2Fopt%2Fcaradvice-media%2Fimages%2Fautos%2F321%2F1763415230356.IMG-20251117-WA0564.jpg,"https://api-caradvice.duckdns.org/api/image?path=%2Fopt%2Fcaradvice-media%2Fimages%2Fautos%2F321%2F1763415230396.IMG-20251117-WA0562.jpg,https://api-caradvice.duckdns.org/api/image?path=%2Fopt%2Fcaradvice-media%2Fimages%2Fautos%2F321%2F1763415230420.IMG-20251117-WA0556.jpg,https://api-caradvice.duckdns.org/api/image?path=%2Fopt%2Fcaradvice-media%2Fimages%2Fautos%2F321%2F1763415230487.IMG-20251117-WA0559.jpg,https://api-caradvice.duckdns.org/api/image?path=%2Fopt%2Fcaradvice-media%2Fimages%2Fautos%2F321%2F1763415230548.IMG-20251117-WA0557.jpg,https://api-caradvice.duckdns.org/api/image?path=%2Fopt%2Fcaradvice-media%2Fimages%2Fautos%2F321%2F1763415230587.IMG-20251117-WA0561.jpg,https://api-caradvice.duckdns.org/api/image?path=%2Fopt%2Fcaradvice-media%2Fimages%2Fautos%2F321%2F1763415230632.IMG-20251117-WA0560.jpg,https://api-caradvice.duckdns.org/api/image?path=%2Fopt%2Fcaradvice-media%2Fimages%2Fautos%2F321%2F1763415230676.IMG-20251117-WA0558.jpg,https://api-caradvice.duckdns.org/api/image?path=%2Fopt%2Fcaradvice-media%2Fimages%2Fautos%2F321%2F1763415230724.IMG-20251117-WA0563.jpg,https://api-caradvice.duckdns.org/api/image?path=%2Fopt%2Fcaradvice-media%2Fimages%2Fautos%2F321%2F1763415230761.IMG-20251117-WA0565.jpg,https://api-caradvice.duckdns.org/api/image?path=%2Fopt%2Fcaradvice-media%2Fimages%2Fautos%2F321%2F1763415230817.IMG-20251117-WA0566.jpg",FORD,FIESTA,2017,169200,KM,OTHER,MANUAL,HATCHBACK,Octavio Pinto 3024,Cordoba,Cordoba,5000,AR,-31.4167,-64.1833
323,HONDA ZR-V 2.0 16V 157 CV CVT,HONDA ZR-V 2.0 16V 157 CV CVT,AVAILABLE,USED,OTHER,44900 USD,https://caradvice.com.ar/autos/323,https://api-caradvice.duckdns.org/api/image?path=%2Fopt%2Fcaradvice-media%2Fimages%2Fautos%2F323%2F1753401743893.c690b4af-8e98-43c6-84eb-5a886659d775.JPG,"https://api-caradvice.duckdns.org/api/image?path=%2Fopt%2Fcaradvice-media%2Fimages%2Fautos%2F323%2F1753401744316.a5ec3628-8be1-42f0-8ea6-e1c10c6264f2.JPG,https://api-caradvice.duckdns.org/api/image?path=%2Fopt%2Fcaradvice-media%2Fimages%2Fautos%2F323%2F1753401744907.ab12e424-329c-4b45-a526-dcb7c6f2bbac.JPG,https://api-caradvice.duckdns.org/api/image?path=%2Fopt%2Fcaradvice-media%2Fimages%2Fautos%2F323%2F1753401745347.8e2b6971-0e06-4537-a586-f23244ca7795.JPG,https://api-caradvice.duckdns.org/api/image?path=%2Fopt%2Fcaradvice-media%2Fimages%2Fautos%2F323%2F1753401746391.d0a2b4a5-1bf2-4909-a893-a75d594b15a2.JPG,https://api-caradvice.duckdns.org/api/image?path=%2Fopt%2Fcaradvice-media%2Fimages%2Fautos%2F323%2F1753401746773.23689edd-a543-41bb-859c-83e835b761b3.JPG,https://api-caradvice.duckdns.org/api/image?path=%2Fopt%2Fcaradvice-media%2Fimages%2Fautos%2F323%2F1753401747012.6a73da7a-911c-40c9-bf28-7ae2a465ca6f.JPG,https://api-caradvice.duckdns.org/api/image?path=%2Fopt%2Fcaradvice-media%2Fimages%2Fautos%2F323%2F1753401747204.61a74529-8112-4153-96fa-02572051cadf.JPG,https://api-caradvice.duckdns.org/api/image?path=%2Fopt%2Fcaradvice-media%2Fimages%2Fautos%2F323%2F1753401747267.80b0d65e-5aaf-4777-90d4-8259e8eadc91.JPG,https://api-caradvice.duckdns.org/api/image?path=%2Fopt%2Fcaradvice-media%2Fimages%2Fautos%2F323%2F1753401747446.91aa1a80-8f19-4c80-b6dc-027534d5107b.JPG,https://api-caradvice.duckdns.org/api/image?path=%2Fopt%2Fcaradvice-media%2Fimages%2Fautos%2F323%2F1753401747703.99dd5001-d4eb-4e28-9c5c-476303705c5a.JPG",HONDA,ZR-V,2025,0,KM,GASOLINE,AUTOMATIC,SUV,Octavio Pinto 3024,Cordoba,Cordoba,5000,AR,-31.4167,-64.1833
324,HYUNDAI TUCSON 2.0 4X4 PREMIUM AT L16,HYUNDAI TUCSON 2.0 4X4 PREMIUM AT L16,AVAILABLE,USED,OTHER,23900 USD,https://caradvice.com.ar/autos/324,https://api-caradvice.duckdns.org/api/image?path=%2Fopt%2Fcaradvice-media%2Fimages%2Fautos%2F324%2F1759934666821.IMG-20250919-WA0286.jpg,"https://api-caradvice.duckdns.org/api/image?path=%2Fopt%2Fcaradvice-media%2Fimages%2Fautos%2F324%2F1759934666869.IMG-20250919-WA0273.jpg,https://api-caradvice.duckdns.org/api/image?path=%2Fopt%2Fcaradvice-media%2Fimages%2Fautos%2F324%2F1759934666901.IMG-20250919-WA0287.jpg,https://api-caradvice.duckdns.org/api/image?path=%2Fopt%2Fcaradvice-media%2Fimages%2Fautos%2F324%2F1759934666999.IMG-20250919-WA0274.jpg,https://api-caradvice.duckdns.org/api/image?path=%2Fopt%2Fcaradvice-media%2Fimages%2Fautos%2F324%2F1759934667036.IMG-20250919-WA0285.jpg,https://api-caradvice.duckdns.org/api/image?path=%2Fopt%2Fcaradvice-media%2Fimages%2Fautos%2F324%2F1759934667063.IMG-20250919-WA0275.jpg,https://api-caradvice.duckdns.org/api/image?path=%2Fopt%2Fcaradvice-media%2Fimages%2Fautos%2F324%2F1759934667091.IMG-20250919-WA0282.jpg,https://api-caradvice.duckdns.org/api/image?path=%2Fopt%2Fcaradvice-media%2Fimages%2Fautos%2F324%2F1759934667156.IMG-20250919-WA0281.jpg,https://api-caradvice.duckdns.org/api/image?path=%2Fopt%2Fcaradvice-media%2Fimages%2Fautos%2F324%2F1759934667207.IMG-20250919-WA0279.jpg,https://api-caradvice.duckdns.org/api/image?path=%2Fopt%2Fcaradvice-media%2Fimages%2Fautos%2F324%2F1759934667252.IMG-20250919-WA0276.jpg,https://api-caradvice.duckdns.org/api/image?path=%2Fopt%2Fcaradvice-media%2Fimages%2Fautos%2F324%2F1759934667297.IMG-20250919-WA0277.jpg",HYUNDAI,TUCSON,2016,160000,KM,GASOLINE,AUTOMATIC,SUV,Octavio Pinto 3024,Cordoba,Cordoba,5000,AR,-31.4167,-64.1833
325,FIAT 500 1.4 SPORT MEX L11,FIAT 500 1.4 SPORT MEX L11,AVAILABLE,USED,OTHER,18000000 ARS,https://caradvice.com.ar/autos/325,https://api-caradvice.duckdns.org/api/image?path=%2Fopt%2Fcaradvice-media%2Fimages%2Fautos%2F325%2F1759852179021.IMG-20251007-WA0165.jpg,"https://api-caradvice.duckdns.org/api/image?path=%2Fopt%2Fcaradvice-media%2Fimages%2Fautos%2F325%2F1759852179051.IMG-20251007-WA0170.jpg,https://api-caradvice.duckdns.org/api/image?path=%2Fopt%2Fcaradvice-media%2Fimages%2Fautos%2F325%2F1759852179185.IMG-20251007-WA0164.jpg,https://api-caradvice.duckdns.org/api/image?path=%2Fopt%2Fcaradvice-media%2Fimages%2Fautos%2F325%2F1759852179258.IMG-20251007-WA0168.jpg,https://api-caradvice.duckdns.org/api/image?path=%2Fopt%2Fcaradvice-media%2Fimages%2Fautos%2F325%2F1759852179324.IMG-20251007-WA0166.jpg,https://api-caradvice.duckdns.org/api/image?path=%2Fopt%2Fcaradvice-media%2Fimages%2Fautos%2F325%2F1759852179427.IMG-20251007-WA0167.jpg,https://api-caradvice.duckdns.org/api/image?path=%2Fopt%2Fcaradvice-media%2Fimages%2Fautos%2F325%2F1759852179533.IMG-20251007-WA0180.jpg,https://api-caradvice.duckdns.org/api/image?path=%2Fopt%2Fcaradvice-media%2Fimages%2Fautos%2F325%2F1759852179618.IMG-20251007-WA0174.jpg,https://api-caradvice.duckdns.org/api/image?path=%2Fopt%2Fcaradvice-media%2Fimages%2Fautos%2F325%2F1759852179713.IMG-20251007-WA0175.jpg,https://api-caradvice.duckdns.org/api/image?path=%2Fopt%2Fcaradvice-media%2Fimages%2Fautos%2F325%2F1759852179876.IMG-20251007-WA0179.jpg,https://api-caradvice.duckdns.org/api/image?path=%2Fopt%2Fcaradvice-media%2Fimages%2Fautos%2F325%2F1759852180119.IMG-20251007-WA0176.jpg",FIAT,500,2013,108500,KM,GASOLINE,MANUAL,HATCHBACK,Octavio Pinto 3024,Cordoba,Cordoba,5000,AR,-31.4167,-64.1833
326,VOLKSWAGEN AMAROK 3.0 TD V6 224HP 4X4 DC HIGHLINE AT L17,VOLKSWAGEN AMAROK 3.0 TD V6 224HP 4X4 DC HIGHLINE AT L17,AVAILABLE,USED,OTHER,32000 USD,https://caradvice.com.ar/autos/326,https://api-caradvice.duckdns.org/api/image?path=%2Fopt%2Fcaradvice-media%2Fimages%2Fautos%2F326%2F1756865720980.b3a6a4c0-2cb0-4110-9b54-b4f45f8876db.jpeg,"https://api-caradvice.duckdns.org/api/image?path=%2Fopt%2Fcaradvice-media%2Fimages%2Fautos%2F326%2F1756865721071.dd314a0c-9845-40f5-b4a8-f97d6ac7d30f.jpeg,https://api-caradvice.duckdns.org/api/image?path=%2Fopt%2Fcaradvice-media%2Fimages%2Fautos%2F326%2F1756865721121.b12e5374-3717-4788-8543-7c6776581dbe.jpeg,https://api-caradvice.duckdns.org/api/image?path=%2Fopt%2Fcaradvice-media%2Fimages%2Fautos%2F326%2F1756865721155.bd64a913-9b44-486b-a6c4-947396ed0858.jpeg,https://api-caradvice.duckdns.org/api/image?path=%2Fopt%2Fcaradvice-media%2Fimages%2Fautos%2F326%2F1756865721174.b4e33aef-2033-4bcf-be7b-f35d54c8339b.jpeg,https://api-caradvice.duckdns.org/api/image?path=%2Fopt%2Fcaradvice-media%2Fimages%2Fautos%2F326%2F1756865721213.c0c29af3-0ab6-48d4-bce1-73dc1b9545d8.jpeg,https://api-caradvice.duckdns.org/api/image?path=%2Fopt%2Fcaradvice-media%2Fimages%2Fautos%2F326%2F1756865721239.44e7e600-b272-49e4-ab2b-8cc413586295.jpeg,https://api-caradvice.duckdns.org/api/image?path=%2Fopt%2Fcaradvice-media%2Fimages%2Fautos%2F326%2F1756865721257.a2914560-e0f4-4397-9f8d-6f7bb66b01f9.jpeg,https://api-caradvice.duckdns.org/api/image?path=%2Fopt%2Fcaradvice-media%2Fimages%2Fautos%2F326%2F1756865721287.9fe8f9c1-f4c4-4c4d-99bf-1a82a09545de.jpeg,https://api-caradvice.duckdns.org/api/image?path=%2Fopt%2Fcaradvice-media%2Fimages%2Fautos%2F326%2F1756865721348.ccd5f58f-bda7-4270-81ef-a52aee57fe23.jpeg,https://api-caradvice.duckdns.org/api/image?path=%2Fopt%2Fcaradvice-media%2Fimages%2Fautos%2F326%2F1756865721366.8f9f059a-7f20-425f-b420-c91966792fab.jpeg",VOLKSWAGEN,AMAROK,2017,140200,KM,DIESEL,AUTOMATIC,PICKUP,Octavio Pinto 3024,Cordoba,Cordoba,5000,AR,-31.4167,-64.1833
327,KIA RIO 1.6 SX 5P AT,KIA RIO 1.6 SX 5P AT,AVAILABLE,USED,OTHER,31000000 ARS,https://caradvice.com.ar/autos/327,https://api-caradvice.duckdns.org/api/image?path=%2Fopt%2Fcaradvice-media%2Fimages%2Fautos%2F327%2F1764791459067.IMG-20251203-WA0456.jpg,"https://api-caradvice.duckdns.org/api/image?path=%2Fopt%2Fcaradvice-media%2Fimages%2Fautos%2F327%2F1764791459091.IMG-20251203-WA0440.jpg,https://api-caradvice.duckdns.org/api/image?path=%2Fopt%2Fcaradvice-media%2Fimages%2Fautos%2F327%2F1764791459121.IMG-20251203-WA0457.jpg,https://api-caradvice.duckdns.org/api/image?path=%2Fopt%2Fcaradvice-media%2Fimages%2Fautos%2F327%2F1764791459220.IMG-20251203-WA0442.jpg,https://api-caradvice.duckdns.org/api/image?path=%2Fopt%2Fcaradvice-media%2Fimages%2Fautos%2F327%2F1764791459321.IMG-20251203-WA0455.jpg,https://api-caradvice.duckdns.org/api/image?path=%2Fopt%2Fcaradvice-media%2Fimages%2Fautos%2F327%2F1764791459385.IMG-20251203-WA0441.jpg,https://api-caradvice.duckdns.org/api/image?path=%2Fopt%2Fcaradvice-media%2Fimages%2Fautos%2F327%2F1764791459465.IMG-20251203-WA0447.jpg,https://api-caradvice.duckdns.org/api/image?path=%2Fopt%2Fcaradvice-media%2Fimages%2Fautos%2F327%2F1764791459540.IMG-20251203-WA0450.jpg,https://api-caradvice.duckdns.org/api/image?path=%2Fopt%2Fcaradvice-media%2Fimages%2Fautos%2F327%2F1764791459593.IMG-20251203-WA0452.jpg,https://api-caradvice.duckdns.org/api/image?path=%2Fopt%2Fcaradvice-media%2Fimages%2Fautos%2F327%2F1764791459659.IMG-20251203-WA0444.jpg,https://api-caradvice.duckdns.org/api/image?path=%2Fopt%2Fcaradvice-media%2Fimages%2Fautos%2F327%2F1764791459768.IMG-20251203-WA0449.jpg",KIA,RIO,2023,93000,KM,GASOLINE,AUTOMATIC,HATCHBACK,Octavio Pinto 3024,Cordoba,Cordoba,5000,AR,-31.4167,-64.1833
328,FORD ECO SPORT 1.6 TITANIUM L13,FORD ECO SPORT 1.6 TITANIUM L13,AVAILABLE,USED,OTHER,21500000 ARS,https://caradvice.com.ar/autos/328,https://api-caradvice.duckdns.org/api/image?path=%2Fopt%2Fcaradvice-media%2Fimages%2Fautos%2F328%2F1755540053159.b45bc68e-d5a3-4567-beb0-64084ccb5a90.jpeg,"https://api-caradvice.duckdns.org/api/image?path=%2Fopt%2Fcaradvice-media%2Fimages%2Fautos%2F328%2F1755540053533.f54af3ab-5d76-46a7-9489-79972de0710b.jpeg,https://api-caradvice.duckdns.org/api/image?path=%2Fopt%2Fcaradvice-media%2Fimages%2Fautos%2F328%2F1755540053686.01661923-9197-4c53-a558-861b88f69f6f.jpeg,https://api-caradvice.duckdns.org/api/image?path=%2Fopt%2Fcaradvice-media%2Fimages%2Fautos%2F328%2F1755540053793.f5033b7c-2171-4cca-98fc-1b751480d3e9.jpeg,https://api-caradvice.duckdns.org/api/image?path=%2Fopt%2Fcaradvice-media%2Fimages%2Fautos%2F328%2F1755540053857.dbef7fa7-dc40-4b0e-9efc-1e134a12a7a2.jpeg,https://api-caradvice.duckdns.org/api/image?path=%2Fopt%2Fcaradvice-media%2Fimages%2Fautos%2F328%2F1755540053924.166b2d06-b5d1-47e1-a401-7ec3e26aec36.jpeg,https://api-caradvice.duckdns.org/api/image?path=%2Fopt%2Fcaradvice-media%2Fimages%2Fautos%2F328%2F1755540053971.1b26a98c-cf7e-4c22-b630-d0f111d2d76c.jpeg,https://api-caradvice.duckdns.org/api/image?path=%2Fopt%2Fcaradvice-media%2Fimages%2Fautos%2F328%2F1755540054007.1b9ffd49-dc45-4fed-82cd-ee71485f80fa.jpeg,https://api-caradvice.duckdns.org/api/image?path=%2Fopt%2Fcaradvice-media%2Fimages%2Fautos%2F328%2F1755540054034.acbdaa22-e65c-4230-aa95-23e39e2e146b.jpeg,https://api-caradvice.duckdns.org/api/image?path=%2Fopt%2Fcaradvice-media%2Fimages%2Fautos%2F328%2F1755540054083.3d6256d2-8024-4dc4-b5b6-85b5af2aacb6.jpeg,https://api-caradvice.duckdns.org/api/image?path=%2Fopt%2Fcaradvice-media%2Fimages%2Fautos%2F328%2F1755540054123.7f852f0d-4db2-4e9f-8a8c-fbfa14967b33.jpeg",FORD,ECO SPORT,2017,146600,KM,OTHER,MANUAL,SUV,Octavio Pinto 3024,Cordoba,Cordoba,5000,AR,-31.4167,-64.1833
329,VOLKSWAGEN POLO 1.6 MSI TRACK L25,VOLKSWAGEN POLO 1.6 MSI TRACK L25,AVAILABLE,USED,OTHER,27500000 ARS,https://caradvice.com.ar/autos/329,https://api-caradvice.duckdns.org/api/image?path=%2Fopt%2Fcaradvice-media%2Fimages%2Fautos%2F329%2F1736803590152.PHOTO-2024-09-16-11-39-24.jpg,"https://api-caradvice.duckdns.org/api/image?path=%2Fopt%2Fcaradvice-media%2Fimages%2Fautos%2F329%2F1736803590239.PHOTO-2024-09-16-11-39-46.jpg,https://api-caradvice.duckdns.org/api/image?path=%2Fopt%2Fcaradvice-media%2Fimages%2Fautos%2F329%2F1736803590258.PHOTO-2024-09-16-11-39-28%202.jpg,https://api-caradvice.duckdns.org/api/image?path=%2Fopt%2Fcaradvice-media%2Fimages%2Fautos%2F329%2F1736803590294.PHOTO-2024-09-16-11-39-28.jpg,https://api-caradvice.duckdns.org/api/image?path=%2Fopt%2Fcaradvice-media%2Fimages%2Fautos%2F329%2F1736803590303.PHOTO-2024-09-16-11-39-29.jpg,https://api-caradvice.duckdns.org/api/image?path=%2Fopt%2Fcaradvice-media%2Fimages%2Fautos%2F329%2F1736803590319.PHOTO-2024-09-16-11-39-29%202.jpg,https://api-caradvice.duckdns.org/api/image?path=%2Fopt%2Fcaradvice-media%2Fimages%2Fautos%2F329%2F1736803590357.PHOTO-2024-09-16-11-39-30.jpg,https://api-caradvice.duckdns.org/api/image?path=%2Fopt%2Fcaradvice-media%2Fimages%2Fautos%2F329%2F1736803590379.PHOTO-2024-09-16-11-39-34%202.jpg,https://api-caradvice.duckdns.org/api/image?path=%2Fopt%2Fcaradvice-media%2Fimages%2Fautos%2F329%2F1736803590469.PHOTO-2024-09-16-11-39-34.jpg,https://api-caradvice.duckdns.org/api/image?path=%2Fopt%2Fcaradvice-media%2Fimages%2Fautos%2F329%2F1736803590526.PHOTO-2024-09-16-11-39-35.jpg,https://api-caradvice.duckdns.org/api/image?path=%2Fopt%2Fcaradvice-media%2Fimages%2Fautos%2F329%2F1736803590539.PHOTO-2024-09-16-11-39-40.jpg",VOLKSWAGEN,POLO,2024,0,KM,GASOLINE,MANUAL,HATCHBACK,Octavio Pinto 3024,Cordoba,Cordoba,5000,AR,-31.4167,-64.1833
330,RENAULT KANGOO 1.6 EXPRESS CONFORT 1 PLC L14,RENAULT KANGOO 1.6 EXPRESS CONFORT 1 PLC L14,AVAILABLE,USED,OTHER,16700000 ARS,https://caradvice.com.ar/autos/330,https://api-caradvice.duckdns.org/api/image?path=%2Fopt%2Fcaradvice-media%2Fimages%2Fautos%2F330%2F1757952359303.IMG-20250915-WA0423.jpg,"https://api-caradvice.duckdns.org/api/image?path=%2Fopt%2Fcaradvice-media%2Fimages%2Fautos%2F330%2F1757952359346.IMG-20250915-WA0427.jpg,https://api-caradvice.duckdns.org/api/image?path=%2Fopt%2Fcaradvice-media%2Fimages%2Fautos%2F330%2F1757952359628.IMG-20250915-WA0424.jpg,https://api-caradvice.duckdns.org/api/image?path=%2Fopt%2Fcaradvice-media%2Fimages%2Fautos%2F330%2F1757952359753.IMG-20250915-WA0429.jpg,https://api-caradvice.duckdns.org/api/image?path=%2Fopt%2Fcaradvice-media%2Fimages%2Fautos%2F330%2F1757952359932.IMG-20250915-WA0421.jpg,https://api-caradvice.duckdns.org/api/image?path=%2Fopt%2Fcaradvice-media%2Fimages%2Fautos%2F330%2F1757952360082.IMG-20250915-WA0426.jpg,https://api-caradvice.duckdns.org/api/image?path=%2Fopt%2Fcaradvice-media%2Fimages%2Fautos%2F330%2F1757952360317.IMG-20250915-WA0425.jpg,https://api-caradvice.duckdns.org/api/image?path=%2Fopt%2Fcaradvice-media%2Fimages%2Fautos%2F330%2F1757952360522.IMG-20250915-WA0435.jpg,https://api-caradvice.duckdns.org/api/image?path=%2Fopt%2Fcaradvice-media%2Fimages%2Fautos%2F330%2F1757952360603.IMG-20250915-WA0438.jpg,https://api-caradvice.duckdns.org/api/image?path=%2Fopt%2Fcaradvice-media%2Fimages%2Fautos%2F330%2F1757952360731.IMG-20250915-WA0430.jpg,https://api-caradvice.duckdns.org/api/image?path=%2Fopt%2Fcaradvice-media%2Fimages%2Fautos%2F330%2F1757952360873.IMG-20250915-WA0436.jpg",RENAULT,KANGOO,2016,161500,KM,OTHER,MANUAL,VAN,Octavio Pinto 3024,Cordoba,Cordoba,5000,AR,-31.4167,-64.1833
331,FORD RANGER 2.2 TDI 4X2 DC XL L16,FORD RANGER 2.2 TDI 4X2 DC XL L16,AVAILABLE,USED,OTHER,30000000 ARS,https://caradvice.com.ar/autos/331,https://api-caradvice.duckdns.org/api/image?path=%2Fopt%2Fcaradvice-media%2Fimages%2Fautos%2F331%2F1762443178663.IMG-20251106-WA0135.jpg,"https://api-caradvice.duckdns.org/api/image?path=%2Fopt%2Fcaradvice-media%2Fimages%2Fautos%2F331%2F1762443178681.IMG-20251106-WA0121.jpg,https://api-caradvice.duckdns.org/api/image?path=%2Fopt%2Fcaradvice-media%2Fimages%2Fautos%2F331%2F1762443178936.IMG-20251106-WA0133.jpg,https://api-caradvice.duckdns.org/api/image?path=%2Fopt%2Fcaradvice-media%2Fimages%2Fautos%2F331%2F1762443179152.IMG-20251106-WA0123.jpg,https://api-caradvice.duckdns.org/api/image?path=%2Fopt%2Fcaradvice-media%2Fimages%2Fautos%2F331%2F1762443179328.IMG-20251106-WA0134.jpg,https://api-caradvice.duckdns.org/api/image?path=%2Fopt%2Fcaradvice-media%2Fimages%2Fautos%2F331%2F1762443179487.IMG-20251106-WA0119.jpg,https://api-caradvice.duckdns.org/api/image?path=%2Fopt%2Fcaradvice-media%2Fimages%2Fautos%2F331%2F1762443179621.IMG-20251106-WA0122.jpg,https://api-caradvice.duckdns.org/api/image?path=%2Fopt%2Fcaradvice-media%2Fimages%2Fautos%2F331%2F1762443179740.IMG-20251106-WA0124.jpg,https://api-caradvice.duckdns.org/api/image?path=%2Fopt%2Fcaradvice-media%2Fimages%2Fautos%2F331%2F1762443179885.IMG-20251106-WA0125.jpg,https://api-caradvice.duckdns.org/api/image?path=%2Fopt%2Fcaradvice-media%2Fimages%2Fautos%2F331%2F1762443179989.IMG-20251106-WA0126.jpg,https://api-caradvice.duckdns.org/api/image?path=%2Fopt%2Fcaradvice-media%2Fimages%2Fautos%2F331%2F1762443180120.IMG-20251106-WA0128.jpg",FORD,RANGER,2016,139000,KM,DIESEL,MANUAL,PICKUP,Octavio Pinto 3024,Cordoba,Cordoba,5000,AR,-31.4167,-64.1833
332,CHEVROLET CRUZE 1.4 LTZ 5P L16,CHEVROLET CRUZE 1.4 LTZ 5P L16,AVAILABLE,USED,OTHER,22500000 ARS,https://caradvice.com.ar/autos/332,https://api-caradvice.duckdns.org/api/image?path=%2Fopt%2Fcaradvice-media%2Fimages%2Fautos%2F332%2F1767371515097.WhatsApp%20Image%202026-01-02%20at%2012.54.55%20(1).jpeg,"https://api-caradvice.duckdns.org/api/image?path=%2Fopt%2Fcaradvice-media%2Fimages%2Fautos%2F332%2F1767371515141.WhatsApp%20Image%202026-01-02%20at%2012.54.56%20(1).jpeg,https://api-caradvice.duckdns.org/api/image?path=%2Fopt%2Fcaradvice-media%2Fimages%2Fautos%2F332%2F1767371515159.WhatsApp%20Image%202026-01-02%20at%2012.54.55.jpeg,https://api-caradvice.duckdns.org/api/image?path=%2Fopt%2Fcaradvice-media%2Fimages%2Fautos%2F332%2F1767371515191.WhatsApp%20Image%202026-01-02%20at%2012.54.56.jpeg,https://api-caradvice.duckdns.org/api/image?path=%2Fopt%2Fcaradvice-media%2Fimages%2Fautos%2F332%2F1767371515201.WhatsApp%20Image%202026-01-02%20at%2012.54.54.jpeg,https://api-caradvice.duckdns.org/api/image?path=%2Fopt%2Fcaradvice-media%2Fimages%2Fautos%2F332%2F1767371515211.WhatsApp%20Image%202026-01-02%20at%2012.54.56%20(2).jpeg,https://api-caradvice.duckdns.org/api/image?path=%2Fopt%2Fcaradvice-media%2Fimages%2Fautos%2F332%2F1767371515222.WhatsApp%20Image%202026-01-02%20at%2012.54.57%20(1).jpeg,https://api-caradvice.duckdns.org/api/image?path=%2Fopt%2Fcaradvice-media%2Fimages%2Fautos%2F332%2F1767371515228.WhatsApp%20Image%202026-01-02%20at%2012.54.57.jpeg,https://api-caradvice.duckdns.org/api/image?path=%2Fopt%2Fcaradvice-media%2Fimages%2Fautos%2F332%2F1767371515237.WhatsApp%20Image%202026-01-02%20at%2012.54.58%20(1).jpeg,https://api-caradvice.duckdns.org/api/image?path=%2Fopt%2Fcaradvice-media%2Fimages%2Fautos%2F332%2F1767371515246.WhatsApp%20Image%202026-01-02%20at%2012.55.00.jpeg,https://api-caradvice.duckdns.org/api/image?path=%2Fopt%2Fcaradvice-media%2Fimages%2Fautos%2F332%2F1767371515249.WhatsApp%20Image%202026-01-02%20at%2012.55.02%20(2).jpeg",CHEVROLET,CRUZE,2018,119000,KM,GASOLINE,MANUAL,HATCHBACK,Octavio Pinto 3024,Cordoba,Cordoba,5000,AR,-31.4167,-64.1833
333,NISSAN VERSA 1.6 ADVANCE CVT L21,NISSAN VERSA 1.6 ADVANCE CVT L21,AVAILABLE,USED,OTHER,23500000 ARS,https://caradvice.com.ar/autos/333,https://api-caradvice.duckdns.org/api/image?path=%2Fopt%2Fcaradvice-media%2Fimages%2Fautos%2F333%2F1764164005961.IMG-20251126-WA0050.jpg,"https://api-caradvice.duckdns.org/api/image?path=%2Fopt%2Fcaradvice-media%2Fimages%2Fautos%2F333%2F1764164006236.IMG-20251126-WA0046.jpg,https://api-caradvice.duckdns.org/api/image?path=%2Fopt%2Fcaradvice-media%2Fimages%2Fautos%2F333%2F1764164006467.IMG-20251126-WA0052.jpg,https://api-caradvice.duckdns.org/api/image?path=%2Fopt%2Fcaradvice-media%2Fimages%2Fautos%2F333%2F1764164006744.IMG-20251126-WA0049.jpg,https://api-caradvice.duckdns.org/api/image?path=%2Fopt%2Fcaradvice-media%2Fimages%2Fautos%2F333%2F1764164007209.IMG-20251126-WA0054.jpg,https://api-caradvice.duckdns.org/api/image?path=%2Fopt%2Fcaradvice-media%2Fimages%2Fautos%2F333%2F1764164007679.IMG-20251126-WA0048.jpg,https://api-caradvice.duckdns.org/api/image?path=%2Fopt%2Fcaradvice-media%2Fimages%2Fautos%2F333%2F1764164008310.IMG-20251126-WA0047.jpg,https://api-caradvice.duckdns.org/api/image?path=%2Fopt%2Fcaradvice-media%2Fimages%2Fautos%2F333%2F1764164008819.IMG-20251126-WA0051.jpg,https://api-caradvice.duckdns.org/api/image?path=%2Fopt%2Fcaradvice-media%2Fimages%2Fautos%2F333%2F1764164009436.IMG-20251126-WA0053.jpg,https://api-caradvice.duckdns.org/api/image?path=%2Fopt%2Fcaradvice-media%2Fimages%2Fautos%2F333%2F1764164011055.IMG-20251126-WA0055.jpg,https://api-caradvice.duckdns.org/api/image?path=%2Fopt%2Fcaradvice-media%2Fimages%2Fautos%2F333%2F1764164012401.IMG-20251126-WA0056.jpg",NISSAN,VERSA,2021,106000,KM,GASOLINE,AUTOMATIC,SEDAN,Octavio Pinto 3024,Cordoba,Cordoba,5000,AR,-31.4167,-64.1833
334,RENAULT KWID 1.0 ICONIC BT L25,RENAULT KWID 1.0 ICONIC BT L25,AVAILABLE,USED,OTHER,23000000 ARS,https://caradvice.com.ar/autos/334,https://api-caradvice.duckdns.org/api/image?path=%2Fopt%2Fcaradvice-media%2Fimages%2Fautos%2F334%2F1756335289605.3a20d83c-8a84-4f9b-bdc4-c4fcfabd6774.JPG,"https://api-caradvice.duckdns.org/api/image?path=%2Fopt%2Fcaradvice-media%2Fimages%2Fautos%2F334%2F1756335289898.4c012be9-0769-4cbd-acce-aecec0e5ad9f.JPG,https://api-caradvice.duckdns.org/api/image?path=%2Fopt%2Fcaradvice-media%2Fimages%2Fautos%2F334%2F1756335290117.c6c14a18-bd0d-42c5-ac5a-bc9384fbd011.JPG,https://api-caradvice.duckdns.org/api/image?path=%2Fopt%2Fcaradvice-media%2Fimages%2Fautos%2F334%2F1756335290138.18aee081-1681-47ec-8d1b-99ddba2abada.JPG,https://api-caradvice.duckdns.org/api/image?path=%2Fopt%2Fcaradvice-media%2Fimages%2Fautos%2F334%2F1756335290281.70c51d54-54d0-4ef7-8866-dc913e2c9f76.JPG,https://api-caradvice.duckdns.org/api/image?path=%2Fopt%2Fcaradvice-media%2Fimages%2Fautos%2F334%2F1756335290495.cf7f1e4d-6802-47a0-92e0-afa8677f90c8.JPG,https://api-caradvice.duckdns.org/api/image?path=%2Fopt%2Fcaradvice-media%2Fimages%2Fautos%2F334%2F1756335290536.1fa2580f-d365-41f1-b6fd-eb2d85b349c8.JPG,https://api-caradvice.duckdns.org/api/image?path=%2Fopt%2Fcaradvice-media%2Fimages%2Fautos%2F334%2F1756335290646.6d27839b-5518-42a3-81d1-47d2aa25b83e.JPG,https://api-caradvice.duckdns.org/api/image?path=%2Fopt%2Fcaradvice-media%2Fimages%2Fautos%2F334%2F1756335290709.8b2c247b-fd55-4ede-819c-574b987d98f0.JPG,https://api-caradvice.duckdns.org/api/image?path=%2Fopt%2Fcaradvice-media%2Fimages%2Fautos%2F334%2F1756335290855.7645d17a-49fc-4db6-9ef7-31bbc37fb1a0.JPG,https://api-caradvice.duckdns.org/api/image?path=%2Fopt%2Fcaradvice-media%2Fimages%2Fautos%2F334%2F1756335290937.17e718a5-4cfe-445d-bc61-2c94f1469055.JPG",RENAULT,KWID,2025,0,KM,GASOLINE,MANUAL,HATCHBACK,Octavio Pinto 3024,Cordoba,Cordoba,5000,AR,-31.4167,-64.1833
335,CHEVROLET ONIX 1.0 T LT 5P L24,CHEVROLET ONIX 1.0 T LT 5P L24,AVAILABLE,USED,OTHER,29900000 ARS,https://caradvice.com.ar/autos/335,https://api-caradvice.duckdns.org/api/image?path=%2Fopt%2Fcaradvice-media%2Fimages%2Fautos%2F335%2F1753241378002.7955932c-b44a-4aba-b714-014dd012955e.jpeg,"https://api-caradvice.duckdns.org/api/image?path=%2Fopt%2Fcaradvice-media%2Fimages%2Fautos%2F335%2F1753241378114.ab104299-ff61-49a3-a0bd-efe18e20c168.jpeg,https://api-caradvice.duckdns.org/api/image?path=%2Fopt%2Fcaradvice-media%2Fimages%2Fautos%2F335%2F1753241378154.3019e7dd-3c8a-4318-bf53-a3050ef05870.jpeg,https://api-caradvice.duckdns.org/api/image?path=%2Fopt%2Fcaradvice-media%2Fimages%2Fautos%2F335%2F1753241378202.6f942869-e10f-444b-a8e0-97fbe4ac7617.jpeg,https://api-caradvice.duckdns.org/api/image?path=%2Fopt%2Fcaradvice-media%2Fimages%2Fautos%2F335%2F1753241378228.34df46c4-76da-4ef2-9919-bc50313ce0d6.jpeg,https://api-caradvice.duckdns.org/api/image?path=%2Fopt%2Fcaradvice-media%2Fimages%2Fautos%2F335%2F1753241378263.b437df2b-f82e-4b1b-ac48-5390b3425c82.jpeg,https://api-caradvice.duckdns.org/api/image?path=%2Fopt%2Fcaradvice-media%2Fimages%2Fautos%2F335%2F1753241378287.6272344b-c311-4a1f-9ef5-25ff519c5dcc.jpeg,https://api-caradvice.duckdns.org/api/image?path=%2Fopt%2Fcaradvice-media%2Fimages%2Fautos%2F335%2F1753241378317.812a9d35-4b21-4889-a7d3-65236455ce3b.jpeg,https://api-caradvice.duckdns.org/api/image?path=%2Fopt%2Fcaradvice-media%2Fimages%2Fautos%2F335%2F1753241378338.5f3d2ce3-642a-4818-a017-e945dec8f355.jpeg,https://api-caradvice.duckdns.org/api/image?path=%2Fopt%2Fcaradvice-media%2Fimages%2Fautos%2F335%2F1753241378364.5d64256a-5988-4816-b303-6b189e879cd2.jpeg,https://api-caradvice.duckdns.org/api/image?path=%2Fopt%2Fcaradvice-media%2Fimages%2Fautos%2F335%2F1753241378395.f51d112b-bf69-4dd2-bc4f-f1ac039c245b.jpeg",CHEVROLET,ONIX,2025,0,KM,GASOLINE,MANUAL,HATCHBACK,Octavio Pinto 3024,Cordoba,Cordoba,5000,AR,-31.4167,-64.1833
336,TOYOTA HILUX 2.8 TDI 4X2 SRV AT6,TOYOTA HILUX 2.8 TDI 4X2 SRV AT6,AVAILABLE,USED,OTHER,37000 USD,https://caradvice.com.ar/autos/336,https://api-caradvice.duckdns.org/api/image?path=%2Fopt%2Fcaradvice-media%2Fimages%2Fautos%2F336%2F1763055568943.IMG-20251113-WA0198.jpg,"https://api-caradvice.duckdns.org/api/image?path=%2Fopt%2Fcaradvice-media%2Fimages%2Fautos%2F336%2F1763055569016.IMG-20251113-WA0186.jpg,https://api-caradvice.duckdns.org/api/image?path=%2Fopt%2Fcaradvice-media%2Fimages%2Fautos%2F336%2F1763055569032.IMG-20251113-WA0197.jpg,https://api-caradvice.duckdns.org/api/image?path=%2Fopt%2Fcaradvice-media%2Fimages%2Fautos%2F336%2F1763055569071.IMG-20251113-WA0189.jpg,https://api-caradvice.duckdns.org/api/image?path=%2Fopt%2Fcaradvice-media%2Fimages%2Fautos%2F336%2F1763055569097.IMG-20251113-WA0200.jpg,https://api-caradvice.duckdns.org/api/image?path=%2Fopt%2Fcaradvice-media%2Fimages%2Fautos%2F336%2F1763055569103.IMG-20251113-WA0182.jpg,https://api-caradvice.duckdns.org/api/image?path=%2Fopt%2Fcaradvice-media%2Fimages%2Fautos%2F336%2F1763055569112.IMG-20251113-WA0183.jpg,https://api-caradvice.duckdns.org/api/image?path=%2Fopt%2Fcaradvice-media%2Fimages%2Fautos%2F336%2F1763055569118.IMG-20251113-WA0185.jpg,https://api-caradvice.duckdns.org/api/image?path=%2Fopt%2Fcaradvice-media%2Fimages%2Fautos%2F336%2F1763055569126.IMG-20251113-WA0190.jpg,https://api-caradvice.duckdns.org/api/image?path=%2Fopt%2Fcaradvice-media%2Fimages%2Fautos%2F336%2F1763055569137.IMG-20251113-WA0191.jpg,https://api-caradvice.duckdns.org/api/image?path=%2Fopt%2Fcaradvice-media%2Fimages%2Fautos%2F336%2F1763055569163.IMG-20251113-WA0192.jpg",TOYOTA,HILUX,2022,80000,KM,DIESEL,AUTOMATIC,PICKUP,Octavio Pinto 3024,Cordoba,Cordoba,5000,AR,-31.4167,-64.1833
338,FIAT PULSE 1.0 IMPETUS L23,FIAT PULSE 1.0 IMPETUS L23,AVAILABLE,USED,OTHER,35900000 ARS,https://caradvice.com.ar/autos/338,https://api-caradvice.duckdns.org/api/image?path=%2Fopt%2Fcaradvice-media%2Fimages%2Fautos%2F338%2F1764107040566.IMG-20251125-WA0614.jpg,"https://api-caradvice.duckdns.org/api/image?path=%2Fopt%2Fcaradvice-media%2Fimages%2Fautos%2F338%2F1764107040587.IMG-20251125-WA0618.jpg,https://api-caradvice.duckdns.org/api/image?path=%2Fopt%2Fcaradvice-media%2Fimages%2Fautos%2F338%2F1764107040605.IMG-20251125-WA0612.jpg,https://api-caradvice.duckdns.org/api/image?path=%2Fopt%2Fcaradvice-media%2Fimages%2Fautos%2F338%2F1764107040702.IMG-20251125-WA0616.jpg,https://api-caradvice.duckdns.org/api/image?path=%2Fopt%2Fcaradvice-media%2Fimages%2Fautos%2F338%2F1764107040734.IMG-20251125-WA0613.jpg,https://api-caradvice.duckdns.org/api/image?path=%2Fopt%2Fcaradvice-media%2Fimages%2Fautos%2F338%2F1764107040797.IMG-20251125-WA0617.jpg,https://api-caradvice.duckdns.org/api/image?path=%2Fopt%2Fcaradvice-media%2Fimages%2Fautos%2F338%2F1764107040844.IMG-20251125-WA0615.jpg,https://api-caradvice.duckdns.org/api/image?path=%2Fopt%2Fcaradvice-media%2Fimages%2Fautos%2F338%2F1764107040917.IMG-20251125-WA0619.jpg,https://api-caradvice.duckdns.org/api/image?path=%2Fopt%2Fcaradvice-media%2Fimages%2Fautos%2F338%2F1764107041021.IMG-20251125-WA0620.jpg,https://api-caradvice.duckdns.org/api/image?path=%2Fopt%2Fcaradvice-media%2Fimages%2Fautos%2F338%2F1764107041052.IMG-20251125-WA0621.jpg,https://api-caradvice.duckdns.org/api/image?path=%2Fopt%2Fcaradvice-media%2Fimages%2Fautos%2F338%2F1764107041134.IMG-20251125-WA0622.jpg",FIAT,PULSE,2024,5100,KM,GASOLINE,AUTOMATIC,SUV,Octavio Pinto 3024,Cordoba,Cordoba,5000,AR,-31.4167,-64.1833
339,PEUGEOT 307 2.0 CC L04,PEUGEOT 307 2.0 CC L04,AVAILABLE,USED,OTHER,13000 USD,https://caradvice.com.ar/autos/339,https://api-caradvice.duckdns.org/api/image?path=%2Fopt%2Fcaradvice-media%2Fimages%2Fautos%2F339%2F1763056090628.IMG-20251113-WA0214.jpg,"https://api-caradvice.duckdns.org/api/image?path=%2Fopt%2Fcaradvice-media%2Fimages%2Fautos%2F339%2F1763056090789.IMG-20251113-WA0204.jpg,https://api-caradvice.duckdns.org/api/image?path=%2Fopt%2Fcaradvice-media%2Fimages%2Fautos%2F339%2F1763056090946.IMG-20251113-WA0210.jpg,https://api-caradvice.duckdns.org/api/image?path=%2Fopt%2Fcaradvice-media%2Fimages%2Fautos%2F339%2F1763056091052.IMG-20251113-WA0202.jpg,https://api-caradvice.duckdns.org/api/image?path=%2Fopt%2Fcaradvice-media%2Fimages%2Fautos%2F339%2F1763056091113.IMG-20251113-WA0213.jpg,https://api-caradvice.duckdns.org/api/image?path=%2Fopt%2Fcaradvice-media%2Fimages%2Fautos%2F339%2F1763056091171.IMG-20251113-WA0201.jpg,https://api-caradvice.duckdns.org/api/image?path=%2Fopt%2Fcaradvice-media%2Fimages%2Fautos%2F339%2F1763056091219.IMG-20251113-WA0207.jpg,https://api-caradvice.duckdns.org/api/image?path=%2Fopt%2Fcaradvice-media%2Fimages%2Fautos%2F339%2F1763056091272.IMG-20251113-WA0203.jpg,https://api-caradvice.duckdns.org/api/image?path=%2Fopt%2Fcaradvice-media%2Fimages%2Fautos%2F339%2F1763056091349.IMG-20251113-WA0205.jpg,https://api-caradvice.duckdns.org/api/image?path=%2Fopt%2Fcaradvice-media%2Fimages%2Fautos%2F339%2F1763056091419.IMG-20251113-WA0206.jpg,https://api-caradvice.duckdns.org/api/image?path=%2Fopt%2Fcaradvice-media%2Fimages%2Fautos%2F339%2F1763056091491.IMG-20251113-WA0208.jpg",PEUGEOT,307,2005,114000,KM,GASOLINE,MANUAL,SPORTSCAR,Octavio Pinto 3024,Cordoba,Cordoba,5000,AR,-31.4167,-64.1833
340,TOYOTA LAND CRUISER 4.2 TDI 100 VX,TOYOTA LAND CRUISER 4.2 TDI 100 VX,AVAILABLE,USED,OTHER,28000 USD,https://caradvice.com.ar/autos/340,https://api-caradvice.duckdns.org/api/image?path=%2Fopt%2Fcaradvice-media%2Fimages%2Fautos%2F340%2F1763149234398.IMG-20251114-WA0208.jpg,"https://api-caradvice.duckdns.org/api/image?path=%2Fopt%2Fcaradvice-media%2Fimages%2Fautos%2F340%2F1763149234506.IMG-20251114-WA0194.jpg,https://api-caradvice.duckdns.org/api/image?path=%2Fopt%2Fcaradvice-media%2Fimages%2Fautos%2F340%2F1763149234524.IMG-20251114-WA0209.jpg,https://api-caradvice.duckdns.org/api/image?path=%2Fopt%2Fcaradvice-media%2Fimages%2Fautos%2F340%2F1763149234581.IMG-20251114-WA0199.jpg,https://api-caradvice.duckdns.org/api/image?path=%2Fopt%2Fcaradvice-media%2Fimages%2Fautos%2F340%2F1763149234636.IMG-20251114-WA0206.jpg,https://api-caradvice.duckdns.org/api/image?path=%2Fopt%2Fcaradvice-media%2Fimages%2Fautos%2F340%2F1763149234670.IMG-20251114-WA0193.jpg,https://api-caradvice.duckdns.org/api/image?path=%2Fopt%2Fcaradvice-media%2Fimages%2Fautos%2F340%2F1763149234744.IMG-20251114-WA0198.jpg,https://api-caradvice.duckdns.org/api/image?path=%2Fopt%2Fcaradvice-media%2Fimages%2Fautos%2F340%2F1763149234817.IMG-20251114-WA0200.jpg,https://api-caradvice.duckdns.org/api/image?path=%2Fopt%2Fcaradvice-media%2Fimages%2Fautos%2F340%2F1763149234900.IMG-20251114-WA0202.jpg,https://api-caradvice.duckdns.org/api/image?path=%2Fopt%2Fcaradvice-media%2Fimages%2Fautos%2F340%2F1763149234937.IMG-20251114-WA0196.jpg,https://api-caradvice.duckdns.org/api/image?path=%2Fopt%2Fcaradvice-media%2Fimages%2Fautos%2F340%2F1763149235018.IMG-20251114-WA0192.jpg",TOYOTA,LAND CRUISER,2001,321000,KM,DIESEL,MANUAL,SUV,Octavio Pinto 3024,Cordoba,Cordoba,5000,AR,-31.4167,-64.1833
341,FIAT SIENA 1.4 EL L09,FIAT SIENA 1.4 EL L09,AVAILABLE,USED,OTHER,15500000 ARS,https://caradvice.com.ar/autos/341,https://api-caradvice.duckdns.org/api/image?path=%2Fopt%2Fcaradvice-media%2Fimages%2Fautos%2F341%2F1749506211397.b174e0cb-a81a-4105-9645-b564449e51c5.JPG,"https://api-caradvice.duckdns.org/api/image?path=%2Fopt%2Fcaradvice-media%2Fimages%2Fautos%2F341%2F1749506212049.0fc658a4-bf01-406b-937a-3a3331c07944.JPG,https://api-caradvice.duckdns.org/api/image?path=%2Fopt%2Fcaradvice-media%2Fimages%2Fautos%2F341%2F1749506212657.49d82284-12cb-4154-ae50-4e8abf21191e.JPG,https://api-caradvice.duckdns.org/api/image?path=%2Fopt%2Fcaradvice-media%2Fimages%2Fautos%2F341%2F1749506213263.646082c1-0256-41b6-acb3-6a5355fc7c9d.JPG,https://api-caradvice.duckdns.org/api/image?path=%2Fopt%2Fcaradvice-media%2Fimages%2Fautos%2F341%2F1749506213867.2a20fa69-3b24-4296-96b2-ce2a6af9c3cc.JPG,https://api-caradvice.duckdns.org/api/image?path=%2Fopt%2Fcaradvice-media%2Fimages%2Fautos%2F341%2F1749506214492.9a1d9658-fd22-43f5-86c7-cd358d74b654.JPG,https://api-caradvice.duckdns.org/api/image?path=%2Fopt%2Fcaradvice-media%2Fimages%2Fautos%2F341%2F1749506215698.9dcfb4ba-3c71-4d81-8156-3b2b4418e9bb.JPG,https://api-caradvice.duckdns.org/api/image?path=%2Fopt%2Fcaradvice-media%2Fimages%2Fautos%2F341%2F1749506216047.138c7694-6dd4-42fd-9479-d9a3cc860843.JPG,https://api-caradvice.duckdns.org/api/image?path=%2Fopt%2Fcaradvice-media%2Fimages%2Fautos%2F341%2F1749506216963.a5ccde15-92d4-47df-a962-202de4c1754c.JPG,https://api-caradvice.duckdns.org/api/image?path=%2Fopt%2Fcaradvice-media%2Fimages%2Fautos%2F341%2F1749506217537.bd4bde32-99ed-4424-8b57-7febe2f87dae.JPG,https://api-caradvice.duckdns.org/api/image?path=%2Fopt%2Fcaradvice-media%2Fimages%2Fautos%2F341%2F1749506218051.555ff3ad-b5b0-4e3f-80a8-c0f2ba1e1d12.JPG",FIAT,SIENA,2016,158000,KM,OTHER,MANUAL,SEDAN,Octavio Pinto 3024,Cordoba,Cordoba,5000,AR,-31.4167,-64.1833
342,FIAT PUNTO 1.4 ATTRACTIVE UCONNECT L15,FIAT PUNTO 1.4 ATTRACTIVE UCONNECT L15,AVAILABLE,USED,OTHER,15900000 ARS,https://caradvice.com.ar/autos/342,https://api-caradvice.duckdns.org/api/image?path=%2Fopt%2Fcaradvice-media%2Fimages%2Fautos%2F342%2F1750378580757.2db368d0-1e1b-427d-838b-522ddf1db7e0.JPG,"https://api-caradvice.duckdns.org/api/image?path=%2Fopt%2Fcaradvice-media%2Fimages%2Fautos%2F342%2F1750378580915.0d52fe07-ad40-48fe-bde3-10b42746ec02.JPG,https://api-caradvice.duckdns.org/api/image?path=%2Fopt%2Fcaradvice-media%2Fimages%2Fautos%2F342%2F1750378581236.71a0823e-15a0-4326-822f-5e278c1a7328.JPG,https://api-caradvice.duckdns.org/api/image?path=%2Fopt%2Fcaradvice-media%2Fimages%2Fautos%2F342%2F1750378581386.b8f643d5-c99f-42ef-927a-bd8a8ac7a7dd.JPG,https://api-caradvice.duckdns.org/api/image?path=%2Fopt%2Fcaradvice-media%2Fimages%2Fautos%2F342%2F1750378581541.013f0ec0-1441-4b24-a361-21819896518e.JPG,https://api-caradvice.duckdns.org/api/image?path=%2Fopt%2Fcaradvice-media%2Fimages%2Fautos%2F342%2F1750378581770.9398fcd4-b366-4dc7-84a7-c5181873ae79.JPG,https://api-caradvice.duckdns.org/api/image?path=%2Fopt%2Fcaradvice-media%2Fimages%2Fautos%2F342%2F1750378581930.1e087221-5575-4066-899b-985e2697a89b.JPG,https://api-caradvice.duckdns.org/api/image?path=%2Fopt%2Fcaradvice-media%2Fimages%2Fautos%2F342%2F1750378582268.7f86cc4f-2cb0-427c-a1bf-c30a9a6dfdba.JPG,https://api-caradvice.duckdns.org/api/image?path=%2Fopt%2Fcaradvice-media%2Fimages%2Fautos%2F342%2F1750378582472.8cc77b6a-68ca-4099-86ed-75a65a1dc77a.JPG,https://api-caradvice.duckdns.org/api/image?path=%2Fopt%2Fcaradvice-media%2Fimages%2Fautos%2F342%2F1750378582871.13ed56d7-bf96-48d2-b27b-0c95e024e6dc.JPG,https://api-caradvice.duckdns.org/api/image?path=%2Fopt%2Fcaradvice-media%2Fimages%2Fautos%2F342%2F1750378583025.928caeb9-b6c5-467b-a7fe-b300f2412925.JPG",FIAT,PUNTO,2016,127000,KM,GASOLINE,MANUAL,HATCHBACK,Octavio Pinto 3024,Cordoba,Cordoba,5000,AR,-31.4167,-64.1833
343,TOYOTA HILUX 2.8 TDI 4X2 DC SRV L16,TOYOTA HILUX 2.8 TDI 4X2 DC SRV L16,AVAILABLE,USED,OTHER,32000 USD,https://caradvice.com.ar/autos/343,https://api-caradvice.duckdns.org/api/image?path=%2Fopt%2Fcaradvice-media%2Fimages%2Fautos%2F343%2F1755912036088.83a2d0e6-58e9-4935-a8aa-c0febfc6152f.JPG,"https://api-caradvice.duckdns.org/api/image?path=%2Fopt%2Fcaradvice-media%2Fimages%2Fautos%2F343%2F1755912036170.0ebd3237-2b72-40b2-b97c-87124cf0dbf1.JPG,https://api-caradvice.duckdns.org/api/image?path=%2Fopt%2Fcaradvice-media%2Fimages%2Fautos%2F343%2F1755912036212.66a0190c-3d4c-4c85-949e-ef97fdfb0c71.JPG,https://api-caradvice.duckdns.org/api/image?path=%2Fopt%2Fcaradvice-media%2Fimages%2Fautos%2F343%2F1755912036245.75800b8c-cbac-45dc-b8a1-225728401f2e.JPG,https://api-caradvice.duckdns.org/api/image?path=%2Fopt%2Fcaradvice-media%2Fimages%2Fautos%2F343%2F1755912036275.f2555121-b2bc-4198-9767-d3ce58f778a4.JPG,https://api-caradvice.duckdns.org/api/image?path=%2Fopt%2Fcaradvice-media%2Fimages%2Fautos%2F343%2F1755912036305.b92c8971-a044-4282-9d04-f3b8a88a78a1.JPG,https://api-caradvice.duckdns.org/api/image?path=%2Fopt%2Fcaradvice-media%2Fimages%2Fautos%2F343%2F1755912036331.0468aba7-5c65-40d9-8121-3d3572c994ad.JPG,https://api-caradvice.duckdns.org/api/image?path=%2Fopt%2Fcaradvice-media%2Fimages%2Fautos%2F343%2F1755912036661.4ac09549-1d5a-4664-8dcf-4c78c115a83f.JPG,https://api-caradvice.duckdns.org/api/image?path=%2Fopt%2Fcaradvice-media%2Fimages%2Fautos%2F343%2F1755912036663.8bcf5e4b-d8cc-414c-ab16-e7423618ce3a.JPG,https://api-caradvice.duckdns.org/api/image?path=%2Fopt%2Fcaradvice-media%2Fimages%2Fautos%2F343%2F1755912036668.13ebfdea-0367-4963-98e1-3e09fdfff04e.JPG,https://api-caradvice.duckdns.org/api/image?path=%2Fopt%2Fcaradvice-media%2Fimages%2Fautos%2F343%2F1755912036673.27df6e04-a6d0-4e28-aef7-cfe91694518c.JPG",TOYOTA,HILUX,2018,60300,KM,DIESEL,MANUAL,PICKUP,Octavio Pinto 3024,Cordoba,Cordoba,5000,AR,-31.4167,-64.1833
344,CHEVROLET ONIX 1.4 LTZ 5P L13,CHEVROLET ONIX 1.4 LTZ 5P L13,AVAILABLE,USED,OTHER,15000000 ARS,https://caradvice.com.ar/autos/344,https://api-caradvice.duckdns.org/api/image?path=%2Fopt%2Fcaradvice-media%2Fimages%2Fautos%2F344%2F1756438421548.b36b7e45-7c8a-4ceb-9706-7782a1b98dbc.JPG,"https://api-caradvice.duckdns.org/api/image?path=%2Fopt%2Fcaradvice-media%2Fimages%2Fautos%2F344%2F1756438421694.6a33c18a-07ea-4f34-b9ca-8938a1a39152.JPG,https://api-caradvice.duckdns.org/api/image?path=%2Fopt%2Fcaradvice-media%2Fimages%2Fautos%2F344%2F1756438421761.441d14f7-d722-4809-b821-1d9d7e9aec3a.JPG,https://api-caradvice.duckdns.org/api/image?path=%2Fopt%2Fcaradvice-media%2Fimages%2Fautos%2F344%2F1756438421798.b7298814-5b16-45a6-98c3-9ea194874972.JPG,https://api-caradvice.duckdns.org/api/image?path=%2Fopt%2Fcaradvice-media%2Fimages%2Fautos%2F344%2F1756438421849.f938b1e7-5316-4d5f-9090-b48100f34493.JPG,https://api-caradvice.duckdns.org/api/image?path=%2Fopt%2Fcaradvice-media%2Fimages%2Fautos%2F344%2F1756438421874.1d0630bc-f96e-4f7d-a600-f3c4f87827a4.JPG,https://api-caradvice.duckdns.org/api/image?path=%2Fopt%2Fcaradvice-media%2Fimages%2Fautos%2F344%2F1756438421900.0f5add22-4600-43b6-8010-9fd4acf08e01.JPG,https://api-caradvice.duckdns.org/api/image?path=%2Fopt%2Fcaradvice-media%2Fimages%2Fautos%2F344%2F1756438422070.64ec5e86-323b-4ab3-a8c0-002d73b4ca24.JPG,https://api-caradvice.duckdns.org/api/image?path=%2Fopt%2Fcaradvice-media%2Fimages%2Fautos%2F344%2F1756438422088.65b807ce-b433-4e64-b879-0c6e7b2c1796.JPG,https://api-caradvice.duckdns.org/api/image?path=%2Fopt%2Fcaradvice-media%2Fimages%2Fautos%2F344%2F1756438422105.97d56a75-73df-4723-bc56-de4a2237bcff.JPG,https://api-caradvice.duckdns.org/api/image?path=%2Fopt%2Fcaradvice-media%2Fimages%2Fautos%2F344%2F1756438422128.211e1c7c-20fc-4929-af75-8588f6561eaf.JPG",CHEVROLET,ONIX,2015,111000,KM,GASOLINE,MANUAL,HATCHBACK,Octavio Pinto 3024,Cordoba,Cordoba,5000,AR,-31.4167,-64.1833
345,ROYAL ENFIELD INTERCEPTOR STD,ROYAL ENFIELD INTERCEPTOR STD,AVAILABLE,USED,OTHER,11000000 ARS,https://caradvice.com.ar/autos/345,https://api-caradvice.duckdns.org/api/image?path=%2Fopt%2Fcaradvice-media%2Fimages%2Fautos%2F345%2F1750872812953.98110589-2bbd-4d1c-a8a9-d2e0e11773a7.JPG,"https://api-caradvice.duckdns.org/api/image?path=%2Fopt%2Fcaradvice-media%2Fimages%2Fautos%2F345%2F1750872813477.77660bd0-167b-4616-a58e-523f17f88bb5.JPG,https://api-caradvice.duckdns.org/api/image?path=%2Fopt%2Fcaradvice-media%2Fimages%2Fautos%2F345%2F1750872813649.899acad4-085c-4c41-92be-bd90fb9a3a16.JPG,https://api-caradvice.duckdns.org/api/image?path=%2Fopt%2Fcaradvice-media%2Fimages%2Fautos%2F345%2F1750872813774.2d397271-2562-4f70-b8f5-a821926a0b10.JPG,https://api-caradvice.duckdns.org/api/image?path=%2Fopt%2Fcaradvice-media%2Fimages%2Fautos%2F345%2F1750872813924.89cf43a4-177a-4e24-abf7-89c3a18fb451.JPG,https://api-caradvice.duckdns.org/api/image?path=%2Fopt%2Fcaradvice-media%2Fimages%2Fautos%2F345%2F1750872814087.06fcdbda-92e1-45ac-acde-032b527f3ff1.JPG,https://api-caradvice.duckdns.org/api/image?path=%2Fopt%2Fcaradvice-media%2Fimages%2Fautos%2F345%2F1750872814252.9de3451e-b485-4271-88f9-62520aab9c91.JPG,https://api-caradvice.duckdns.org/api/image?path=%2Fopt%2Fcaradvice-media%2Fimages%2Fautos%2F345%2F1750872814378.ed37daf2-3852-4293-b6a3-d1af1f576579.JPG,https://api-caradvice.duckdns.org/api/image?path=%2Fopt%2Fcaradvice-media%2Fimages%2Fautos%2F345%2F1750872814495.229de406-1848-416b-8d28-791eeec27059.JPG,https://api-caradvice.duckdns.org/api/image?path=%2Fopt%2Fcaradvice-media%2Fimages%2Fautos%2F345%2F1750872814658.cc4b7fdf-ace3-4b19-adb1-1109058fff97.JPG,https://api-caradvice.duckdns.org/api/image?path=%2Fopt%2Fcaradvice-media%2Fimages%2Fautos%2F345%2F1750872814795.d25d1783-443f-443b-a436-c098d2425cee.JPG",ROYAL ENFIELD,INTERCEPTOR,2024,2900,KM,GASOLINE,OTHER,OTHER,Octavio Pinto 3024,Cordoba,Cordoba,5000,AR,-31.4167,-64.1833
346,RENAULT DUSTER 1.6 4X2 PRIVILEGE L15,RENAULT DUSTER 1.6 4X2 PRIVILEGE L15,AVAILABLE,USED,OTHER,24800000 ARS,https://caradvice.com.ar/autos/346,https://api-caradvice.duckdns.org/api/image?path=%2Fopt%2Fcaradvice-media%2Fimages%2Fautos%2F346%2F1765482082812.IMG-20251211-WA0401.jpg,"https://api-caradvice.duckdns.org/api/image?path=%2Fopt%2Fcaradvice-media%2Fimages%2Fautos%2F346%2F1765482082864.IMG-20251211-WA0399.jpg,https://api-caradvice.duckdns.org/api/image?path=%2Fopt%2Fcaradvice-media%2Fimages%2Fautos%2F346%2F1765482083015.IMG-20251211-WA0398.jpg,https://api-caradvice.duckdns.org/api/image?path=%2Fopt%2Fcaradvice-media%2Fimages%2Fautos%2F346%2F1765482083115.IMG-20251211-WA0403.jpg,https://api-caradvice.duckdns.org/api/image?path=%2Fopt%2Fcaradvice-media%2Fimages%2Fautos%2F346%2F1765482083540.IMG-20251211-WA0400.jpg,https://api-caradvice.duckdns.org/api/image?path=%2Fopt%2Fcaradvice-media%2Fimages%2Fautos%2F346%2F1765482084095.IMG-20251211-WA0402.jpg,https://api-caradvice.duckdns.org/api/image?path=%2Fopt%2Fcaradvice-media%2Fimages%2Fautos%2F346%2F1765482084260.IMG-20251211-WA0404.jpg,https://api-caradvice.duckdns.org/api/image?path=%2Fopt%2Fcaradvice-media%2Fimages%2Fautos%2F346%2F1765482084318.IMG-20251211-WA0405.jpg,https://api-caradvice.duckdns.org/api/image?path=%2Fopt%2Fcaradvice-media%2Fimages%2Fautos%2F346%2F1765482084568.IMG-20251211-WA0406.jpg,https://api-caradvice.duckdns.org/api/image?path=%2Fopt%2Fcaradvice-media%2Fimages%2Fautos%2F346%2F1765482084723.IMG-20251211-WA0407.jpg,https://api-caradvice.duckdns.org/api/image?path=%2Fopt%2Fcaradvice-media%2Fimages%2Fautos%2F346%2F1765482084926.IMG-20251211-WA0408.jpg",RENAULT,DUSTER,2020,98200,KM,OTHER,MANUAL,SUV,Octavio Pinto 3024,Cordoba,Cordoba,5000,AR,-31.4167,-64.1833
347,VOLKSWAGEN AMAROK 3.0 TD V6 258HP 4X4 DC EXTREME AT L20,VOLKSWAGEN AMAROK 3.0 TD V6 258HP 4X4 DC EXTREME AT L20,AVAILABLE,USED,OTHER,39900 USD,https://caradvice.com.ar/autos/347,https://api-caradvice.duckdns.org/api/image?path=%2Fopt%2Fcaradvice-media%2Fimages%2Fautos%2F347%2F1766175569007.WhatsApp%20Image%202025-12-19%20at%2016.29.58%20(1).jpeg,"https://api-caradvice.duckdns.org/api/image?path=%2Fopt%2Fcaradvice-media%2Fimages%2Fautos%2F347%2F1766175569072.WhatsApp%20Image%202025-12-19%20at%2016.29.59.jpeg,https://api-caradvice.duckdns.org/api/image?path=%2Fopt%2Fcaradvice-media%2Fimages%2Fautos%2F347%2F1766175569113.WhatsApp%20Image%202025-12-19%20at%2016.29.57.jpeg,https://api-caradvice.duckdns.org/api/image?path=%2Fopt%2Fcaradvice-media%2Fimages%2Fautos%2F347%2F1766175569186.WhatsApp%20Image%202025-12-19%20at%2016.29.59%20(1).jpeg,https://api-caradvice.duckdns.org/api/image?path=%2Fopt%2Fcaradvice-media%2Fimages%2Fautos%2F347%2F1766175569278.WhatsApp%20Image%202025-12-19%20at%2016.29.58.jpeg,https://api-caradvice.duckdns.org/api/image?path=%2Fopt%2Fcaradvice-media%2Fimages%2Fautos%2F347%2F1766175569373.WhatsApp%20Image%202025-12-19%20at%2016.29.58%20(2).jpeg,https://api-caradvice.duckdns.org/api/image?path=%2Fopt%2Fcaradvice-media%2Fimages%2Fautos%2F347%2F1766175569457.WhatsApp%20Image%202025-12-19%20at%2016.30.00.jpeg,https://api-caradvice.duckdns.org/api/image?path=%2Fopt%2Fcaradvice-media%2Fimages%2Fautos%2F347%2F1766175569588.WhatsApp%20Image%202025-12-19%20at%2016.30.00%20(1).jpeg,https://api-caradvice.duckdns.org/api/image?path=%2Fopt%2Fcaradvice-media%2Fimages%2Fautos%2F347%2F1766175569665.WhatsApp%20Image%202025-12-19%20at%2016.30.00%20(2).jpeg,https://api-caradvice.duckdns.org/api/image?path=%2Fopt%2Fcaradvice-media%2Fimages%2Fautos%2F347%2F1766175569708.WhatsApp%20Image%202025-12-19%20at%2016.30.02%20(1).jpeg,https://api-caradvice.duckdns.org/api/image?path=%2Fopt%2Fcaradvice-media%2Fimages%2Fautos%2F347%2F1766175569817.WhatsApp%20Image%202025-12-19%20at%2016.30.03.jpeg",VOLKSWAGEN,AMAROK,2020,80200,KM,DIESEL,AUTOMATIC,PICKUP,Octavio Pinto 3024,Cordoba,Cordoba,5000,AR,-31.4167,-64.1833
348,MERCEDES BENZ VITO 111 CDI FURGON PLUS AA L17,MERCEDES BENZ VITO 111 CDI FURGON PLUS AA L17,AVAILABLE,USED,OTHER,43500000 ARS,https://caradvice.com.ar/autos/348,https://api-caradvice.duckdns.org/api/image?path=%2Fopt%2Fcaradvice-media%2Fimages%2Fautos%2F348%2F1763503062170.IMG-20251118-WA0431.jpg,"https://api-caradvice.duckdns.org/api/image?path=%2Fopt%2Fcaradvice-media%2Fimages%2Fautos%2F348%2F1763503062186.IMG-20251118-WA0417.jpg,https://api-caradvice.duckdns.org/api/image?path=%2Fopt%2Fcaradvice-media%2Fimages%2Fautos%2F348%2F1763503062327.IMG-20251118-WA0430.jpg,https://api-caradvice.duckdns.org/api/image?path=%2Fopt%2Fcaradvice-media%2Fimages%2Fautos%2F348%2F1763503062511.IMG-20251118-WA0418.jpg,https://api-caradvice.duckdns.org/api/image?path=%2Fopt%2Fcaradvice-media%2Fimages%2Fautos%2F348%2F1763503062801.IMG-20251118-WA0428.jpg,https://api-caradvice.duckdns.org/api/image?path=%2Fopt%2Fcaradvice-media%2Fimages%2Fautos%2F348%2F1763503063151.IMG-20251118-WA0416.jpg,https://api-caradvice.duckdns.org/api/image?path=%2Fopt%2Fcaradvice-media%2Fimages%2Fautos%2F348%2F1763503063487.IMG-20251118-WA0415.jpg,https://api-caradvice.duckdns.org/api/image?path=%2Fopt%2Fcaradvice-media%2Fimages%2Fautos%2F348%2F1763503063715.IMG-20251118-WA0421.jpg,https://api-caradvice.duckdns.org/api/image?path=%2Fopt%2Fcaradvice-media%2Fimages%2Fautos%2F348%2F1763503063931.IMG-20251118-WA0422.jpg,https://api-caradvice.duckdns.org/api/image?path=%2Fopt%2Fcaradvice-media%2Fimages%2Fautos%2F348%2F1763503064228.IMG-20251118-WA0423.jpg,https://api-caradvice.duckdns.org/api/image?path=%2Fopt%2Fcaradvice-media%2Fimages%2Fautos%2F348%2F1763503064377.IMG-20251118-WA0424.jpg",MERCEDES BENZ,VITO,2018,218800,KM,DIESEL,MANUAL,VAN,Octavio Pinto 3024,Cordoba,Cordoba,5000,AR,-31.4167,-64.1833
350,RAM 1500 5.7 DC 4X4 REBEL AT,RAM 1500 5.7 DC 4X4 REBEL AT,AVAILABLE,USED,OTHER,89000 USD,https://caradvice.com.ar/autos/350,https://api-caradvice.duckdns.org/api/image?path=%2Fopt%2Fcaradvice-media%2Fimages%2Fautos%2F350%2F1764183422056.IMG-20251126-WA0213.jpg,"https://api-caradvice.duckdns.org/api/image?path=%2Fopt%2Fcaradvice-media%2Fimages%2Fautos%2F350%2F1764183422266.IMG-20251126-WA0215.jpg,https://api-caradvice.duckdns.org/api/image?path=%2Fopt%2Fcaradvice-media%2Fimages%2Fautos%2F350%2F1764183422684.IMG-20251126-WA0214.jpg,https://api-caradvice.duckdns.org/api/image?path=%2Fopt%2Fcaradvice-media%2Fimages%2Fautos%2F350%2F1764183423241.IMG-20251126-WA0218.jpg,https://api-caradvice.duckdns.org/api/image?path=%2Fopt%2Fcaradvice-media%2Fimages%2Fautos%2F350%2F1764183423444.IMG-20251126-WA0212.jpg,https://api-caradvice.duckdns.org/api/image?path=%2Fopt%2Fcaradvice-media%2Fimages%2Fautos%2F350%2F1764183423895.IMG-20251126-WA0219.jpg,https://api-caradvice.duckdns.org/api/image?path=%2Fopt%2Fcaradvice-media%2Fimages%2Fautos%2F350%2F1764183424162.IMG-20251126-WA0216.jpg,https://api-caradvice.duckdns.org/api/image?path=%2Fopt%2Fcaradvice-media%2Fimages%2Fautos%2F350%2F1764183424342.IMG-20251126-WA0221.jpg,https://api-caradvice.duckdns.org/api/image?path=%2Fopt%2Fcaradvice-media%2Fimages%2Fautos%2F350%2F1764183424576.IMG-20251126-WA0217.jpg,https://api-caradvice.duckdns.org/api/image?path=%2Fopt%2Fcaradvice-media%2Fimages%2Fautos%2F350%2F1764183424762.IMG-20251126-WA0220.jpg,https://api-caradvice.duckdns.org/api/image?path=%2Fopt%2Fcaradvice-media%2Fimages%2Fautos%2F350%2F1764183424942.IMG-20251126-WA0222.jpg",RAM,1500,2024,66500,KM,GASOLINE,AUTOMATIC,PICKUP,Octavio Pinto 3024,Cordoba,Cordoba,5000,AR,-31.4167,-64.1833
351,CITROEN C3 1.6 VTI FEEL PACK AT L22,CITROEN C3 1.6 VTI FEEL PACK AT L22,AVAILABLE,USED,OTHER,29000000 ARS,https://caradvice.com.ar/autos/351,https://api-caradvice.duckdns.org/api/image?path=%2Fopt%2Fcaradvice-media%2Fimages%2Fautos%2F351%2F1763063993743.IMG-20251113-WA0431.jpg,"https://api-caradvice.duckdns.org/api/image?path=%2Fopt%2Fcaradvice-media%2Fimages%2Fautos%2F351%2F1763063993831.IMG-20251113-WA0432.jpg,https://api-caradvice.duckdns.org/api/image?path=%2Fopt%2Fcaradvice-media%2Fimages%2Fautos%2F351%2F1763063993835.IMG-20251113-WA0427.jpg,https://api-caradvice.duckdns.org/api/image?path=%2Fopt%2Fcaradvice-media%2Fimages%2Fautos%2F351%2F1763063993847.IMG-20251113-WA0428.jpg,https://api-caradvice.duckdns.org/api/image?path=%2Fopt%2Fcaradvice-media%2Fimages%2Fautos%2F351%2F1763063993865.IMG-20251113-WA0434.jpg,https://api-caradvice.duckdns.org/api/image?path=%2Fopt%2Fcaradvice-media%2Fimages%2Fautos%2F351%2F1763063993886.IMG-20251113-WA0433.jpg,https://api-caradvice.duckdns.org/api/image?path=%2Fopt%2Fcaradvice-media%2Fimages%2Fautos%2F351%2F1763063993892.IMG-20251113-WA0430.jpg,https://api-caradvice.duckdns.org/api/image?path=%2Fopt%2Fcaradvice-media%2Fimages%2Fautos%2F351%2F1763063993895.IMG-20251113-WA0429.jpg,https://api-caradvice.duckdns.org/api/image?path=%2Fopt%2Fcaradvice-media%2Fimages%2Fautos%2F351%2F1763063993949.IMG-20251113-WA0435.jpg,https://api-caradvice.duckdns.org/api/image?path=%2Fopt%2Fcaradvice-media%2Fimages%2Fautos%2F351%2F1763063994013.IMG-20251113-WA0436.jpg,https://api-caradvice.duckdns.org/api/image?path=%2Fopt%2Fcaradvice-media%2Fimages%2Fautos%2F351%2F1763063994106.IMG-20251113-WA0437.jpg",CITROEN,C3,2025,1000,KM,GASOLINE,AUTOMATIC,HATCHBACK,Octavio Pinto 3024,Cordoba,Cordoba,5000,AR,-31.4167,-64.1833
352,VOLKSWAGEN VIRTUS 1.6 MSI COMFORTLINE AT,VOLKSWAGEN VIRTUS 1.6 MSI COMFORTLINE AT,AVAILABLE,USED,OTHER,27000000 ARS,https://caradvice.com.ar/autos/352,https://api-caradvice.duckdns.org/api/image?path=%2Fopt%2Fcaradvice-media%2Fimages%2Fautos%2F352%2F1763502540662.IMG-20251118-WA0396.jpg,"https://api-caradvice.duckdns.org/api/image?path=%2Fopt%2Fcaradvice-media%2Fimages%2Fautos%2F352%2F1763502540665.IMG-20251118-WA0375.jpg,https://api-caradvice.duckdns.org/api/image?path=%2Fopt%2Fcaradvice-media%2Fimages%2Fautos%2F352%2F1763502540667.IMG-20251118-WA0394.jpg,https://api-caradvice.duckdns.org/api/image?path=%2Fopt%2Fcaradvice-media%2Fimages%2Fautos%2F352%2F1763502540669.IMG-20251118-WA0379.jpg,https://api-caradvice.duckdns.org/api/image?path=%2Fopt%2Fcaradvice-media%2Fimages%2Fautos%2F352%2F1763502540684.IMG-20251118-WA0395.jpg,https://api-caradvice.duckdns.org/api/image?path=%2Fopt%2Fcaradvice-media%2Fimages%2Fautos%2F352%2F1763502540710.IMG-20251118-WA0380.jpg,https://api-caradvice.duckdns.org/api/image?path=%2Fopt%2Fcaradvice-media%2Fimages%2Fautos%2F352%2F1763502540754.IMG-20251118-WA0381.jpg,https://api-caradvice.duckdns.org/api/image?path=%2Fopt%2Fcaradvice-media%2Fimages%2Fautos%2F352%2F1763502540804.IMG-20251118-WA0382.jpg,https://api-caradvice.duckdns.org/api/image?path=%2Fopt%2Fcaradvice-media%2Fimages%2Fautos%2F352%2F1763502540817.IMG-20251118-WA0386.jpg,https://api-caradvice.duckdns.org/api/image?path=%2Fopt%2Fcaradvice-media%2Fimages%2Fautos%2F352%2F1763502540846.IMG-20251118-WA0388.jpg,https://api-caradvice.duckdns.org/api/image?path=%2Fopt%2Fcaradvice-media%2Fimages%2Fautos%2F352%2F1763502540874.IMG-20251118-WA0389.jpg",VOLKSWAGEN,VIRTUS,2022,87000,KM,GASOLINE,AUTOMATIC,SEDAN,Octavio Pinto 3024,Cordoba,Cordoba,5000,AR,-31.4167,-64.1833
353,NISSAN FRONTIER 2.3 4X4 DC LE AT L18,NISSAN FRONTIER 2.3 4X4 DC LE AT L18,AVAILABLE,USED,OTHER,31100 USD,https://caradvice.com.ar/autos/353,https://api-caradvice.duckdns.org/api/image?path=%2Fopt%2Fcaradvice-media%2Fimages%2Fautos%2F353%2F1746747326623.85af8052-2bdf-4a77-b376-74b9650269c1.JPG,"https://api-caradvice.duckdns.org/api/image?path=%2Fopt%2Fcaradvice-media%2Fimages%2Fautos%2F353%2F1746747327228.f8dfd128-9deb-45d3-a509-e26448a46cee.JPG,https://api-caradvice.duckdns.org/api/image?path=%2Fopt%2Fcaradvice-media%2Fimages%2Fautos%2F353%2F1746747327464.7b6bc47d-86c3-46cd-bc05-595a8d6ce943.JPG,https://api-caradvice.duckdns.org/api/image?path=%2Fopt%2Fcaradvice-media%2Fimages%2Fautos%2F353%2F1746747327595.831dd756-3d78-41e3-bb61-02ea3a1cdbd5.JPG,https://api-caradvice.duckdns.org/api/image?path=%2Fopt%2Fcaradvice-media%2Fimages%2Fautos%2F353%2F1746747327700.409b2b36-896a-49ad-b0c9-4bc28fc8ee3f.JPG,https://api-caradvice.duckdns.org/api/image?path=%2Fopt%2Fcaradvice-media%2Fimages%2Fautos%2F353%2F1746747327838.f3a4d9d5-d413-4781-be89-da4823be779c.JPG,https://api-caradvice.duckdns.org/api/image?path=%2Fopt%2Fcaradvice-media%2Fimages%2Fautos%2F353%2F1746747327954.9550c9b5-1e24-43b6-a11d-ff51c1a03bd7.JPG,https://api-caradvice.duckdns.org/api/image?path=%2Fopt%2Fcaradvice-media%2Fimages%2Fautos%2F353%2F1746747328056.4d4b2db7-3736-43e8-b099-8c28a5991c37.JPG,https://api-caradvice.duckdns.org/api/image?path=%2Fopt%2Fcaradvice-media%2Fimages%2Fautos%2F353%2F1746747328162.6a77367f-319d-4018-a2af-f4af855e4fec.JPG,https://api-caradvice.duckdns.org/api/image?path=%2Fopt%2Fcaradvice-media%2Fimages%2Fautos%2F353%2F1746747328224.6ba5887d-8158-4bd4-9505-910284aa2e02.JPG,https://api-caradvice.duckdns.org/api/image?path=%2Fopt%2Fcaradvice-media%2Fimages%2Fautos%2F353%2F1746747328316.948b487c-79e6-44f2-b97f-d949bb93c5ee.JPG",NISSAN,FRONTIER,2019,77000,KM,DIESEL,AUTOMATIC,PICKUP,Octavio Pinto 3024,Cordoba,Cordoba,5000,AR,-31.4167,-64.1833
354,VOLKSWAGEN POLO 1.6 COMFORTLINE 5P L18,VOLKSWAGEN POLO 1.6 COMFORTLINE 5P L18,AVAILABLE,USED,OTHER,23000000 ARS,https://caradvice.com.ar/autos/354,https://api-caradvice.duckdns.org/api/image?path=%2Fopt%2Fcaradvice-media%2Fimages%2Fautos%2F354%2F1753853482891.57b3a5f7-6c76-4d28-9232-8c12e7ba20bc.jpeg,"https://api-caradvice.duckdns.org/api/image?path=%2Fopt%2Fcaradvice-media%2Fimages%2Fautos%2F354%2F1753853483426.3282f6b2-1347-48e2-8dd5-8bf0b035aa4e.jpeg,https://api-caradvice.duckdns.org/api/image?path=%2Fopt%2Fcaradvice-media%2Fimages%2Fautos%2F354%2F1753853483626.8b43410e-ee10-47a1-9fb2-7c0d9f05ece4.jpeg,https://api-caradvice.duckdns.org/api/image?path=%2Fopt%2Fcaradvice-media%2Fimages%2Fautos%2F354%2F1753853483751.48ee504d-c82c-4977-9c30-5a5917f06af8.jpeg,https://api-caradvice.duckdns.org/api/image?path=%2Fopt%2Fcaradvice-media%2Fimages%2Fautos%2F354%2F1753853483850.07d42a55-e3f4-4b17-94e4-88181e58f58f.jpeg,https://api-caradvice.duckdns.org/api/image?path=%2Fopt%2Fcaradvice-media%2Fimages%2Fautos%2F354%2F1753853483905.d585603d-2382-4b0b-bc8f-572884469eda.jpeg,https://api-caradvice.duckdns.org/api/image?path=%2Fopt%2Fcaradvice-media%2Fimages%2Fautos%2F354%2F1753853483964.9a3b0b8a-0926-425b-b74d-e1521bb2c56d.jpeg,https://api-caradvice.duckdns.org/api/image?path=%2Fopt%2Fcaradvice-media%2Fimages%2Fautos%2F354%2F1753853484040.6967b14b-c351-4a66-a7ce-6c7e2be21f70.jpeg,https://api-caradvice.duckdns.org/api/image?path=%2Fopt%2Fcaradvice-media%2Fimages%2Fautos%2F354%2F1753853484077.9eac844d-1c0b-448f-8fc9-584d41a3c5ff.jpeg,https://api-caradvice.duckdns.org/api/image?path=%2Fopt%2Fcaradvice-media%2Fimages%2Fautos%2F354%2F1753853484121.ab1eddf1-809a-449a-9911-8dca6262bbd4.jpeg,https://api-caradvice.duckdns.org/api/image?path=%2Fopt%2Fcaradvice-media%2Fimages%2Fautos%2F354%2F1753853484133.51aba17a-f69a-44ac-ad76-e2e954e22e94.jpeg",VOLKSWAGEN,POLO,2018,159000,KM,GASOLINE,MANUAL,HATCHBACK,Octavio Pinto 3024,Cordoba,Cordoba,5000,AR,-31.4167,-64.1833
355,JEEP RENEGADE 1.8 4X2 LONGITUDE AT L18,JEEP RENEGADE 1.8 4X2 LONGITUDE AT L18,AVAILABLE,USED,OTHER,33000000 ARS,https://caradvice.com.ar/autos/355,https://api-caradvice.duckdns.org/api/image?path=%2Fopt%2Fcaradvice-media%2Fimages%2Fautos%2F355%2F1755728837447.7ba8e919-38d5-4d64-9c0e-1c637fa381d6.JPG,"https://api-caradvice.duckdns.org/api/image?path=%2Fopt%2Fcaradvice-media%2Fimages%2Fautos%2F355%2F1755728837827.15d65a6b-1801-42e1-97fc-7acc3d2bcbe7.JPG,https://api-caradvice.duckdns.org/api/image?path=%2Fopt%2Fcaradvice-media%2Fimages%2Fautos%2F355%2F1755728838023.ae7af5d7-3d60-411d-8073-724b1ddadeea.JPG,https://api-caradvice.duckdns.org/api/image?path=%2Fopt%2Fcaradvice-media%2Fimages%2Fautos%2F355%2F1755728838177.1d6fea15-ed47-4732-9bfa-2c8caa9cfd66.JPG,https://api-caradvice.duckdns.org/api/image?path=%2Fopt%2Fcaradvice-media%2Fimages%2Fautos%2F355%2F1755728838239.67a0e2d2-f15d-4d51-8f19-0b152dbee3cb.JPG,https://api-caradvice.duckdns.org/api/image?path=%2Fopt%2Fcaradvice-media%2Fimages%2Fautos%2F355%2F1755728838351.c9de383d-b10d-4a29-a50a-e19fa24c8599.JPG,https://api-caradvice.duckdns.org/api/image?path=%2Fopt%2Fcaradvice-media%2Fimages%2Fautos%2F355%2F1755728838394.1f59f56c-c127-4f38-9098-70630712a3cc.JPG,https://api-caradvice.duckdns.org/api/image?path=%2Fopt%2Fcaradvice-media%2Fimages%2Fautos%2F355%2F1755728838429.4c022f65-46c9-4606-8c32-87b549d502c8.JPG,https://api-caradvice.duckdns.org/api/image?path=%2Fopt%2Fcaradvice-media%2Fimages%2Fautos%2F355%2F1755728838515.8b028f03-4f64-4bc5-b0b0-dc6cc8ff4795.JPG,https://api-caradvice.duckdns.org/api/image?path=%2Fopt%2Fcaradvice-media%2Fimages%2Fautos%2F355%2F1755728838547.22e0cacf-a012-43bc-b83e-e23fc81fa097.JPG,https://api-caradvice.duckdns.org/api/image?path=%2Fopt%2Fcaradvice-media%2Fimages%2Fautos%2F355%2F1755728838598.517e0184-e200-45bf-8d03-e37b141b3970.JPG",JEEP,RENEGADE,2022,67000,KM,GASOLINE,AUTOMATIC,SUV,Octavio Pinto 3024,Cordoba,Cordoba,5000,AR,-31.4167,-64.1833
356,TOYOTA COROLLA 2.0 SE-G CVT L19,TOYOTA COROLLA 2.0 SE-G CVT L19,AVAILABLE,USED,OTHER,38500000 ARS,https://caradvice.com.ar/autos/356,https://api-caradvice.duckdns.org/api/image?path=%2Fopt%2Fcaradvice-media%2Fimages%2Fautos%2F356%2F1765483656853.IMG-20251211-WA0424.jpg,"https://api-caradvice.duckdns.org/api/image?path=%2Fopt%2Fcaradvice-media%2Fimages%2Fautos%2F356%2F1765483656866.IMG-20251211-WA0426.jpg,https://api-caradvice.duckdns.org/api/image?path=%2Fopt%2Fcaradvice-media%2Fimages%2Fautos%2F356%2F1765483656892.IMG-20251211-WA0420.jpg,https://api-caradvice.duckdns.org/api/image?path=%2Fopt%2Fcaradvice-media%2Fimages%2Fautos%2F356%2F1765483656972.IMG-20251211-WA0425.jpg,https://api-caradvice.duckdns.org/api/image?path=%2Fopt%2Fcaradvice-media%2Fimages%2Fautos%2F356%2F1765483657021.IMG-20251211-WA0421.jpg,https://api-caradvice.duckdns.org/api/image?path=%2Fopt%2Fcaradvice-media%2Fimages%2Fautos%2F356%2F1765483657089.IMG-20251211-WA0423.jpg,https://api-caradvice.duckdns.org/api/image?path=%2Fopt%2Fcaradvice-media%2Fimages%2Fautos%2F356%2F1765483657154.IMG-20251211-WA0429.jpg,https://api-caradvice.duckdns.org/api/image?path=%2Fopt%2Fcaradvice-media%2Fimages%2Fautos%2F356%2F1765483657191.IMG-20251211-WA0422.jpg,https://api-caradvice.duckdns.org/api/image?path=%2Fopt%2Fcaradvice-media%2Fimages%2Fautos%2F356%2F1765483657236.IMG-20251211-WA0428.jpg,https://api-caradvice.duckdns.org/api/image?path=%2Fopt%2Fcaradvice-media%2Fimages%2Fautos%2F356%2F1765483657296.IMG-20251211-WA0430.jpg,https://api-caradvice.duckdns.org/api/image?path=%2Fopt%2Fcaradvice-media%2Fimages%2Fautos%2F356%2F1765483657357.IMG-20251211-WA0431.jpg",TOYOTA,COROLLA,2021,88509,KM,GASOLINE,AUTOMATIC,SEDAN,Octavio Pinto 3024,Cordoba,Cordoba,5000,AR,-31.4167,-64.1833
357,FIAT FIORINO 1.4 ENDURANCE L24,FIAT FIORINO 1.4 ENDURANCE L24,AVAILABLE,USED,OTHER,28500000 ARS,https://caradvice.com.ar/autos/357,https://api-caradvice.duckdns.org/api/image?path=%2Fopt%2Fcaradvice-media%2Fimages%2Fautos%2F357%2F1758291844768.IMG-20250127-WA0316.jpg,"https://api-caradvice.duckdns.org/api/image?path=%2Fopt%2Fcaradvice-media%2Fimages%2Fautos%2F357%2F1758291844807.IMG-20250127-WA0311.jpg,https://api-caradvice.duckdns.org/api/image?path=%2Fopt%2Fcaradvice-media%2Fimages%2Fautos%2F357%2F1758291844833.IMG-20250127-WA0306.jpg,https://api-caradvice.duckdns.org/api/image?path=%2Fopt%2Fcaradvice-media%2Fimages%2Fautos%2F357%2F1758291844891.IMG-20250127-WA0312.jpg,https://api-caradvice.duckdns.org/api/image?path=%2Fopt%2Fcaradvice-media%2Fimages%2Fautos%2F357%2F1758291844919.IMG-20250127-WA0304.jpg,https://api-caradvice.duckdns.org/api/image?path=%2Fopt%2Fcaradvice-media%2Fimages%2Fautos%2F357%2F1758291844955.IMG-20250127-WA0303.jpg,https://api-caradvice.duckdns.org/api/image?path=%2Fopt%2Fcaradvice-media%2Fimages%2Fautos%2F357%2F1758291844971.IMG-20250127-WA0317.jpg,https://api-caradvice.duckdns.org/api/image?path=%2Fopt%2Fcaradvice-media%2Fimages%2Fautos%2F357%2F1758291844988.IMG-20250127-WA0315.jpg,https://api-caradvice.duckdns.org/api/image?path=%2Fopt%2Fcaradvice-media%2Fimages%2Fautos%2F357%2F1758291845020.IMG-20250127-WA0305.jpg,https://api-caradvice.duckdns.org/api/image?path=%2Fopt%2Fcaradvice-media%2Fimages%2Fautos%2F357%2F1758291845051.IMG-20250127-WA0302.jpg,https://api-caradvice.duckdns.org/api/image?path=%2Fopt%2Fcaradvice-media%2Fimages%2Fautos%2F357%2F1758291845078.IMG-20250127-WA0318.jpg",FIAT,FIORINO,2025,0,KM,GASOLINE,MANUAL,VAN,Octavio Pinto 3024,Cordoba,Cordoba,5000,AR,-31.4167,-64.1833
358,AUDI Q8 55 TFSI QUATTRO,AUDI Q8 55 TFSI QUATTRO,AVAILABLE,USED,OTHER,137000 USD,https://caradvice.com.ar/autos/358,https://api-caradvice.duckdns.org/api/image?path=%2Fopt%2Fcaradvice-media%2Fimages%2Fautos%2F358%2F1763572190374.IMG-20251119-WA0126.jpg,"https://api-caradvice.duckdns.org/api/image?path=%2Fopt%2Fcaradvice-media%2Fimages%2Fautos%2F358%2F1763572190609.IMG-20251119-WA0129.jpg,https://api-caradvice.duckdns.org/api/image?path=%2Fopt%2Fcaradvice-media%2Fimages%2Fautos%2F358%2F1763572190927.IMG-20251119-WA0127.jpg,https://api-caradvice.duckdns.org/api/image?path=%2Fopt%2Fcaradvice-media%2Fimages%2Fautos%2F358%2F1763572191262.IMG-20251119-WA0130.jpg,https://api-caradvice.duckdns.org/api/image?path=%2Fopt%2Fcaradvice-media%2Fimages%2Fautos%2F358%2F1763572191674.IMG-20251119-WA0125.jpg,https://api-caradvice.duckdns.org/api/image?path=%2Fopt%2Fcaradvice-media%2Fimages%2Fautos%2F358%2F1763572191977.IMG-20251119-WA0128.jpg,https://api-caradvice.duckdns.org/api/image?path=%2Fopt%2Fcaradvice-media%2Fimages%2Fautos%2F358%2F1763572192258.IMG-20251119-WA0135.jpg,https://api-caradvice.duckdns.org/api/image?path=%2Fopt%2Fcaradvice-media%2Fimages%2Fautos%2F358%2F1763572192398.IMG-20251119-WA0134.jpg,https://api-caradvice.duckdns.org/api/image?path=%2Fopt%2Fcaradvice-media%2Fimages%2Fautos%2F358%2F1763572193193.IMG-20251119-WA0136.jpg,https://api-caradvice.duckdns.org/api/image?path=%2Fopt%2Fcaradvice-media%2Fimages%2Fautos%2F358%2F1763572193389.IMG-20251119-WA0137.jpg,https://api-caradvice.duckdns.org/api/image?path=%2Fopt%2Fcaradvice-media%2Fimages%2Fautos%2F358%2F1763572193599.IMG-20251119-WA0141.jpg",AUDI,Q8,2021,71800,KM,GASOLINE,AUTOMATIC,SUV,Octavio Pinto 3024,Cordoba,Cordoba,5000,AR,-31.4167,-64.1833
359,FIAT CRONOS 1.8 PRECISION AT L21,FIAT CRONOS 1.8 PRECISION AT L21,AVAILABLE,USED,OTHER,22500000 ARS,https://caradvice.com.ar/autos/359,https://api-caradvice.duckdns.org/api/image?path=%2Fopt%2Fcaradvice-media%2Fimages%2Fautos%2F359%2F1762203551225.IMG-20251103-WA0557.jpg,"https://api-caradvice.duckdns.org/api/image?path=%2Fopt%2Fcaradvice-media%2Fimages%2Fautos%2F359%2F1762203551544.IMG-20251103-WA0556.jpg,https://api-caradvice.duckdns.org/api/image?path=%2Fopt%2Fcaradvice-media%2Fimages%2Fautos%2F359%2F1762203551726.IMG-20251103-WA0559.jpg,https://api-caradvice.duckdns.org/api/image?path=%2Fopt%2Fcaradvice-media%2Fimages%2Fautos%2F359%2F1762203551896.IMG-20251103-WA0558.jpg,https://api-caradvice.duckdns.org/api/image?path=%2Fopt%2Fcaradvice-media%2Fimages%2Fautos%2F359%2F1762203551928.IMG-20251103-WA0560.jpg,https://api-caradvice.duckdns.org/api/image?path=%2Fopt%2Fcaradvice-media%2Fimages%2Fautos%2F359%2F1762203551969.IMG-20251103-WA0561.jpg,https://api-caradvice.duckdns.org/api/image?path=%2Fopt%2Fcaradvice-media%2Fimages%2Fautos%2F359%2F1762203551999.IMG-20251103-WA0562.jpg,https://api-caradvice.duckdns.org/api/image?path=%2Fopt%2Fcaradvice-media%2Fimages%2Fautos%2F359%2F1762203552051.IMG-20251103-WA0563.jpg,https://api-caradvice.duckdns.org/api/image?path=%2Fopt%2Fcaradvice-media%2Fimages%2Fautos%2F359%2F1762203552092.IMG-20251103-WA0564.jpg,https://api-caradvice.duckdns.org/api/image?path=%2Fopt%2Fcaradvice-media%2Fimages%2Fautos%2F359%2F1762203552273.IMG-20251103-WA0565.jpg,https://api-caradvice.duckdns.org/api/image?path=%2Fopt%2Fcaradvice-media%2Fimages%2Fautos%2F359%2F1762203552545.IMG-20251103-WA0566.jpg",FIAT,CRONOS,2021,96600,KM,GASOLINE,AUTOMATIC,SEDAN,Octavio Pinto 3024,Cordoba,Cordoba,5000,AR,-31.4167,-64.1833
360,PEUGEOT 2008 1.6 CROSSWAY L18,PEUGEOT 2008 1.6 CROSSWAY L18,AVAILABLE,USED,OTHER,20000000 ARS,https://caradvice.com.ar/autos/360,https://api-caradvice.duckdns.org/api/image?path=%2Fopt%2Fcaradvice-media%2Fimages%2Fautos%2F360%2F1763575139371.IMG-20251119-WA0180.jpg,"https://api-caradvice.duckdns.org/api/image?path=%2Fopt%2Fcaradvice-media%2Fimages%2Fautos%2F360%2F1763575139810.IMG-20251119-WA0183.jpg,https://api-caradvice.duckdns.org/api/image?path=%2Fopt%2Fcaradvice-media%2Fimages%2Fautos%2F360%2F1763575140238.IMG-20251119-WA0179.jpg,https://api-caradvice.duckdns.org/api/image?path=%2Fopt%2Fcaradvice-media%2Fimages%2Fautos%2F360%2F1763575140581.IMG-20251119-WA0186.jpg,https://api-caradvice.duckdns.org/api/image?path=%2Fopt%2Fcaradvice-media%2Fimages%2Fautos%2F360%2F1763575140882.IMG-20251119-WA0181.jpg,https://api-caradvice.duckdns.org/api/image?path=%2Fopt%2Fcaradvice-media%2Fimages%2Fautos%2F360%2F1763575141291.IMG-20251119-WA0182.jpg,https://api-caradvice.duckdns.org/api/image?path=%2Fopt%2Fcaradvice-media%2Fimages%2Fautos%2F360%2F1763575141641.IMG-20251119-WA0184.jpg,https://api-caradvice.duckdns.org/api/image?path=%2Fopt%2Fcaradvice-media%2Fimages%2Fautos%2F360%2F1763575142124.IMG-20251119-WA0185.jpg,https://api-caradvice.duckdns.org/api/image?path=%2Fopt%2Fcaradvice-media%2Fimages%2Fautos%2F360%2F1763575142614.IMG-20251119-WA0187.jpg,https://api-caradvice.duckdns.org/api/image?path=%2Fopt%2Fcaradvice-media%2Fimages%2Fautos%2F360%2F1763575143163.IMG-20251119-WA0188.jpg,https://api-caradvice.duckdns.org/api/image?path=%2Fopt%2Fcaradvice-media%2Fimages%2Fautos%2F360%2F1763575143364.IMG-20251119-WA0189.jpg",PEUGEOT,2008,2019,96200,KM,GASOLINE,MANUAL,SUV,Octavio Pinto 3024,Cordoba,Cordoba,5000,AR,-31.4167,-64.1833
361,TOYOTA HILUX 3.0 TDI 4X4 DC SRV L05,TOYOTA HILUX 3.0 TDI 4X4 DC SRV L05,AVAILABLE,USED,OTHER,25500000 ARS,https://caradvice.com.ar/autos/361,https://api-caradvice.duckdns.org/api/image?path=%2Fopt%2Fcaradvice-media%2Fimages%2Fautos%2F361%2F1766515771918.WhatsApp%20Image%202025-12-23%20at%2015.28.05.jpeg,"https://api-caradvice.duckdns.org/api/image?path=%2Fopt%2Fcaradvice-media%2Fimages%2Fautos%2F361%2F1766515771942.WhatsApp%20Image%202025-12-23%20at%2015.28.07.jpeg,https://api-caradvice.duckdns.org/api/image?path=%2Fopt%2Fcaradvice-media%2Fimages%2Fautos%2F361%2F1766515772370.WhatsApp%20Image%202025-12-23%20at%2015.28.02.jpeg,https://api-caradvice.duckdns.org/api/image?path=%2Fopt%2Fcaradvice-media%2Fimages%2Fautos%2F361%2F1766515772876.WhatsApp%20Image%202025-12-23%20at%2015.28.08.jpeg,https://api-caradvice.duckdns.org/api/image?path=%2Fopt%2Fcaradvice-media%2Fimages%2Fautos%2F361%2F1766515773865.WhatsApp%20Image%202025-12-23%20at%2015.28.03.jpeg,https://api-caradvice.duckdns.org/api/image?path=%2Fopt%2Fcaradvice-media%2Fimages%2Fautos%2F361%2F1766515774821.WhatsApp%20Image%202025-12-23%20at%2015.28.06.jpeg,https://api-caradvice.duckdns.org/api/image?path=%2Fopt%2Fcaradvice-media%2Fimages%2Fautos%2F361%2F1766515775095.WhatsApp%20Image%202025-12-23%20at%2015.28.08%20(1).jpeg,https://api-caradvice.duckdns.org/api/image?path=%2Fopt%2Fcaradvice-media%2Fimages%2Fautos%2F361%2F1766515775324.WhatsApp%20Image%202025-12-23%20at%2015.28.08%20(2).jpeg,https://api-caradvice.duckdns.org/api/image?path=%2Fopt%2Fcaradvice-media%2Fimages%2Fautos%2F361%2F1766515775838.WhatsApp%20Image%202025-12-23%20at%2015.28.10.jpeg,https://api-caradvice.duckdns.org/api/image?path=%2Fopt%2Fcaradvice-media%2Fimages%2Fautos%2F361%2F1766515776005.WhatsApp%20Image%202025-12-23%20at%2015.28.09.jpeg,https://api-caradvice.duckdns.org/api/image?path=%2Fopt%2Fcaradvice-media%2Fimages%2Fautos%2F361%2F1766515776193.WhatsApp%20Image%202025-12-23%20at%2015.28.10%20(1).jpeg",TOYOTA,HILUX,2009,274300,KM,DIESEL,MANUAL,PICKUP,Octavio Pinto 3024,Cordoba,Cordoba,5000,AR,-31.4167,-64.1833
362,RENAULT DUSTER 1.6 4X2 EXPRESSION L11,RENAULT DUSTER 1.6 4X2 EXPRESSION L11,AVAILABLE,USED,OTHER,14500000 ARS,https://caradvice.com.ar/autos/362,https://api-caradvice.duckdns.org/api/image?path=%2Fopt%2Fcaradvice-media%2Fimages%2Fautos%2F362%2F1761245750858.IMG-20251023-WA0250.jpg,"https://api-caradvice.duckdns.org/api/image?path=%2Fopt%2Fcaradvice-media%2Fimages%2Fautos%2F362%2F1761245750947.IMG-20251023-WA0255.jpg,https://api-caradvice.duckdns.org/api/image?path=%2Fopt%2Fcaradvice-media%2Fimages%2Fautos%2F362%2F1761245751072.IMG-20251023-WA0248.jpg,https://api-caradvice.duckdns.org/api/image?path=%2Fopt%2Fcaradvice-media%2Fimages%2Fautos%2F362%2F1761245751167.IMG-20251023-WA0252.jpg,https://api-caradvice.duckdns.org/api/image?path=%2Fopt%2Fcaradvice-media%2Fimages%2Fautos%2F362%2F1761245751224.IMG-20251023-WA0249.jpg,https://api-caradvice.duckdns.org/api/image?path=%2Fopt%2Fcaradvice-media%2Fimages%2Fautos%2F362%2F1761245751308.IMG-20251023-WA0251.jpg,https://api-caradvice.duckdns.org/api/image?path=%2Fopt%2Fcaradvice-media%2Fimages%2Fautos%2F362%2F1761245751351.IMG-20251023-WA0254.jpg,https://api-caradvice.duckdns.org/api/image?path=%2Fopt%2Fcaradvice-media%2Fimages%2Fautos%2F362%2F1761245751417.IMG-20251023-WA0256.jpg,https://api-caradvice.duckdns.org/api/image?path=%2Fopt%2Fcaradvice-media%2Fimages%2Fautos%2F362%2F1761245751501.IMG-20251023-WA0257.jpg,https://api-caradvice.duckdns.org/api/image?path=%2Fopt%2Fcaradvice-media%2Fimages%2Fautos%2F362%2F1761245751590.IMG-20251023-WA0258.jpg,https://api-caradvice.duckdns.org/api/image?path=%2Fopt%2Fcaradvice-media%2Fimages%2Fautos%2F362%2F1761245751613.IMG-20251023-WA0259.jpg",RENAULT,DUSTER,2012,277300,KM,OTHER,MANUAL,SUV,Octavio Pinto 3024,Cordoba,Cordoba,5000,AR,-31.4167,-64.1833
363,VOLKSWAGEN SAVEIRO 1.6 CABEXT SAFETY P HIGHLINE L13,VOLKSWAGEN SAVEIRO 1.6 CABEXT SAFETY P HIGHLINE L13,AVAILABLE,USED,OTHER,18400000 ARS,https://caradvice.com.ar/autos/363,https://api-caradvice.duckdns.org/api/image?path=%2Fopt%2Fcaradvice-media%2Fimages%2Fautos%2F363%2F1759511688017.IMG-20251003-WA0280.jpg,"https://api-caradvice.duckdns.org/api/image?path=%2Fopt%2Fcaradvice-media%2Fimages%2Fautos%2F363%2F1759511688195.IMG-20251003-WA0287.jpg,https://api-caradvice.duckdns.org/api/image?path=%2Fopt%2Fcaradvice-media%2Fimages%2Fautos%2F363%2F1759511688543.IMG-20251003-WA0281.jpg,https://api-caradvice.duckdns.org/api/image?path=%2Fopt%2Fcaradvice-media%2Fimages%2Fautos%2F363%2F1759511688916.IMG-20251003-WA0286.jpg,https://api-caradvice.duckdns.org/api/image?path=%2Fopt%2Fcaradvice-media%2Fimages%2Fautos%2F363%2F1759511689298.IMG-20251003-WA0283.jpg,https://api-caradvice.duckdns.org/api/image?path=%2Fopt%2Fcaradvice-media%2Fimages%2Fautos%2F363%2F1759511689680.IMG-20251003-WA0282.jpg,https://api-caradvice.duckdns.org/api/image?path=%2Fopt%2Fcaradvice-media%2Fimages%2Fautos%2F363%2F1759511690222.IMG-20251003-WA0298.jpg,https://api-caradvice.duckdns.org/api/image?path=%2Fopt%2Fcaradvice-media%2Fimages%2Fautos%2F363%2F1759511690650.IMG-20251003-WA0295.jpg,https://api-caradvice.duckdns.org/api/image?path=%2Fopt%2Fcaradvice-media%2Fimages%2Fautos%2F363%2F1759511691645.IMG-20251003-WA0291.jpg,https://api-caradvice.duckdns.org/api/image?path=%2Fopt%2Fcaradvice-media%2Fimages%2Fautos%2F363%2F1759511692162.IMG-20251003-WA0293.jpg,https://api-caradvice.duckdns.org/api/image?path=%2Fopt%2Fcaradvice-media%2Fimages%2Fautos%2F363%2F1759511692884.IMG-20251003-WA0299.jpg",VOLKSWAGEN,SAVEIRO,2014,136000,KM,GASOLINE,MANUAL,PICKUP,Octavio Pinto 3024,Cordoba,Cordoba,5000,AR,-31.4167,-64.1833
364,TOYOTA YARIS 1.5 XS CVT 5P,TOYOTA YARIS 1.5 XS CVT 5P,AVAILABLE,USED,OTHER,22500 USD,https://caradvice.com.ar/autos/364,https://api-caradvice.duckdns.org/api/image?path=%2Fopt%2Fcaradvice-media%2Fimages%2Fautos%2F364%2F1758133374864.IMG-20250915-WA0804.jpg,"https://api-caradvice.duckdns.org/api/image?path=%2Fopt%2Fcaradvice-media%2Fimages%2Fautos%2F364%2F1758133376222.IMG-20250915-WA0806.jpg,https://api-caradvice.duckdns.org/api/image?path=%2Fopt%2Fcaradvice-media%2Fimages%2Fautos%2F364%2F1758133378502.IMG-20250915-WA0807.jpg,https://api-caradvice.duckdns.org/api/image?path=%2Fopt%2Fcaradvice-media%2Fimages%2Fautos%2F364%2F1758133379750.IMG-20250915-WA0809.jpg,https://api-caradvice.duckdns.org/api/image?path=%2Fopt%2Fcaradvice-media%2Fimages%2Fautos%2F364%2F1758133381301.IMG-20250915-WA0805.jpg,https://api-caradvice.duckdns.org/api/image?path=%2Fopt%2Fcaradvice-media%2Fimages%2Fautos%2F364%2F1758133381938.IMG-20250915-WA0803.jpg,https://api-caradvice.duckdns.org/api/image?path=%2Fopt%2Fcaradvice-media%2Fimages%2Fautos%2F364%2F1758133383262.IMG-20250915-WA0821.jpg,https://api-caradvice.duckdns.org/api/image?path=%2Fopt%2Fcaradvice-media%2Fimages%2Fautos%2F364%2F1758133383968.IMG-20250915-WA0808.jpg,https://api-caradvice.duckdns.org/api/image?path=%2Fopt%2Fcaradvice-media%2Fimages%2Fautos%2F364%2F1758133384709.IMG-20250915-WA0822.jpg,https://api-caradvice.duckdns.org/api/image?path=%2Fopt%2Fcaradvice-media%2Fimages%2Fautos%2F364%2F1758133385274.IMG-20250915-WA0815.jpg,https://api-caradvice.duckdns.org/api/image?path=%2Fopt%2Fcaradvice-media%2Fimages%2Fautos%2F364%2F1758133385696.IMG-20250915-WA0817.jpg",TOYOTA,YARIS,2025,805,KM,GASOLINE,AUTOMATIC,HATCHBACK,Octavio Pinto 3024,Cordoba,Cordoba,5000,AR,-31.4167,-64.1833
365,RENAULT DUSTER 1.6 4X2 DYNAMIQUE L11,RENAULT DUSTER 1.6 4X2 DYNAMIQUE L11,AVAILABLE,USED,OTHER,14750000 ARS,https://caradvice.com.ar/autos/365,https://api-caradvice.duckdns.org/api/image?path=%2Fopt%2Fcaradvice-media%2Fimages%2Fautos%2F365%2F1761144029867.IMG-20251022-WA0117.jpg,"https://api-caradvice.duckdns.org/api/image?path=%2Fopt%2Fcaradvice-media%2Fimages%2Fautos%2F365%2F1761144029946.IMG-20251022-WA0103.jpg,https://api-caradvice.duckdns.org/api/image?path=%2Fopt%2Fcaradvice-media%2Fimages%2Fautos%2F365%2F1761144030106.IMG-20251022-WA0101.jpg,https://api-caradvice.duckdns.org/api/image?path=%2Fopt%2Fcaradvice-media%2Fimages%2Fautos%2F365%2F1761144030262.IMG-20251022-WA0102.jpg,https://api-caradvice.duckdns.org/api/image?path=%2Fopt%2Fcaradvice-media%2Fimages%2Fautos%2F365%2F1761144030460.IMG-20251022-WA0099.jpg,https://api-caradvice.duckdns.org/api/image?path=%2Fopt%2Fcaradvice-media%2Fimages%2Fautos%2F365%2F1761144030621.IMG-20251022-WA0100.jpg,https://api-caradvice.duckdns.org/api/image?path=%2Fopt%2Fcaradvice-media%2Fimages%2Fautos%2F365%2F1761144030798.IMG-20251022-WA0108.jpg,https://api-caradvice.duckdns.org/api/image?path=%2Fopt%2Fcaradvice-media%2Fimages%2Fautos%2F365%2F1761144030878.IMG-20251022-WA0116.jpg,https://api-caradvice.duckdns.org/api/image?path=%2Fopt%2Fcaradvice-media%2Fimages%2Fautos%2F365%2F1761144030937.IMG-20251022-WA0112.jpg,https://api-caradvice.duckdns.org/api/image?path=%2Fopt%2Fcaradvice-media%2Fimages%2Fautos%2F365%2F1761144030998.IMG-20251022-WA0110.jpg,https://api-caradvice.duckdns.org/api/image?path=%2Fopt%2Fcaradvice-media%2Fimages%2Fautos%2F365%2F1761144031056.IMG-20251022-WA0107.jpg",RENAULT,DUSTER,2011,183600,KM,OTHER,MANUAL,SUV,Octavio Pinto 3024,Cordoba,Cordoba,5000,AR,-31.4167,-64.1833
366,FIAT ARGO 1.8 PRECISION L17,FIAT ARGO 1.8 PRECISION L17,AVAILABLE,USED,OTHER,19900000 ARS,https://caradvice.com.ar/autos/366,https://api-caradvice.duckdns.org/api/image?path=%2Fopt%2Fcaradvice-media%2Fimages%2Fautos%2F366%2F1764353994830.IMG-20251128-WA0125.jpg,"https://api-caradvice.duckdns.org/api/image?path=%2Fopt%2Fcaradvice-media%2Fimages%2Fautos%2F366%2F1764353994879.IMG-20251128-WA0128.jpg,https://api-caradvice.duckdns.org/api/image?path=%2Fopt%2Fcaradvice-media%2Fimages%2Fautos%2F366%2F1764353994981.IMG-20251128-WA0126.jpg,https://api-caradvice.duckdns.org/api/image?path=%2Fopt%2Fcaradvice-media%2Fimages%2Fautos%2F366%2F1764353995052.IMG-20251128-WA0127.jpg,https://api-caradvice.duckdns.org/api/image?path=%2Fopt%2Fcaradvice-media%2Fimages%2Fautos%2F366%2F1764353995089.IMG-20251128-WA0131.jpg,https://api-caradvice.duckdns.org/api/image?path=%2Fopt%2Fcaradvice-media%2Fimages%2Fautos%2F366%2F1764353995150.IMG-20251128-WA0130.jpg,https://api-caradvice.duckdns.org/api/image?path=%2Fopt%2Fcaradvice-media%2Fimages%2Fautos%2F366%2F1764353995203.IMG-20251128-WA0129.jpg,https://api-caradvice.duckdns.org/api/image?path=%2Fopt%2Fcaradvice-media%2Fimages%2Fautos%2F366%2F1764353995239.IMG-20251128-WA0132.jpg,https://api-caradvice.duckdns.org/api/image?path=%2Fopt%2Fcaradvice-media%2Fimages%2Fautos%2F366%2F1764353995263.IMG-20251128-WA0133.jpg,https://api-caradvice.duckdns.org/api/image?path=%2Fopt%2Fcaradvice-media%2Fimages%2Fautos%2F366%2F1764353995438.IMG-20251128-WA0134.jpg,https://api-caradvice.duckdns.org/api/image?path=%2Fopt%2Fcaradvice-media%2Fimages%2Fautos%2F366%2F1764353995501.IMG-20251128-WA0135.jpg",FIAT,ARGO,2017,135000,KM,GASOLINE,MANUAL,HATCHBACK,Octavio Pinto 3024,Cordoba,Cordoba,5000,AR,-31.4167,-64.1833
367,FORD ECO SPORT 1.5 SE,FORD ECO SPORT 1.5 SE,AVAILABLE,USED,OTHER,23400000 ARS,https://caradvice.com.ar/autos/367,https://api-caradvice.duckdns.org/api/image?path=%2Fopt%2Fcaradvice-media%2Fimages%2Fautos%2F367%2F1745965793550.e36b4270-8b52-47de-a271-5cd225861dc8.JPG,"https://api-caradvice.duckdns.org/api/image?path=%2Fopt%2Fcaradvice-media%2Fimages%2Fautos%2F367%2F1745965793771.5473fbbf-cdfb-4cfc-8e8e-6551b41bc99a.JPG,https://api-caradvice.duckdns.org/api/image?path=%2Fopt%2Fcaradvice-media%2Fimages%2Fautos%2F367%2F1745965793930.b7eaccaa-d9e6-47da-9794-9d8568d391e8.JPG,https://api-caradvice.duckdns.org/api/image?path=%2Fopt%2Fcaradvice-media%2Fimages%2Fautos%2F367%2F1745965794054.037b3dcb-dc27-4fa5-9233-13a9ca20c841.JPG,https://api-caradvice.duckdns.org/api/image?path=%2Fopt%2Fcaradvice-media%2Fimages%2Fautos%2F367%2F1745965794105.cb202b4a-c39c-4e20-a21f-6e09a0549f74.JPG,https://api-caradvice.duckdns.org/api/image?path=%2Fopt%2Fcaradvice-media%2Fimages%2Fautos%2F367%2F1745965794246.aeef5c8a-5b49-487c-a8e5-b8a9d576545d.JPG,https://api-caradvice.duckdns.org/api/image?path=%2Fopt%2Fcaradvice-media%2Fimages%2Fautos%2F367%2F1745965794321.09a647dd-926b-4a45-a4ac-ec35e86f5d64.JPG,https://api-caradvice.duckdns.org/api/image?path=%2Fopt%2Fcaradvice-media%2Fimages%2Fautos%2F367%2F1745965794410.21cae337-c9c5-4e94-9531-48b2e75f6bc4.JPG,https://api-caradvice.duckdns.org/api/image?path=%2Fopt%2Fcaradvice-media%2Fimages%2Fautos%2F367%2F1745965794446.96eead00-cc53-4b11-9470-2a1675d39569.JPG,https://api-caradvice.duckdns.org/api/image?path=%2Fopt%2Fcaradvice-media%2Fimages%2Fautos%2F367%2F1745965794464.7748cb6d-0707-447f-905b-57b64c2475f8.JPG,https://api-caradvice.duckdns.org/api/image?path=%2Fopt%2Fcaradvice-media%2Fimages%2Fautos%2F367%2F1745965794482.09815c98-58da-4808-b321-ae140aee9a36.JPG",FORD,ECO SPORT,2020,83000,KM,GASOLINE,MANUAL,SUV,Octavio Pinto 3024,Cordoba,Cordoba,5000,AR,-31.4167,-64.1833
368,CHEVROLET S-10 2.8TD DC 4X2 L09,CHEVROLET S-10 2.8TD DC 4X2 L09,AVAILABLE,USED,OTHER,20500000 ARS,https://caradvice.com.ar/autos/368,https://api-caradvice.duckdns.org/api/image?path=%2Fopt%2Fcaradvice-media%2Fimages%2Fautos%2F368%2F1760710388276.Imagen%20de%20WhatsApp%202025-10-16%20a%20las%2016.16.30_1fdb6b0.jpg,"https://api-caradvice.duckdns.org/api/image?path=%2Fopt%2Fcaradvice-media%2Fimages%2Fautos%2F368%2F1760710388298.IMG-20251016-WA0275.jpg,https://api-caradvice.duckdns.org/api/image?path=%2Fopt%2Fcaradvice-media%2Fimages%2Fautos%2F368%2F1760710388307.Imagen%20de%20WhatsApp%202025-10-16%20a%20las%2016.16.30_4c72fd9.jpg,https://api-caradvice.duckdns.org/api/image?path=%2Fopt%2Fcaradvice-media%2Fimages%2Fautos%2F368%2F1760710388360.IMG-20251016-WA0276.jpg,https://api-caradvice.duckdns.org/api/image?path=%2Fopt%2Fcaradvice-media%2Fimages%2Fautos%2F368%2F1760710388451.Imagen%20de%20WhatsApp%202025-10-16%20a%20las%2016.16.29_ed66799.jpg,https://api-caradvice.duckdns.org/api/image?path=%2Fopt%2Fcaradvice-media%2Fimages%2Fautos%2F368%2F1760710388507.IMG-20251016-WA0272.jpg,https://api-caradvice.duckdns.org/api/image?path=%2Fopt%2Fcaradvice-media%2Fimages%2Fautos%2F368%2F1760710388531.IMG-20251016-WA0268.jpg,https://api-caradvice.duckdns.org/api/image?path=%2Fopt%2Fcaradvice-media%2Fimages%2Fautos%2F368%2F1760710388572.IMG-20251016-WA0274.jpg,https://api-caradvice.duckdns.org/api/image?path=%2Fopt%2Fcaradvice-media%2Fimages%2Fautos%2F368%2F1760710388596.IMG-20251016-WA0299.jpg,https://api-caradvice.duckdns.org/api/image?path=%2Fopt%2Fcaradvice-media%2Fimages%2Fautos%2F368%2F1760710388648.IMG-20251016-WA0300.jpg,https://api-caradvice.duckdns.org/api/image?path=%2Fopt%2Fcaradvice-media%2Fimages%2Fautos%2F368%2F1760710388710.IMG-20251016-WA0302.jpg",CHEVROLET,S-10,2010,196000,KM,DIESEL,MANUAL,PICKUP,Octavio Pinto 3024,Cordoba,Cordoba,5000,AR,-31.4167,-64.1833
370,RENAULT SANDERO STEPWAY 1.6 PRIVILEGE L15,RENAULT SANDERO STEPWAY 1.6 PRIVILEGE L15,AVAILABLE,USED,OTHER,17900000 ARS,https://caradvice.com.ar/autos/370,https://api-caradvice.duckdns.org/api/image?path=%2Fopt%2Fcaradvice-media%2Fimages%2Fautos%2F370%2F1761856932949.IMG-20251030-WA0492.jpg,"https://api-caradvice.duckdns.org/api/image?path=%2Fopt%2Fcaradvice-media%2Fimages%2Fautos%2F370%2F1761856933142.IMG-20251030-WA0494.jpg,https://api-caradvice.duckdns.org/api/image?path=%2Fopt%2Fcaradvice-media%2Fimages%2Fautos%2F370%2F1761856933240.IMG-20251030-WA0490.jpg,https://api-caradvice.duckdns.org/api/image?path=%2Fopt%2Fcaradvice-media%2Fimages%2Fautos%2F370%2F1761856933373.IMG-20251030-WA0493.jpg,https://api-caradvice.duckdns.org/api/image?path=%2Fopt%2Fcaradvice-media%2Fimages%2Fautos%2F370%2F1761856933430.IMG-20251030-WA0491.jpg,https://api-caradvice.duckdns.org/api/image?path=%2Fopt%2Fcaradvice-media%2Fimages%2Fautos%2F370%2F1761856933547.IMG-20251030-WA0495.jpg,https://api-caradvice.duckdns.org/api/image?path=%2Fopt%2Fcaradvice-media%2Fimages%2Fautos%2F370%2F1761856933710.IMG-20251030-WA0496.jpg,https://api-caradvice.duckdns.org/api/image?path=%2Fopt%2Fcaradvice-media%2Fimages%2Fautos%2F370%2F1761856933826.IMG-20251030-WA0497.jpg,https://api-caradvice.duckdns.org/api/image?path=%2Fopt%2Fcaradvice-media%2Fimages%2Fautos%2F370%2F1761856933941.IMG-20251030-WA0498.jpg,https://api-caradvice.duckdns.org/api/image?path=%2Fopt%2Fcaradvice-media%2Fimages%2Fautos%2F370%2F1761856934084.IMG-20251030-WA0499.jpg,https://api-caradvice.duckdns.org/api/image?path=%2Fopt%2Fcaradvice-media%2Fimages%2Fautos%2F370%2F1761856934127.IMG-20251030-WA0500.jpg",RENAULT,SANDERO STEPWAY,2017,128500,KM,GASOLINE,MANUAL,HATCHBACK,Octavio Pinto 3024,Cordoba,Cordoba,5000,AR,-31.4167,-64.1833
371,VOLKSWAGEN AMAROK 2.0 TD 180HP 4X2 DC HIGHLINE AT L17,VOLKSWAGEN AMAROK 2.0 TD 180HP 4X2 DC HIGHLINE AT L17,AVAILABLE,USED,OTHER,44500000 ARS,https://caradvice.com.ar/autos/371,https://api-caradvice.duckdns.org/api/image?path=%2Fopt%2Fcaradvice-media%2Fimages%2Fautos%2F371%2F1767371335035.WhatsApp%20Image%202025-12-31%20at%2011.30.19%20(7).jpeg,"https://api-caradvice.duckdns.org/api/image?path=%2Fopt%2Fcaradvice-media%2Fimages%2Fautos%2F371%2F1767371335039.WhatsApp%20Image%202025-12-31%20at%2011.30.17%20(2).jpeg,https://api-caradvice.duckdns.org/api/image?path=%2Fopt%2Fcaradvice-media%2Fimages%2Fautos%2F371%2F1767371335041.WhatsApp%20Image%202025-12-31%20at%2011.30.19%20(6).jpeg,https://api-caradvice.duckdns.org/api/image?path=%2Fopt%2Fcaradvice-media%2Fimages%2Fautos%2F371%2F1767371335046.WhatsApp%20Image%202025-12-31%20at%2011.30.17.jpeg,https://api-caradvice.duckdns.org/api/image?path=%2Fopt%2Fcaradvice-media%2Fimages%2Fautos%2F371%2F1767371335053.WhatsApp%20Image%202025-12-31%20at%2011.30.19%20(8).jpeg,https://api-caradvice.duckdns.org/api/image?path=%2Fopt%2Fcaradvice-media%2Fimages%2Fautos%2F371%2F1767371335093.WhatsApp%20Image%202025-12-31%20at%2011.30.18.jpeg,https://api-caradvice.duckdns.org/api/image?path=%2Fopt%2Fcaradvice-media%2Fimages%2Fautos%2F371%2F1767371335125.WhatsApp%20Image%202025-12-31%20at%2011.30.17%20(1).jpeg,https://api-caradvice.duckdns.org/api/image?path=%2Fopt%2Fcaradvice-media%2Fimages%2Fautos%2F371%2F1767371335155.WhatsApp%20Image%202025-12-31%20at%2011.30.18%20(2).jpeg,https://api-caradvice.duckdns.org/api/image?path=%2Fopt%2Fcaradvice-media%2Fimages%2Fautos%2F371%2F1767371335192.WhatsApp%20Image%202025-12-31%20at%2011.30.18%20(3).jpeg,https://api-caradvice.duckdns.org/api/image?path=%2Fopt%2Fcaradvice-media%2Fimages%2Fautos%2F371%2F1767371335247.WhatsApp%20Image%202025-12-31%20at%2011.30.18%20(4).jpeg,https://api-caradvice.duckdns.org/api/image?path=%2Fopt%2Fcaradvice-media%2Fimages%2Fautos%2F371%2F1767371335265.WhatsApp%20Image%202025-12-31%20at%2011.30.18%20(5).jpeg",VOLKSWAGEN,AMAROK,2022,34500,KM,DIESEL,AUTOMATIC,PICKUP,Octavio Pinto 3024,Cordoba,Cordoba,5000,AR,-31.4167,-64.1833
372,TOYOTA HILUX 2.8 TDI 4X2 DC SRX AT6 L16,TOYOTA HILUX 2.8 TDI 4X2 DC SRX AT6 L16,AVAILABLE,USED,OTHER,36500 USD,https://caradvice.com.ar/autos/372,https://api-caradvice.duckdns.org/api/image?path=%2Fopt%2Fcaradvice-media%2Fimages%2Fautos%2F372%2F1746747804313.0d4523d8-5801-4716-9cde-3c660b2f9bb8.JPG,"https://api-caradvice.duckdns.org/api/image?path=%2Fopt%2Fcaradvice-media%2Fimages%2Fautos%2F372%2F1746747804615.1c46fadf-a374-43ca-bb6b-4050181ea0a7.JPG,https://api-caradvice.duckdns.org/api/image?path=%2Fopt%2Fcaradvice-media%2Fimages%2Fautos%2F372%2F1746747804879.1236e8a4-3bd9-42a1-925d-a0b0ce481513.JPG,https://api-caradvice.duckdns.org/api/image?path=%2Fopt%2Fcaradvice-media%2Fimages%2Fautos%2F372%2F1746747805237.339c92fb-222d-43fd-a0e4-1ac96d503b36.JPG,https://api-caradvice.duckdns.org/api/image?path=%2Fopt%2Fcaradvice-media%2Fimages%2Fautos%2F372%2F1746747805603.ff44a3a6-ca87-471b-b8a1-9ba603bc0143.JPG,https://api-caradvice.duckdns.org/api/image?path=%2Fopt%2Fcaradvice-media%2Fimages%2Fautos%2F372%2F1746747805836.d6d48dc4-26a9-430a-b39b-69e1c4c00e05.JPG,https://api-caradvice.duckdns.org/api/image?path=%2Fopt%2Fcaradvice-media%2Fimages%2Fautos%2F372%2F1746747806030.1b65a424-1f7f-4edd-b678-bda2041b3c32.JPG,https://api-caradvice.duckdns.org/api/image?path=%2Fopt%2Fcaradvice-media%2Fimages%2Fautos%2F372%2F1746747806815.5b788b20-16ff-4fb4-a30c-1b9d88483eea.JPG,https://api-caradvice.duckdns.org/api/image?path=%2Fopt%2Fcaradvice-media%2Fimages%2Fautos%2F372%2F1746747807093.6d6dc7c2-8de2-4173-a067-b66d27643920.JPG,https://api-caradvice.duckdns.org/api/image?path=%2Fopt%2Fcaradvice-media%2Fimages%2Fautos%2F372%2F1746747807546.25d898cd-c449-4472-a2ab-05f69b8273ff.JPG,https://api-caradvice.duckdns.org/api/image?path=%2Fopt%2Fcaradvice-media%2Fimages%2Fautos%2F372%2F1746747807653.65c0aed4-87d7-4634-b3c8-741d65f777b0.JPG",TOYOTA,HILUX,2019,123000,KM,DIESEL,AUTOMATIC,PICKUP,Octavio Pinto 3024,Cordoba,Cordoba,5000,AR,-31.4167,-64.1833
373,FORD ECO SPORT 2.0 TITANIUM AT L13,FORD ECO SPORT 2.0 TITANIUM AT L13,AVAILABLE,USED,OTHER,18500000 ARS,https://caradvice.com.ar/autos/373,https://api-caradvice.duckdns.org/api/image?path=%2Fopt%2Fcaradvice-media%2Fimages%2Fautos%2F373%2F1744900313382.2b86d5fb-b79e-4c09-aa96-f9b5194289ca.JPG,"https://api-caradvice.duckdns.org/api/image?path=%2Fopt%2Fcaradvice-media%2Fimages%2Fautos%2F373%2F1744900313452.e4eba0b1-c591-4240-88d3-de51e820019d.JPG,https://api-caradvice.duckdns.org/api/image?path=%2Fopt%2Fcaradvice-media%2Fimages%2Fautos%2F373%2F1744900313494.2314c36e-677f-484f-a68c-a00108c69523.JPG,https://api-caradvice.duckdns.org/api/image?path=%2Fopt%2Fcaradvice-media%2Fimages%2Fautos%2F373%2F1744900313530.4c0d4995-dd7b-4304-8dda-b06d74c5cb26.JPG,https://api-caradvice.duckdns.org/api/image?path=%2Fopt%2Fcaradvice-media%2Fimages%2Fautos%2F373%2F1744900313567.d8fbe18a-fd81-491d-8eea-ce8df596cf1d.JPG,https://api-caradvice.duckdns.org/api/image?path=%2Fopt%2Fcaradvice-media%2Fimages%2Fautos%2F373%2F1744900313616.5c143d80-1dfa-400f-8822-d7fdb5327ace.JPG,https://api-caradvice.duckdns.org/api/image?path=%2Fopt%2Fcaradvice-media%2Fimages%2Fautos%2F373%2F1744900313640.6e538851-2d6b-4a2a-850d-bd2e8f7a534b.JPG,https://api-caradvice.duckdns.org/api/image?path=%2Fopt%2Fcaradvice-media%2Fimages%2Fautos%2F373%2F1744900313668.34b30f32-40e3-4756-9bd2-eb6ac6ac119a.JPG,https://api-caradvice.duckdns.org/api/image?path=%2Fopt%2Fcaradvice-media%2Fimages%2Fautos%2F373%2F1744900313699.36f24b73-a137-4764-8d04-e737021dfaa4.JPG,https://api-caradvice.duckdns.org/api/image?path=%2Fopt%2Fcaradvice-media%2Fimages%2Fautos%2F373%2F1744900313722.593d6c84-0b51-425e-96e6-b2376c140cea.JPG,https://api-caradvice.duckdns.org/api/image?path=%2Fopt%2Fcaradvice-media%2Fimages%2Fautos%2F373%2F1744900313750.5878b3cb-9dff-4c09-b8c8-2c7532407117.JPG",FORD,ECO SPORT,2014,126000,KM,OTHER,AUTOMATIC,SUV,Octavio Pinto 3024,Cordoba,Cordoba,5000,AR,-31.4167,-64.1833
375,VOLKSWAGEN AMAROK 2.0 TD 180HP 4X2 DC HIGHLINE PACK AT,VOLKSWAGEN AMAROK 2.0 TD 180HP 4X2 DC HIGHLINE PACK AT,AVAILABLE,USED,OTHER,32150000 ARS,https://caradvice.com.ar/autos/375,https://api-caradvice.duckdns.org/api/image?path=%2Fopt%2Fcaradvice-media%2Fimages%2Fautos%2F375%2F1746050922107.2bbc501c-9490-4550-84db-4f1c16a9e33b.JPG,"https://api-caradvice.duckdns.org/api/image?path=%2Fopt%2Fcaradvice-media%2Fimages%2Fautos%2F375%2F1746050922433.83ad5581-803f-4082-8cfb-3f7b9515539e.JPG,https://api-caradvice.duckdns.org/api/image?path=%2Fopt%2Fcaradvice-media%2Fimages%2Fautos%2F375%2F1746050922601.5c0cb09b-660b-44d9-a5d2-4da050d93086.JPG,https://api-caradvice.duckdns.org/api/image?path=%2Fopt%2Fcaradvice-media%2Fimages%2Fautos%2F375%2F1746050922675.b405ed33-bd6e-4440-9bd5-d87c434151ee.JPG,https://api-caradvice.duckdns.org/api/image?path=%2Fopt%2Fcaradvice-media%2Fimages%2Fautos%2F375%2F1746050922808.4ce01634-195e-4e51-b6ca-b100f0cd8333.JPG,https://api-caradvice.duckdns.org/api/image?path=%2Fopt%2Fcaradvice-media%2Fimages%2Fautos%2F375%2F1746050922852.904f76d7-e217-4e9c-b52c-c13c746e8563.JPG,https://api-caradvice.duckdns.org/api/image?path=%2Fopt%2Fcaradvice-media%2Fimages%2Fautos%2F375%2F1746050922943.3c4fe841-09ab-452f-be42-be08c4887452.JPG,https://api-caradvice.duckdns.org/api/image?path=%2Fopt%2Fcaradvice-media%2Fimages%2Fautos%2F375%2F1746050922986.5ea5a58a-5c47-405a-a7c6-14f92389cc35.JPG,https://api-caradvice.duckdns.org/api/image?path=%2Fopt%2Fcaradvice-media%2Fimages%2Fautos%2F375%2F1746050923016.89b06118-afc4-48a4-a791-fba7b87c4255.JPG,https://api-caradvice.duckdns.org/api/image?path=%2Fopt%2Fcaradvice-media%2Fimages%2Fautos%2F375%2F1746050923053.391a3b10-6042-44e1-b0d0-316f45360e94.JPG,https://api-caradvice.duckdns.org/api/image?path=%2Fopt%2Fcaradvice-media%2Fimages%2Fautos%2F375%2F1746050923075.431c80e2-450e-46cd-aa63-f7bd96a5ffd9.JPG",VOLKSWAGEN,AMAROK,2015,195000,KM,DIESEL,AUTOMATIC,PICKUP,Octavio Pinto 3024,Cordoba,Cordoba,5000,AR,-31.4167,-64.1833
376,VOLKSWAGEN TIGUAN 1.4 T ALLSPACE TRENDLINE AT L17,VOLKSWAGEN TIGUAN 1.4 T ALLSPACE TRENDLINE AT L17,AVAILABLE,USED,OTHER,40500000 ARS,https://caradvice.com.ar/autos/376,https://api-caradvice.duckdns.org/api/image?path=%2Fopt%2Fcaradvice-media%2Fimages%2Fautos%2F376%2F1767619959623.WhatsApp%20Image%202026-01-05%20at%2009.59.21.jpeg,"https://api-caradvice.duckdns.org/api/image?path=%2Fopt%2Fcaradvice-media%2Fimages%2Fautos%2F376%2F1767619959664.WhatsApp%20Image%202026-01-05%20at%2009.59.21%20(2).jpeg,https://api-caradvice.duckdns.org/api/image?path=%2Fopt%2Fcaradvice-media%2Fimages%2Fautos%2F376%2F1767619959767.WhatsApp%20Image%202026-01-05%20at%2009.59.19.jpeg,https://api-caradvice.duckdns.org/api/image?path=%2Fopt%2Fcaradvice-media%2Fimages%2Fautos%2F376%2F1767619959948.WhatsApp%20Image%202026-01-05%20at%2009.59.21%20(1).jpeg,https://api-caradvice.duckdns.org/api/image?path=%2Fopt%2Fcaradvice-media%2Fimages%2Fautos%2F376%2F1767619960069.WhatsApp%20Image%202026-01-05%20at%2009.59.20.jpeg,https://api-caradvice.duckdns.org/api/image?path=%2Fopt%2Fcaradvice-media%2Fimages%2Fautos%2F376%2F1767619960164.WhatsApp%20Image%202026-01-05%20at%2009.59.22.jpeg,https://api-caradvice.duckdns.org/api/image?path=%2Fopt%2Fcaradvice-media%2Fimages%2Fautos%2F376%2F1767619960253.WhatsApp%20Image%202026-01-05%20at%2009.59.22%20(1).jpeg,https://api-caradvice.duckdns.org/api/image?path=%2Fopt%2Fcaradvice-media%2Fimages%2Fautos%2F376%2F1767619960403.WhatsApp%20Image%202026-01-05%20at%2009.59.22%20(2).jpeg,https://api-caradvice.duckdns.org/api/image?path=%2Fopt%2Fcaradvice-media%2Fimages%2Fautos%2F376%2F1767619960489.WhatsApp%20Image%202026-01-05%20at%2009.59.25.jpeg,https://api-caradvice.duckdns.org/api/image?path=%2Fopt%2Fcaradvice-media%2Fimages%2Fautos%2F376%2F1767619960554.WhatsApp%20Image%202026-01-05%20at%2009.59.25%20(1).jpeg,https://api-caradvice.duckdns.org/api/image?path=%2Fopt%2Fcaradvice-media%2Fimages%2Fautos%2F376%2F1767619960617.WhatsApp%20Image%202026-01-05%20at%2009.59.24%20(1).jpeg",VOLKSWAGEN,TIGUAN,2019,148200,KM,GASOLINE,AUTOMATIC,SUV,Octavio Pinto 3024,Cordoba,Cordoba,5000,AR,-31.4167,-64.1833
377,VOLKSWAGEN GOL 1.6 TREND COMFORTLINE 5P L17,VOLKSWAGEN GOL 1.6 TREND COMFORTLINE 5P L17,AVAILABLE,USED,OTHER,17900000 ARS,https://caradvice.com.ar/autos/377,https://api-caradvice.duckdns.org/api/image?path=%2Fopt%2Fcaradvice-media%2Fimages%2Fautos%2F377%2F1765985708303.IMG-20251217-WA0132.jpg,"https://api-caradvice.duckdns.org/api/image?path=%2Fopt%2Fcaradvice-media%2Fimages%2Fautos%2F377%2F1765985708403.IMG-20251217-WA0135.jpg,https://api-caradvice.duckdns.org/api/image?path=%2Fopt%2Fcaradvice-media%2Fimages%2Fautos%2F377%2F1765985708417.IMG-20251217-WA0131.jpg,https://api-caradvice.duckdns.org/api/image?path=%2Fopt%2Fcaradvice-media%2Fimages%2Fautos%2F377%2F1765985708432.IMG-20251217-WA0134.jpg,https://api-caradvice.duckdns.org/api/image?path=%2Fopt%2Fcaradvice-media%2Fimages%2Fautos%2F377%2F1765985708437.IMG-20251217-WA0133.jpg,https://api-caradvice.duckdns.org/api/image?path=%2Fopt%2Fcaradvice-media%2Fimages%2Fautos%2F377%2F1765985708463.IMG-20251217-WA0136.jpg,https://api-caradvice.duckdns.org/api/image?path=%2Fopt%2Fcaradvice-media%2Fimages%2Fautos%2F377%2F1765985708489.IMG-20251217-WA0137.jpg,https://api-caradvice.duckdns.org/api/image?path=%2Fopt%2Fcaradvice-media%2Fimages%2Fautos%2F377%2F1765985708536.IMG-20251217-WA0138.jpg,https://api-caradvice.duckdns.org/api/image?path=%2Fopt%2Fcaradvice-media%2Fimages%2Fautos%2F377%2F1765985708703.IMG-20251217-WA0139.jpg,https://api-caradvice.duckdns.org/api/image?path=%2Fopt%2Fcaradvice-media%2Fimages%2Fautos%2F377%2F1765985708827.IMG-20251217-WA0140.jpg,https://api-caradvice.duckdns.org/api/image?path=%2Fopt%2Fcaradvice-media%2Fimages%2Fautos%2F377%2F1765985708953.IMG-20251217-WA0141.jpg",VOLKSWAGEN,GOL,2018,84000,KM,GASOLINE,MANUAL,HATCHBACK,Octavio Pinto 3024,Cordoba,Cordoba,5000,AR,-31.4167,-64.1833
378,BMW X4 20 I XDRIVE ACTIVE,BMW X4 20 I XDRIVE ACTIVE,AVAILABLE,USED,OTHER,40000 USD,https://caradvice.com.ar/autos/378,https://api-caradvice.duckdns.org/api/image?path=%2Fopt%2Fcaradvice-media%2Fimages%2Fautos%2F378%2F1767639719981.WhatsApp%20Image%202026-01-05%20at%2015.44.22.jpeg,"https://api-caradvice.duckdns.org/api/image?path=%2Fopt%2Fcaradvice-media%2Fimages%2Fautos%2F378%2F1767639720120.WhatsApp%20Image%202026-01-05%20at%2015.44.25%20(1).jpeg,https://api-caradvice.duckdns.org/api/image?path=%2Fopt%2Fcaradvice-media%2Fimages%2Fautos%2F378%2F1767639720333.WhatsApp%20Image%202026-01-05%20at%2015.44.21.jpeg,https://api-caradvice.duckdns.org/api/image?path=%2Fopt%2Fcaradvice-media%2Fimages%2Fautos%2F378%2F1767639720589.WhatsApp%20Image%202026-01-05%20at%2015.44.25.jpeg,https://api-caradvice.duckdns.org/api/image?path=%2Fopt%2Fcaradvice-media%2Fimages%2Fautos%2F378%2F1767639720813.WhatsApp%20Image%202026-01-05%20at%2015.44.24.jpeg,https://api-caradvice.duckdns.org/api/image?path=%2Fopt%2Fcaradvice-media%2Fimages%2Fautos%2F378%2F1767639721081.WhatsApp%20Image%202026-01-05%20at%2015.44.26.jpeg,https://api-caradvice.duckdns.org/api/image?path=%2Fopt%2Fcaradvice-media%2Fimages%2Fautos%2F378%2F1767639721360.WhatsApp%20Image%202026-01-05%20at%2015.44.27.jpeg,https://api-caradvice.duckdns.org/api/image?path=%2Fopt%2Fcaradvice-media%2Fimages%2Fautos%2F378%2F1767639721651.WhatsApp%20Image%202026-01-05%20at%2015.44.26%20(1).jpeg,https://api-caradvice.duckdns.org/api/image?path=%2Fopt%2Fcaradvice-media%2Fimages%2Fautos%2F378%2F1767639722004.WhatsApp%20Image%202026-01-05%20at%2015.44.28%20(1).jpeg,https://api-caradvice.duckdns.org/api/image?path=%2Fopt%2Fcaradvice-media%2Fimages%2Fautos%2F378%2F1767639722260.WhatsApp%20Image%202026-01-05%20at%2015.44.32.jpeg,https://api-caradvice.duckdns.org/api/image?path=%2Fopt%2Fcaradvice-media%2Fimages%2Fautos%2F378%2F1767639722481.WhatsApp%20Image%202026-01-05%20at%2015.44.30%20(2).jpeg",BMW,X4,2018,106000,KM,GASOLINE,AUTOMATIC,SUV,Octavio Pinto 3024,Cordoba,Cordoba,5000,AR,-31.4167,-64.1833
379,TOYOTA HILUX 2.8 TDI 4X4 SRX AT6,TOYOTA HILUX 2.8 TDI 4X4 SRX AT6,AVAILABLE,USED,OTHER,53500 USD,https://caradvice.com.ar/autos/379,https://api-caradvice.duckdns.org/api/image?path=%2Fopt%2Fcaradvice-media%2Fimages%2Fautos%2F379%2F1767642467277.WhatsApp%20Image%202026-01-05%20at%2015.51.34.jpeg,"https://api-caradvice.duckdns.org/api/image?path=%2Fopt%2Fcaradvice-media%2Fimages%2Fautos%2F379%2F1767642467375.WhatsApp%20Image%202026-01-05%20at%2015.51.34%20(2).jpeg,https://api-caradvice.duckdns.org/api/image?path=%2Fopt%2Fcaradvice-media%2Fimages%2Fautos%2F379%2F1767642467684.WhatsApp%20Image%202026-01-05%20at%2015.51.33.jpeg,https://api-caradvice.duckdns.org/api/image?path=%2Fopt%2Fcaradvice-media%2Fimages%2Fautos%2F379%2F1767642468195.WhatsApp%20Image%202026-01-05%20at%2015.51.34%20(1).jpeg,https://api-caradvice.duckdns.org/api/image?path=%2Fopt%2Fcaradvice-media%2Fimages%2Fautos%2F379%2F1767642468456.WhatsApp%20Image%202026-01-05%20at%2015.51.33%20(1).jpeg,https://api-caradvice.duckdns.org/api/image?path=%2Fopt%2Fcaradvice-media%2Fimages%2Fautos%2F379%2F1767642468690.WhatsApp%20Image%202026-01-05%20at%2015.51.34%20(3).jpeg,https://api-caradvice.duckdns.org/api/image?path=%2Fopt%2Fcaradvice-media%2Fimages%2Fautos%2F379%2F1767642468833.WhatsApp%20Image%202026-01-05%20at%2015.51.35%20(1).jpeg,https://api-caradvice.duckdns.org/api/image?path=%2Fopt%2Fcaradvice-media%2Fimages%2Fautos%2F379%2F1767642469136.WhatsApp%20Image%202026-01-05%20at%2015.51.35.jpeg,https://api-caradvice.duckdns.org/api/image?path=%2Fopt%2Fcaradvice-media%2Fimages%2Fautos%2F379%2F1767642469270.WhatsApp%20Image%202026-01-05%20at%2015.51.36.jpeg,https://api-caradvice.duckdns.org/api/image?path=%2Fopt%2Fcaradvice-media%2Fimages%2Fautos%2F379%2F1767642469409.WhatsApp%20Image%202026-01-05%20at%2015.51.37%20(1).jpeg,https://api-caradvice.duckdns.org/api/image?path=%2Fopt%2Fcaradvice-media%2Fimages%2Fautos%2F379%2F1767642469599.WhatsApp%20Image%202026-01-05%20at%2015.51.37%20(2).jpeg",TOYOTA,HILUX,2024,16700,KM,DIESEL,AUTOMATIC,PICKUP,Octavio Pinto 3024,Cordoba,Cordoba,5000,AR,-31.4167,-64.1833
380,RENAULT OROCH 2.0 4X2 OUTSIDER PLUS L16,RENAULT OROCH 2.0 4X2 OUTSIDER PLUS L16,AVAILABLE,USED,OTHER,26000000 ARS,https://caradvice.com.ar/autos/380,https://api-caradvice.duckdns.org/api/image?path=%2Fopt%2Fcaradvice-media%2Fimages%2Fautos%2F380%2F1767713401357.WhatsApp%20Image%202026-01-06%20at%2012.10.57.jpeg,"https://api-caradvice.duckdns.org/api/image?path=%2Fopt%2Fcaradvice-media%2Fimages%2Fautos%2F380%2F1767713401631.WhatsApp%20Image%202026-01-06%20at%2012.10.57%20(1).jpeg,https://api-caradvice.duckdns.org/api/image?path=%2Fopt%2Fcaradvice-media%2Fimages%2Fautos%2F380%2F1767713401799.WhatsApp%20Image%202026-01-06%20at%2012.10.56%20(1).jpeg,https://api-caradvice.duckdns.org/api/image?path=%2Fopt%2Fcaradvice-media%2Fimages%2Fautos%2F380%2F1767713402088.WhatsApp%20Image%202026-01-06%20at%2012.10.57%20(2).jpeg,https://api-caradvice.duckdns.org/api/image?path=%2Fopt%2Fcaradvice-media%2Fimages%2Fautos%2F380%2F1767713402361.WhatsApp%20Image%202026-01-06%20at%2012.10.56.jpeg,https://api-caradvice.duckdns.org/api/image?path=%2Fopt%2Fcaradvice-media%2Fimages%2Fautos%2F380%2F1767713402776.WhatsApp%20Image%202026-01-06%20at%2012.10.58.jpeg,https://api-caradvice.duckdns.org/api/image?path=%2Fopt%2Fcaradvice-media%2Fimages%2Fautos%2F380%2F1767713402999.WhatsApp%20Image%202026-01-06%20at%2012.10.58%20(1).jpeg,https://api-caradvice.duckdns.org/api/image?path=%2Fopt%2Fcaradvice-media%2Fimages%2Fautos%2F380%2F1767713403269.WhatsApp%20Image%202026-01-06%20at%2012.10.53.jpeg,https://api-caradvice.duckdns.org/api/image?path=%2Fopt%2Fcaradvice-media%2Fimages%2Fautos%2F380%2F1767713403431.WhatsApp%20Image%202026-01-06%20at%2012.10.52%20(2).jpeg,https://api-caradvice.duckdns.org/api/image?path=%2Fopt%2Fcaradvice-media%2Fimages%2Fautos%2F380%2F1767713403758.WhatsApp%20Image%202026-01-06%20at%2012.10.53%20(2).jpeg,https://api-caradvice.duckdns.org/api/image?path=%2Fopt%2Fcaradvice-media%2Fimages%2Fautos%2F380%2F1767713403930.WhatsApp%20Image%202026-01-06%20at%2012.10.54%20(1).jpeg",RENAULT,OROCH,2018,96000,KM,OTHER,MANUAL,PICKUP,Octavio Pinto 3024,Cordoba,Cordoba,5000,AR,-31.4167,-64.1833
381,PEUGEOT 308 1.6 ALLURE L12,PEUGEOT 308 1.6 ALLURE L12,AVAILABLE,USED,OTHER,18500000 ARS,https://caradvice.com.ar/autos/381,https://api-caradvice.duckdns.org/api/image?path=%2Fopt%2Fcaradvice-media%2Fimages%2Fautos%2F381%2F1767715308214.WhatsApp%20Image%202026-01-06%20at%2012.11.47.jpeg,"https://api-caradvice.duckdns.org/api/image?path=%2Fopt%2Fcaradvice-media%2Fimages%2Fautos%2F381%2F1767715308235.WhatsApp%20Image%202026-01-06%20at%2012.11.47%20(2).jpeg,https://api-caradvice.duckdns.org/api/image?path=%2Fopt%2Fcaradvice-media%2Fimages%2Fautos%2F381%2F1767715308251.WhatsApp%20Image%202026-01-06%20at%2012.11.46%20(1).jpeg,https://api-caradvice.duckdns.org/api/image?path=%2Fopt%2Fcaradvice-media%2Fimages%2Fautos%2F381%2F1767715308304.WhatsApp%20Image%202026-01-06%20at%2012.11.47%20(1).jpeg,https://api-caradvice.duckdns.org/api/image?path=%2Fopt%2Fcaradvice-media%2Fimages%2Fautos%2F381%2F1767715308360.WhatsApp%20Image%202026-01-06%20at%2012.11.46.jpeg,https://api-caradvice.duckdns.org/api/image?path=%2Fopt%2Fcaradvice-media%2Fimages%2Fautos%2F381%2F1767715308416.WhatsApp%20Image%202026-01-06%20at%2012.11.48.jpeg,https://api-caradvice.duckdns.org/api/image?path=%2Fopt%2Fcaradvice-media%2Fimages%2Fautos%2F381%2F1767715308466.WhatsApp%20Image%202026-01-06%20at%2012.11.48%20(1).jpeg,https://api-caradvice.duckdns.org/api/image?path=%2Fopt%2Fcaradvice-media%2Fimages%2Fautos%2F381%2F1767715308506.WhatsApp%20Image%202026-01-06%20at%2012.11.48%20(2).jpeg,https://api-caradvice.duckdns.org/api/image?path=%2Fopt%2Fcaradvice-media%2Fimages%2Fautos%2F381%2F1767715308565.WhatsApp%20Image%202026-01-06%20at%2012.11.49%20(1).jpeg,https://api-caradvice.duckdns.org/api/image?path=%2Fopt%2Fcaradvice-media%2Fimages%2Fautos%2F381%2F1767715308618.WhatsApp%20Image%202026-01-06%20at%2012.11.52.jpeg,https://api-caradvice.duckdns.org/api/image?path=%2Fopt%2Fcaradvice-media%2Fimages%2Fautos%2F381%2F1767715308652.WhatsApp%20Image%202026-01-06%20at%2012.11.50%20(1).jpeg",PEUGEOT,308,2015,116000,KM,GASOLINE,MANUAL,HATCHBACK,Octavio Pinto 3024,Cordoba,Cordoba,5000,AR,-31.4167,-64.1833
382,TOYOTA YARIS 1.5 S CVT 5P,TOYOTA YARIS 1.5 S CVT 5P,AVAILABLE,USED,OTHER,36000000 ARS,https://caradvice.com.ar/autos/382,https://api-caradvice.duckdns.org/api/image?path=%2Fopt%2Fcaradvice-media%2Fimages%2Fautos%2F382%2F1767642860510.WhatsApp%20Image%202026-01-05%20at%2016.34.23.jpeg,"https://api-caradvice.duckdns.org/api/image?path=%2Fopt%2Fcaradvice-media%2Fimages%2Fautos%2F382%2F1767642860640.WhatsApp%20Image%202026-01-05%20at%2016.34.24.jpeg,https://api-caradvice.duckdns.org/api/image?path=%2Fopt%2Fcaradvice-media%2Fimages%2Fautos%2F382%2F1767642860761.WhatsApp%20Image%202026-01-05%20at%2016.34.21.jpeg,https://api-caradvice.duckdns.org/api/image?path=%2Fopt%2Fcaradvice-media%2Fimages%2Fautos%2F382%2F1767642860867.WhatsApp%20Image%202026-01-05%20at%2016.34.23%20(1).jpeg,https://api-caradvice.duckdns.org/api/image?path=%2Fopt%2Fcaradvice-media%2Fimages%2Fautos%2F382%2F1767642861203.WhatsApp%20Image%202026-01-05%20at%2016.34.20.jpeg,https://api-caradvice.duckdns.org/api/image?path=%2Fopt%2Fcaradvice-media%2Fimages%2Fautos%2F382%2F1767642861332.WhatsApp%20Image%202026-01-05%20at%2016.34.25.jpeg,https://api-caradvice.duckdns.org/api/image?path=%2Fopt%2Fcaradvice-media%2Fimages%2Fautos%2F382%2F1767642861484.WhatsApp%20Image%202026-01-05%20at%2016.34.26%20(1).jpeg,https://api-caradvice.duckdns.org/api/image?path=%2Fopt%2Fcaradvice-media%2Fimages%2Fautos%2F382%2F1767642861648.WhatsApp%20Image%202026-01-05%20at%2016.34.26%20(2).jpeg,https://api-caradvice.duckdns.org/api/image?path=%2Fopt%2Fcaradvice-media%2Fimages%2Fautos%2F382%2F1767642861817.WhatsApp%20Image%202026-01-05%20at%2016.34.26.jpeg,https://api-caradvice.duckdns.org/api/image?path=%2Fopt%2Fcaradvice-media%2Fimages%2Fautos%2F382%2F1767642861998.WhatsApp%20Image%202026-01-05%20at%2016.34.27%20(1).jpeg,https://api-caradvice.duckdns.org/api/image?path=%2Fopt%2Fcaradvice-media%2Fimages%2Fautos%2F382%2F1767642862172.WhatsApp%20Image%202026-01-05%20at%2016.34.27.jpeg",TOYOTA,YARIS,2025,11000,KM,GASOLINE,AUTOMATIC,HATCHBACK,Octavio Pinto 3024,Cordoba,Cordoba,5000,AR,-31.4167,-64.1833
383,FORD RANGER 2.2 TDI 4X4 SC XL L19,FORD RANGER 2.2 TDI 4X4 SC XL L19,AVAILABLE,USED,OTHER,34500000 ARS,https://caradvice.com.ar/autos/383,https://api-caradvice.duckdns.org/api/image?path=%2Fopt%2Fcaradvice-media%2Fimages%2Fautos%2F383%2F1767725494046.WhatsApp%20Image%202026-01-06%20at%2014.33.28%20(2).jpeg,"https://api-caradvice.duckdns.org/api/image?path=%2Fopt%2Fcaradvice-media%2Fimages%2Fautos%2F383%2F1767725494265.WhatsApp%20Image%202026-01-06%20at%2014.33.32%20(1).jpeg,https://api-caradvice.duckdns.org/api/image?path=%2Fopt%2Fcaradvice-media%2Fimages%2Fautos%2F383%2F1767725494745.WhatsApp%20Image%202026-01-06%20at%2014.33.29.jpeg,https://api-caradvice.duckdns.org/api/image?path=%2Fopt%2Fcaradvice-media%2Fimages%2Fautos%2F383%2F1767725495088.WhatsApp%20Image%202026-01-06%20at%2014.33.33.jpeg,https://api-caradvice.duckdns.org/api/image?path=%2Fopt%2Fcaradvice-media%2Fimages%2Fautos%2F383%2F1767725495475.WhatsApp%20Image%202026-01-06%20at%2014.33.28%20(1).jpeg,https://api-caradvice.duckdns.org/api/image?path=%2Fopt%2Fcaradvice-media%2Fimages%2Fautos%2F383%2F1767725496207.WhatsApp%20Image%202026-01-06%20at%2014.33.31%20(1).jpeg,https://api-caradvice.duckdns.org/api/image?path=%2Fopt%2Fcaradvice-media%2Fimages%2Fautos%2F383%2F1767725496501.WhatsApp%20Image%202026-01-06%20at%2014.33.32.jpeg,https://api-caradvice.duckdns.org/api/image?path=%2Fopt%2Fcaradvice-media%2Fimages%2Fautos%2F383%2F1767725496687.WhatsApp%20Image%202026-01-06%20at%2014.33.29%20(2).jpeg,https://api-caradvice.duckdns.org/api/image?path=%2Fopt%2Fcaradvice-media%2Fimages%2Fautos%2F383%2F1767725496992.WhatsApp%20Image%202026-01-06%20at%2014.33.28.jpeg,https://api-caradvice.duckdns.org/api/image?path=%2Fopt%2Fcaradvice-media%2Fimages%2Fautos%2F383%2F1767725497340.WhatsApp%20Image%202026-01-06%20at%2014.33.30%20(2).jpeg,https://api-caradvice.duckdns.org/api/image?path=%2Fopt%2Fcaradvice-media%2Fimages%2Fautos%2F383%2F1767725497611.WhatsApp%20Image%202026-01-06%20at%2014.33.30.jpeg",FORD,RANGER,2022,139600,KM,DIESEL,MANUAL,PICKUP,Octavio Pinto 3024,Cordoba,Cordoba,5000,AR,-31.4167,-64.1833
384,FIAT PULSE 1.0 IMPETUS L23,FIAT PULSE 1.0 IMPETUS L23,AVAILABLE,USED,OTHER,34500000 ARS,https://caradvice.com.ar/autos/384,https://api-caradvice.duckdns.org/api/image?path=%2Fopt%2Fcaradvice-media%2Fimages%2Fautos%2F384%2F1767726756464.WhatsApp%20Image%202026-01-06%20at%2016.00.33%20(2).jpeg,"https://api-caradvice.duckdns.org/api/image?path=%2Fopt%2Fcaradvice-media%2Fimages%2Fautos%2F384%2F1767726756935.WhatsApp%20Image%202026-01-06%20at%2016.00.34%20(2).jpeg,https://api-caradvice.duckdns.org/api/image?path=%2Fopt%2Fcaradvice-media%2Fimages%2Fautos%2F384%2F1767726757361.WhatsApp%20Image%202026-01-06%20at%2016.00.33%20(1).jpeg,https://api-caradvice.duckdns.org/api/image?path=%2Fopt%2Fcaradvice-media%2Fimages%2Fautos%2F384%2F1767726757731.WhatsApp%20Image%202026-01-06%20at%2016.00.34.jpeg,https://api-caradvice.duckdns.org/api/image?path=%2Fopt%2Fcaradvice-media%2Fimages%2Fautos%2F384%2F1767726758048.WhatsApp%20Image%202026-01-06%20at%2016.00.33.jpeg,https://api-caradvice.duckdns.org/api/image?path=%2Fopt%2Fcaradvice-media%2Fimages%2Fautos%2F384%2F1767726758512.WhatsApp%20Image%202026-01-06%20at%2016.00.34%20(1).jpeg,https://api-caradvice.duckdns.org/api/image?path=%2Fopt%2Fcaradvice-media%2Fimages%2Fautos%2F384%2F1767726758738.WhatsApp%20Image%202026-01-06%20at%2016.00.35%20(1).jpeg,https://api-caradvice.duckdns.org/api/image?path=%2Fopt%2Fcaradvice-media%2Fimages%2Fautos%2F384%2F1767726759038.WhatsApp%20Image%202026-01-06%20at%2016.00.35%20(2).jpeg,https://api-caradvice.duckdns.org/api/image?path=%2Fopt%2Fcaradvice-media%2Fimages%2Fautos%2F384%2F1767726759562.WhatsApp%20Image%202026-01-06%20at%2016.00.37%20(1).jpeg,https://api-caradvice.duckdns.org/api/image?path=%2Fopt%2Fcaradvice-media%2Fimages%2Fautos%2F384%2F1767726759775.WhatsApp%20Image%202026-01-06%20at%2016.00.36.jpeg,https://api-caradvice.duckdns.org/api/image?path=%2Fopt%2Fcaradvice-media%2Fimages%2Fautos%2F384%2F1767726759951.WhatsApp%20Image%202026-01-06%20at%2016.00.36%20(1).jpeg",FIAT,PULSE,2024,38500,KM,GASOLINE,AUTOMATIC,SUV,Octavio Pinto 3024,Cordoba,Cordoba,5000,AR,-31.4167,-64.1833
385,FORD FIESTA 1.6 SE KD 5P L14,FORD FIESTA 1.6 SE KD 5P L14,AVAILABLE,USED,OTHER,17300000 ARS,https://caradvice.com.ar/autos/385,https://api-caradvice.duckdns.org/api/image?path=%2Fopt%2Fcaradvice-media%2Fimages%2Fautos%2F385%2F1767726493898.WhatsApp%20Image%202026-01-06%20at%2015.08.52%20(1).jpeg,"https://api-caradvice.duckdns.org/api/image?path=%2Fopt%2Fcaradvice-media%2Fimages%2Fautos%2F385%2F1767726493946.WhatsApp%20Image%202026-01-06%20at%2015.08.53%20(1).jpeg,https://api-caradvice.duckdns.org/api/image?path=%2Fopt%2Fcaradvice-media%2Fimages%2Fautos%2F385%2F1767726494126.WhatsApp%20Image%202026-01-06%20at%2015.08.52.jpeg,https://api-caradvice.duckdns.org/api/image?path=%2Fopt%2Fcaradvice-media%2Fimages%2Fautos%2F385%2F1767726494410.WhatsApp%20Image%202026-01-06%20at%2015.08.53.jpeg,https://api-caradvice.duckdns.org/api/image?path=%2Fopt%2Fcaradvice-media%2Fimages%2Fautos%2F385%2F1767726494637.WhatsApp%20Image%202026-01-06%20at%2015.08.51.jpeg,https://api-caradvice.duckdns.org/api/image?path=%2Fopt%2Fcaradvice-media%2Fimages%2Fautos%2F385%2F1767726494757.WhatsApp%20Image%202026-01-06%20at%2015.08.53%20(2).jpeg,https://api-caradvice.duckdns.org/api/image?path=%2Fopt%2Fcaradvice-media%2Fimages%2Fautos%2F385%2F1767726494944.WhatsApp%20Image%202026-01-06%20at%2015.08.54%20(1).jpeg,https://api-caradvice.duckdns.org/api/image?path=%2Fopt%2Fcaradvice-media%2Fimages%2Fautos%2F385%2F1767726495150.WhatsApp%20Image%202026-01-06%20at%2015.08.54%20(2).jpeg,https://api-caradvice.duckdns.org/api/image?path=%2Fopt%2Fcaradvice-media%2Fimages%2Fautos%2F385%2F1767726495308.WhatsApp%20Image%202026-01-06%20at%2015.08.55.jpeg,https://api-caradvice.duckdns.org/api/image?path=%2Fopt%2Fcaradvice-media%2Fimages%2Fautos%2F385%2F1767726495377.WhatsApp%20Image%202026-01-06%20at%2015.08.56%20(1).jpeg,https://api-caradvice.duckdns.org/api/image?path=%2Fopt%2Fcaradvice-media%2Fimages%2Fautos%2F385%2F1767726495522.WhatsApp%20Image%202026-01-06%20at%2015.08.55%20(1).jpeg",FORD,FIESTA,2014,140400,KM,GASOLINE,MANUAL,HATCHBACK,Octavio Pinto 3024,Cordoba,Cordoba,5000,AR,-31.4167,-64.1833
386,PEUGEOT 308 1.6 ALLURE NAV L12,PEUGEOT 308 1.6 ALLURE NAV L12,AVAILABLE,USED,OTHER,17800000 ARS,https://caradvice.com.ar/autos/386,https://api-caradvice.duckdns.org/api/image?path=%2Fopt%2Fcaradvice-media%2Fimages%2Fautos%2F386%2F1767726242593.WhatsApp%20Image%202026-01-06%20at%2015.07.52.jpeg,"https://api-caradvice.duckdns.org/api/image?path=%2Fopt%2Fcaradvice-media%2Fimages%2Fautos%2F386%2F1767726242622.WhatsApp%20Image%202026-01-06%20at%2015.07.52%20(2).jpeg,https://api-caradvice.duckdns.org/api/image?path=%2Fopt%2Fcaradvice-media%2Fimages%2Fautos%2F386%2F1767726242693.WhatsApp%20Image%202026-01-06%20at%2015.07.51.jpeg,https://api-caradvice.duckdns.org/api/image?path=%2Fopt%2Fcaradvice-media%2Fimages%2Fautos%2F386%2F1767726242792.WhatsApp%20Image%202026-01-06%20at%2015.07.52%20(1).jpeg,https://api-caradvice.duckdns.org/api/image?path=%2Fopt%2Fcaradvice-media%2Fimages%2Fautos%2F386%2F1767726242868.WhatsApp%20Image%202026-01-06%20at%2015.07.51%20(1).jpeg,https://api-caradvice.duckdns.org/api/image?path=%2Fopt%2Fcaradvice-media%2Fimages%2Fautos%2F386%2F1767726243000.WhatsApp%20Image%202026-01-06%20at%2015.07.53.jpeg,https://api-caradvice.duckdns.org/api/image?path=%2Fopt%2Fcaradvice-media%2Fimages%2Fautos%2F386%2F1767726243072.WhatsApp%20Image%202026-01-06%20at%2015.07.53%20(1).jpeg,https://api-caradvice.duckdns.org/api/image?path=%2Fopt%2Fcaradvice-media%2Fimages%2Fautos%2F386%2F1767726243141.WhatsApp%20Image%202026-01-06%20at%2015.07.53%20(2).jpeg,https://api-caradvice.duckdns.org/api/image?path=%2Fopt%2Fcaradvice-media%2Fimages%2Fautos%2F386%2F1767726243333.WhatsApp%20Image%202026-01-06%20at%2015.07.54%20(1).jpeg,https://api-caradvice.duckdns.org/api/image?path=%2Fopt%2Fcaradvice-media%2Fimages%2Fautos%2F386%2F1767726243406.WhatsApp%20Image%202026-01-06%20at%2015.07.58%20(1).jpeg,https://api-caradvice.duckdns.org/api/image?path=%2Fopt%2Fcaradvice-media%2Fimages%2Fautos%2F386%2F1767726243449.WhatsApp%20Image%202026-01-06%20at%2015.07.56.jpeg",PEUGEOT,308,2014,114000,KM,GASOLINE,MANUAL,HATCHBACK,Octavio Pinto 3024,Cordoba,Cordoba,5000,AR,-31.4167,-64.1833
387,RENAULT DUSTER 1.6 4X2 PRIVILEGE L15,RENAULT DUSTER 1.6 4X2 PRIVILEGE L15,AVAILABLE,USED,OTHER,24500000 ARS,https://caradvice.com.ar/autos/387,https://api-caradvice.duckdns.org/api/image?path=%2Fopt%2Fcaradvice-media%2Fimages%2Fautos%2F387%2F1767812021318.WhatsApp%20Image%202026-01-07%20at%2015.15.24%20(1).jpeg,"https://api-caradvice.duckdns.org/api/image?path=%2Fopt%2Fcaradvice-media%2Fimages%2Fautos%2F387%2F1767812021371.WhatsApp%20Image%202026-01-07%20at%2015.15.25.jpeg,https://api-caradvice.duckdns.org/api/image?path=%2Fopt%2Fcaradvice-media%2Fimages%2Fautos%2F387%2F1767812021481.WhatsApp%20Image%202026-01-07%20at%2015.15.24.jpeg,https://api-caradvice.duckdns.org/api/image?path=%2Fopt%2Fcaradvice-media%2Fimages%2Fautos%2F387%2F1767812021598.WhatsApp%20Image%202026-01-07%20at%2015.15.24%20(2).jpeg,https://api-caradvice.duckdns.org/api/image?path=%2Fopt%2Fcaradvice-media%2Fimages%2Fautos%2F387%2F1767812021731.WhatsApp%20Image%202026-01-07%20at%2015.15.23.jpeg,https://api-caradvice.duckdns.org/api/image?path=%2Fopt%2Fcaradvice-media%2Fimages%2Fautos%2F387%2F1767812021832.WhatsApp%20Image%202026-01-07%20at%2015.15.25%20(1).jpeg,https://api-caradvice.duckdns.org/api/image?path=%2Fopt%2Fcaradvice-media%2Fimages%2Fautos%2F387%2F1767812021970.WhatsApp%20Image%202026-01-07%20at%2015.15.26%20(1).jpeg,https://api-caradvice.duckdns.org/api/image?path=%2Fopt%2Fcaradvice-media%2Fimages%2Fautos%2F387%2F1767812022066.WhatsApp%20Image%202026-01-07%20at%2015.15.26%20(2).jpeg,https://api-caradvice.duckdns.org/api/image?path=%2Fopt%2Fcaradvice-media%2Fimages%2Fautos%2F387%2F1767812022160.WhatsApp%20Image%202026-01-07%20at%2015.15.27.jpeg,https://api-caradvice.duckdns.org/api/image?path=%2Fopt%2Fcaradvice-media%2Fimages%2Fautos%2F387%2F1767812022217.WhatsApp%20Image%202026-01-07%20at%2015.15.27%20(1).jpeg,https://api-caradvice.duckdns.org/api/image?path=%2Fopt%2Fcaradvice-media%2Fimages%2Fautos%2F387%2F1767812022299.WhatsApp%20Image%202026-01-07%20at%2015.15.26.jpeg",RENAULT,DUSTER,2019,137300,KM,OTHER,MANUAL,SUV,Octavio Pinto 3024,Cordoba,Cordoba,5000,AR,-31.4167,-64.1833
388,RENAULT CAPTUR 2.0 INTENS,RENAULT CAPTUR 2.0 INTENS,AVAILABLE,USED,OTHER,23500000 ARS,https://caradvice.com.ar/autos/388,https://api-caradvice.duckdns.org/api/image?path=%2Fopt%2Fcaradvice-media%2Fimages%2Fautos%2F388%2F1767812532623.WhatsApp%20Image%202026-01-07%20at%2013.51.45%20(3).jpeg,"https://api-caradvice.duckdns.org/api/image?path=%2Fopt%2Fcaradvice-media%2Fimages%2Fautos%2F388%2F1767812532636.WhatsApp%20Image%202026-01-07%20at%2013.51.44.jpeg,https://api-caradvice.duckdns.org/api/image?path=%2Fopt%2Fcaradvice-media%2Fimages%2Fautos%2F388%2F1767812532658.WhatsApp%20Image%202026-01-07%20at%2013.51.45%20(2).jpeg,https://api-caradvice.duckdns.org/api/image?path=%2Fopt%2Fcaradvice-media%2Fimages%2Fautos%2F388%2F1767812532707.WhatsApp%20Image%202026-01-07%20at%2013.51.43.jpeg,https://api-caradvice.duckdns.org/api/image?path=%2Fopt%2Fcaradvice-media%2Fimages%2Fautos%2F388%2F1767812532791.WhatsApp%20Image%202026-01-07%20at%2013.51.45%20(4).jpeg,https://api-caradvice.duckdns.org/api/image?path=%2Fopt%2Fcaradvice-media%2Fimages%2Fautos%2F388%2F1767812532830.WhatsApp%20Image%202026-01-07%20at%2013.51.44%20(1).jpeg,https://api-caradvice.duckdns.org/api/image?path=%2Fopt%2Fcaradvice-media%2Fimages%2Fautos%2F388%2F1767812532904.WhatsApp%20Image%202026-01-07%20at%2013.51.44%20(2).jpeg,https://api-caradvice.duckdns.org/api/image?path=%2Fopt%2Fcaradvice-media%2Fimages%2Fautos%2F388%2F1767812532935.WhatsApp%20Image%202026-01-07%20at%2013.51.44%20(3).jpeg,https://api-caradvice.duckdns.org/api/image?path=%2Fopt%2Fcaradvice-media%2Fimages%2Fautos%2F388%2F1767812533023.WhatsApp%20Image%202026-01-07%20at%2013.51.44%20(6).jpeg,https://api-caradvice.duckdns.org/api/image?path=%2Fopt%2Fcaradvice-media%2Fimages%2Fautos%2F388%2F1767812533088.WhatsApp%20Image%202026-01-07%20at%2013.51.44%20(9).jpeg,https://api-caradvice.duckdns.org/api/image?path=%2Fopt%2Fcaradvice-media%2Fimages%2Fautos%2F388%2F1767812533102.WhatsApp%20Image%202026-01-07%20at%2013.51.44%20(7).jpeg",RENAULT,CAPTUR,2017,96000,KM,GASOLINE,MANUAL,SUV,Octavio Pinto 3024,Cordoba,Cordoba,5000,AR,-31.4167,-64.1833
389,FORD RANGER 3.2 TDI 4X4 DC LIMITED AT L19,FORD RANGER 3.2 TDI 4X4 DC LIMITED AT L19,AVAILABLE,USED,OTHER,46000000 ARS,https://caradvice.com.ar/autos/389,https://api-caradvice.duckdns.org/api/image?path=%2Fopt%2Fcaradvice-media%2Fimages%2Fautos%2F389%2F1767991028366.WhatsApp%20Image%202026-01-09%20at%2015.23.57%20(1).jpeg,"https://api-caradvice.duckdns.org/api/image?path=%2Fopt%2Fcaradvice-media%2Fimages%2Fautos%2F389%2F1767991028710.WhatsApp%20Image%202026-01-09%20at%2015.24.01.jpeg,https://api-caradvice.duckdns.org/api/image?path=%2Fopt%2Fcaradvice-media%2Fimages%2Fautos%2F389%2F1767991029083.WhatsApp%20Image%202026-01-09%20at%2015.23.57.jpeg,https://api-caradvice.duckdns.org/api/image?path=%2Fopt%2Fcaradvice-media%2Fimages%2Fautos%2F389%2F1767991029330.WhatsApp%20Image%202026-01-09%20at%2015.24.00.jpeg,https://api-caradvice.duckdns.org/api/image?path=%2Fopt%2Fcaradvice-media%2Fimages%2Fautos%2F389%2F1767991029640.WhatsApp%20Image%202026-01-09%20at%2015.23.58.jpeg,https://api-caradvice.duckdns.org/api/image?path=%2Fopt%2Fcaradvice-media%2Fimages%2Fautos%2F389%2F1767991029944.WhatsApp%20Image%202026-01-09%20at%2015.24.01%20(1).jpeg,https://api-caradvice.duckdns.org/api/image?path=%2Fopt%2Fcaradvice-media%2Fimages%2Fautos%2F389%2F1767991030587.WhatsApp%20Image%202026-01-09%20at%2015.24.02%20(1).jpeg,https://api-caradvice.duckdns.org/api/image?path=%2Fopt%2Fcaradvice-media%2Fimages%2Fautos%2F389%2F1767991031734.WhatsApp%20Image%202026-01-09%20at%2015.24.02%20(2).jpeg,https://api-caradvice.duckdns.org/api/image?path=%2Fopt%2Fcaradvice-media%2Fimages%2Fautos%2F389%2F1767991032159.WhatsApp%20Image%202026-01-09%20at%2015.24.03%20(2).jpeg,https://api-caradvice.duckdns.org/api/image?path=%2Fopt%2Fcaradvice-media%2Fimages%2Fautos%2F389%2F1767991032529.WhatsApp%20Image%202026-01-09%20at%2015.24.04%20(1).jpeg,https://api-caradvice.duckdns.org/api/image?path=%2Fopt%2Fcaradvice-media%2Fimages%2Fautos%2F389%2F1767991032768.WhatsApp%20Image%202026-01-09%20at%2015.24.04.jpeg",FORD,RANGER,2022,110000,KM,DIESEL,AUTOMATIC,PICKUP,Octavio Pinto 3024,Cordoba,Cordoba,5000,AR,-31.4167,-64.1833
390,AUDI A3 1.4 T SPORTBACK L10,AUDI A3 1.4 T SPORTBACK L10,AVAILABLE,USED,OTHER,24500000 ARS,https://caradvice.com.ar/autos/390,https://api-caradvice.duckdns.org/api/image?path=%2Fopt%2Fcaradvice-media%2Fimages%2Fautos%2F390%2F1767992572967.WhatsApp%20Image%202026-01-09%20at%2017.31.14%20(3).jpeg,"https://api-caradvice.duckdns.org/api/image?path=%2Fopt%2Fcaradvice-media%2Fimages%2Fautos%2F390%2F1767992573007.WhatsApp%20Image%202026-01-09%20at%2017.31.13.jpeg,https://api-caradvice.duckdns.org/api/image?path=%2Fopt%2Fcaradvice-media%2Fimages%2Fautos%2F390%2F1767992573030.WhatsApp%20Image%202026-01-09%20at%2017.31.14%20(2).jpeg,https://api-caradvice.duckdns.org/api/image?path=%2Fopt%2Fcaradvice-media%2Fimages%2Fautos%2F390%2F1767992573060.WhatsApp%20Image%202026-01-09%20at%2017.31.11.jpeg,https://api-caradvice.duckdns.org/api/image?path=%2Fopt%2Fcaradvice-media%2Fimages%2Fautos%2F390%2F1767992573087.WhatsApp%20Image%202026-01-09%20at%2017.31.14%20(4).jpeg,https://api-caradvice.duckdns.org/api/image?path=%2Fopt%2Fcaradvice-media%2Fimages%2Fautos%2F390%2F1767992573090.WhatsApp%20Image%202026-01-09%20at%2017.31.13%20(1).jpeg,https://api-caradvice.duckdns.org/api/image?path=%2Fopt%2Fcaradvice-media%2Fimages%2Fautos%2F390%2F1767992573099.WhatsApp%20Image%202026-01-09%20at%2017.31.13%20(5).jpeg,https://api-caradvice.duckdns.org/api/image?path=%2Fopt%2Fcaradvice-media%2Fimages%2Fautos%2F390%2F1767992573113.WhatsApp%20Image%202026-01-09%20at%2017.31.13%20(3).jpeg,https://api-caradvice.duckdns.org/api/image?path=%2Fopt%2Fcaradvice-media%2Fimages%2Fautos%2F390%2F1767992573151.WhatsApp%20Image%202026-01-09%20at%2017.31.13%20(4).jpeg,https://api-caradvice.duckdns.org/api/image?path=%2Fopt%2Fcaradvice-media%2Fimages%2Fautos%2F390%2F1767992573223.WhatsApp%20Image%202026-01-09%20at%2017.31.13%20(2).jpeg,https://api-caradvice.duckdns.org/api/image?path=%2Fopt%2Fcaradvice-media%2Fimages%2Fautos%2F390%2F1767992573243.WhatsApp%20Image%202026-01-09%20at%2017.31.13%20(8).jpeg",AUDI,A3,2012,167000,KM,GASOLINE,MANUAL,HATCHBACK,Octavio Pinto 3024,Cordoba,Cordoba,5000,AR,-31.4167,-64.1833
391,VOLKSWAGEN AMAROK 2.0 TD 180HP 4X2 DC HIGHLINE PACK AT,VOLKSWAGEN AMAROK 2.0 TD 180HP 4X2 DC HIGHLINE PACK AT,AVAILABLE,USED,OTHER,30000000 ARS,https://caradvice.com.ar/autos/391,https://api-caradvice.duckdns.org/api/image?path=%2Fopt%2Fcaradvice-media%2Fimages%2Fautos%2F391%2F1767993640750.WhatsApp%20Image%202026-01-09%20at%2018.08.14%20(2).jpeg,"https://api-caradvice.duckdns.org/api/image?path=%2Fopt%2Fcaradvice-media%2Fimages%2Fautos%2F391%2F1767993640775.WhatsApp%20Image%202026-01-09%20at%2018.08.12.jpeg,https://api-caradvice.duckdns.org/api/image?path=%2Fopt%2Fcaradvice-media%2Fimages%2Fautos%2F391%2F1767993640901.WhatsApp%20Image%202026-01-09%20at%2018.08.14%20(1).jpeg,https://api-caradvice.duckdns.org/api/image?path=%2Fopt%2Fcaradvice-media%2Fimages%2Fautos%2F391%2F1767993640979.WhatsApp%20Image%202026-01-09%20at%2018.08.11.jpeg,https://api-caradvice.duckdns.org/api/image?path=%2Fopt%2Fcaradvice-media%2Fimages%2Fautos%2F391%2F1767993641076.WhatsApp%20Image%202026-01-09%20at%2018.08.14%20(3).jpeg,https://api-caradvice.duckdns.org/api/image?path=%2Fopt%2Fcaradvice-media%2Fimages%2Fautos%2F391%2F1767993641160.WhatsApp%20Image%202026-01-09%20at%2018.08.13.jpeg,https://api-caradvice.duckdns.org/api/image?path=%2Fopt%2Fcaradvice-media%2Fimages%2Fautos%2F391%2F1767993641224.WhatsApp%20Image%202026-01-09%20at%2018.08.12%20(1).jpeg,https://api-caradvice.duckdns.org/api/image?path=%2Fopt%2Fcaradvice-media%2Fimages%2Fautos%2F391%2F1767993641247.WhatsApp%20Image%202026-01-09%20at%2018.08.11%20(1).jpeg,https://api-caradvice.duckdns.org/api/image?path=%2Fopt%2Fcaradvice-media%2Fimages%2Fautos%2F391%2F1767993641307.WhatsApp%20Image%202026-01-09%20at%2018.08.13%20(2).jpeg,https://api-caradvice.duckdns.org/api/image?path=%2Fopt%2Fcaradvice-media%2Fimages%2Fautos%2F391%2F1767993641325.WhatsApp%20Image%202026-01-09%20at%2018.08.13%20(4).jpeg,https://api-caradvice.duckdns.org/api/image?path=%2Fopt%2Fcaradvice-media%2Fimages%2Fautos%2F391%2F1767993641383.WhatsApp%20Image%202026-01-09%20at%2018.08.13%20(5).jpeg",VOLKSWAGEN,AMAROK,2015,153000,KM,DIESEL,AUTOMATIC,PICKUP,Octavio Pinto 3024,Cordoba,Cordoba,5000,AR,-31.4167,-64.1833
392,CHEVROLET TRACKER 1.8 4X2 LTZ L13,CHEVROLET TRACKER 1.8 4X2 LTZ L13,AVAILABLE,USED,OTHER,17500000 ARS,https://caradvice.com.ar/autos/392,https://api-caradvice.duckdns.org/api/image?path=%2Fopt%2Fcaradvice-media%2Fimages%2Fautos%2F392%2F1767990755285.WhatsApp%20Image%202026-01-09%20at%2014.07.55.jpeg,"https://api-caradvice.duckdns.org/api/image?path=%2Fopt%2Fcaradvice-media%2Fimages%2Fautos%2F392%2F1767990755380.WhatsApp%20Image%202026-01-09%20at%2014.07.56%20(1).jpeg,https://api-caradvice.duckdns.org/api/image?path=%2Fopt%2Fcaradvice-media%2Fimages%2Fautos%2F392%2F1767990755389.WhatsApp%20Image%202026-01-09%20at%2014.07.54.jpeg,https://api-caradvice.duckdns.org/api/image?path=%2Fopt%2Fcaradvice-media%2Fimages%2Fautos%2F392%2F1767990755412.WhatsApp%20Image%202026-01-09%20at%2014.07.56.jpeg,https://api-caradvice.duckdns.org/api/image?path=%2Fopt%2Fcaradvice-media%2Fimages%2Fautos%2F392%2F1767990755463.WhatsApp%20Image%202026-01-09%20at%2014.07.55%20(1).jpeg,https://api-caradvice.duckdns.org/api/image?path=%2Fopt%2Fcaradvice-media%2Fimages%2Fautos%2F392%2F1767990755580.WhatsApp%20Image%202026-01-09%20at%2014.07.56%20(2).jpeg,https://api-caradvice.duckdns.org/api/image?path=%2Fopt%2Fcaradvice-media%2Fimages%2Fautos%2F392%2F1767990755701.WhatsApp%20Image%202026-01-09%20at%2014.07.59%20(1).jpeg,https://api-caradvice.duckdns.org/api/image?path=%2Fopt%2Fcaradvice-media%2Fimages%2Fautos%2F392%2F1767990755783.WhatsApp%20Image%202026-01-09%20at%2014.07.58.jpeg,https://api-caradvice.duckdns.org/api/image?path=%2Fopt%2Fcaradvice-media%2Fimages%2Fautos%2F392%2F1767990755839.WhatsApp%20Image%202026-01-09%20at%2014.08.02.jpeg,https://api-caradvice.duckdns.org/api/image?path=%2Fopt%2Fcaradvice-media%2Fimages%2Fautos%2F392%2F1767990755936.WhatsApp%20Image%202026-01-09%20at%2014.08.02%20(1).jpeg,https://api-caradvice.duckdns.org/api/image?path=%2Fopt%2Fcaradvice-media%2Fimages%2Fautos%2F392%2F1767990756059.WhatsApp%20Image%202026-01-09%20at%2014.08.01.jpeg",CHEVROLET,TRACKER,2015,136800,KM,GASOLINE,MANUAL,SUV,Octavio Pinto 3024,Cordoba,Cordoba,5000,AR,-31.4167,-64.1833
393,FIAT CRONOS 1.3 GSE PRECISION CVT L23,FIAT CRONOS 1.3 GSE PRECISION CVT L23,AVAILABLE,USED,OTHER,26900000 ARS,https://caradvice.com.ar/autos/393,https://api-caradvice.duckdns.org/api/image?path=%2Fopt%2Fcaradvice-media%2Fimages%2Fautos%2F393%2F1766760037089.WhatsApp%20Image%202025-12-24%20at%2010.50.05.jpeg,"https://api-caradvice.duckdns.org/api/image?path=%2Fopt%2Fcaradvice-media%2Fimages%2Fautos%2F393%2F1766760037210.WhatsApp%20Image%202025-12-24%20at%2010.50.11%20(1).jpeg,https://api-caradvice.duckdns.org/api/image?path=%2Fopt%2Fcaradvice-media%2Fimages%2Fautos%2F393%2F1766760037213.WhatsApp%20Image%202025-12-24%20at%2010.50.04.jpeg,https://api-caradvice.duckdns.org/api/image?path=%2Fopt%2Fcaradvice-media%2Fimages%2Fautos%2F393%2F1766760037216.WhatsApp%20Image%202025-12-24%20at%2010.50.05%20(2).jpeg,https://api-caradvice.duckdns.org/api/image?path=%2Fopt%2Fcaradvice-media%2Fimages%2Fautos%2F393%2F1766760037218.WhatsApp%20Image%202025-12-24%20at%2010.50.04%20(1).jpeg,https://api-caradvice.duckdns.org/api/image?path=%2Fopt%2Fcaradvice-media%2Fimages%2Fautos%2F393%2F1766760037275.WhatsApp%20Image%202025-12-24%20at%2010.50.05%20(1).jpeg,https://api-caradvice.duckdns.org/api/image?path=%2Fopt%2Fcaradvice-media%2Fimages%2Fautos%2F393%2F1766760037456.WhatsApp%20Image%202025-12-24%20at%2010.50.06%20(1).jpeg,https://api-caradvice.duckdns.org/api/image?path=%2Fopt%2Fcaradvice-media%2Fimages%2Fautos%2F393%2F1766760037539.WhatsApp%20Image%202025-12-24%20at%2010.50.08%20(1).jpeg,https://api-caradvice.duckdns.org/api/image?path=%2Fopt%2Fcaradvice-media%2Fimages%2Fautos%2F393%2F1766760037616.WhatsApp%20Image%202025-12-24%20at%2010.50.09%20(1).jpeg,https://api-caradvice.duckdns.org/api/image?path=%2Fopt%2Fcaradvice-media%2Fimages%2Fautos%2F393%2F1766760037706.WhatsApp%20Image%202025-12-24%20at%2010.50.07.jpeg,https://api-caradvice.duckdns.org/api/image?path=%2Fopt%2Fcaradvice-media%2Fimages%2Fautos%2F393%2F1766760037824.WhatsApp%20Image%202025-12-24%20at%2010.50.09.jpeg",FIAT,CRONOS,2024,11000,KM,GASOLINE,AUTOMATIC,SEDAN,Octavio Pinto 3024,Cordoba,Cordoba,5000,AR,-31.4167,-64.1833
394,FIAT 500 1.4 ABARTH TURISMO 595 L14,FIAT 500 1.4 ABARTH TURISMO 595 L14,AVAILABLE,USED,OTHER,26800 USD,https://caradvice.com.ar/autos/394,https://api-caradvice.duckdns.org/api/image?path=%2Fopt%2Fcaradvice-media%2Fimages%2Fautos%2F394%2F1768248763757.WhatsApp%20Image%202026-01-12%20at%2013.20.39.jpeg,"https://api-caradvice.duckdns.org/api/image?path=%2Fopt%2Fcaradvice-media%2Fimages%2Fautos%2F394%2F1768248763981.WhatsApp%20Image%202026-01-12%20at%2013.20.41.jpeg,https://api-caradvice.duckdns.org/api/image?path=%2Fopt%2Fcaradvice-media%2Fimages%2Fautos%2F394%2F1768248764109.WhatsApp%20Image%202026-01-12%20at%2013.20.40%20(1).jpeg,https://api-caradvice.duckdns.org/api/image?path=%2Fopt%2Fcaradvice-media%2Fimages%2Fautos%2F394%2F1768248764209.WhatsApp%20Image%202026-01-12%20at%2013.20.40%20(2).jpeg,https://api-caradvice.duckdns.org/api/image?path=%2Fopt%2Fcaradvice-media%2Fimages%2Fautos%2F394%2F1768248764366.WhatsApp%20Image%202026-01-12%20at%2013.20.40.jpeg,https://api-caradvice.duckdns.org/api/image?path=%2Fopt%2Fcaradvice-media%2Fimages%2Fautos%2F394%2F1768248769437.WhatsApp%20Image%202026-01-12%20at%2013.20.41%20(1).jpeg,https://api-caradvice.duckdns.org/api/image?path=%2Fopt%2Fcaradvice-media%2Fimages%2Fautos%2F394%2F1768248771665.WhatsApp%20Image%202026-01-12%20at%2013.20.41%20(2).jpeg,https://api-caradvice.duckdns.org/api/image?path=%2Fopt%2Fcaradvice-media%2Fimages%2Fautos%2F394%2F1768248772054.WhatsApp%20Image%202026-01-12%20at%2013.20.42%20(1).jpeg,https://api-caradvice.duckdns.org/api/image?path=%2Fopt%2Fcaradvice-media%2Fimages%2Fautos%2F394%2F1768248772189.WhatsApp%20Image%202026-01-12%20at%2013.20.42%20(2).jpeg,https://api-caradvice.duckdns.org/api/image?path=%2Fopt%2Fcaradvice-media%2Fimages%2Fautos%2F394%2F1768248772235.WhatsApp%20Image%202026-01-12%20at%2013.20.43%20(2).jpeg,https://api-caradvice.duckdns.org/api/image?path=%2Fopt%2Fcaradvice-media%2Fimages%2Fautos%2F394%2F1768248772323.WhatsApp%20Image%202026-01-12%20at%2013.20.42.jpeg",FIAT,500,2019,43600,KM,GASOLINE,MANUAL,SPORTSCAR,Octavio Pinto 3024,Cordoba,Cordoba,5000,AR,-31.4167,-64.1833
